season,team,ranker,age,wins,losses,wins_pyth,losses_pyth,mov,sos,srs,off_rtg,def_rtg,net_rtg,pace,fta_per_fga_pct,fg3a_per_fga_pct,ts_pct,DUMMY,efg_pct,tov_pct,orb_pct,ft_rate,opp_efg_pct,opp_tov_pct,drb_pct,opp_ft_rate,arena_name,attendance,attendance_per_g,made_playoffs,g,mp,fg,fga,fg_pct,fg3,fg3a,fg3_pct,fg2,fg2a,fg2_pct,ft,fta,ft_pct,orb,drb,trb,ast,stl,blk,tov,pf,pts,opp_ranker,opp_g,opp_mp,opp_opp_fg,opp_opp_fga,opp_opp_fg_pct,opp_opp_fg3,opp_opp_fg3a,opp_opp_fg3_pct,opp_opp_fg2,opp_opp_fg2a,opp_opp_fg2_pct,opp_opp_ft,opp_opp_fta,opp_opp_ft_pct,opp_opp_orb,opp_opp_drb,opp_opp_trb,opp_opp_ast,opp_opp_stl,opp_opp_blk,opp_opp_tov,opp_opp_pf,opp_opp_pts
2000,Los Angeles Lakers,1,29.2,67,15,64,18,8.55,-0.14,8.41,107.3,98.2,9.1,93.3,0.346,0.15300000000000002,0.525,NA,0.48400000000000004,12.7,30.6,0.24100000000000002,0.443,13.4,73.1,0.222,,771420,18815,TRUE,82,19805,40.7,88.7,0.459,4.5,13.6,0.329,36.3,75.2,0.48200000000000004,21.4,30.7,0.696,14.5,35.5,50,24.9,8,6.9,14.8,23.9,107.3,1,82,19805,36.8,88.6,0.41600000000000004,4.8,14.8,0.326,32,73.8,0.43400000000000005,19.7,26.5,0.742,13.1,32.9,45.9,20.7,8.1,4.5,15.5,27.3,98.2
2000,Portland Trail Blazers,2,29.6,59,23,59,23,6.4,-0.04,6.359999999999999,107.9,100.8,7.1,89.9,0.316,0.17500000000000002,0.546,NA,0.501,14.5,30.3,0.24000000000000002,0.461,13.8,72.4,0.21700000000000003,,835078,20368,TRUE,82,19780,40.8,86.8,0.47000000000000003,5.5,15.2,0.361,35.3,71.6,0.493,20.8,27.4,0.76,13,34.6,47.6,26,8.5,5.3,16.8,25.2,107.9,5,82,19780,38.1,88.5,0.43100000000000005,5.3,16.1,0.32999999999999996,32.8,72.4,0.453,19.2,26.8,0.716,13.2,30,43.2,23,8.8,4.7,16,25.3,100.8
2000,San Antonio Spurs,3,30.9,53,29,58,24,5.94,-0.02,5.92,105,98.6,6.4,90.8,0.346,0.138,0.535,NA,0.48800000000000004,14.3,27.8,0.258,0.451,13.5,73,0.188,,884450,21694,TRUE,82,19855,39.3,85.2,0.462,4.4,11.7,0.374,34.9,73.4,0.47600000000000003,22,29.5,0.746,12.3,35.5,47.9,24.2,8.2,7.3,16.4,22.9,105,2,82,19855,38.4,90.3,0.42500000000000004,4.7,13.8,0.34299999999999997,33.7,76.5,0.44,17,23,0.739,13.1,32.1,45.2,22.2,8.6,5.7,15.7,25.2,98.6
2000,Phoenix Suns,4,28.6,53,29,56,26,5.22,0.02,5.24,104.6,99,5.6,94,0.28600000000000003,0.184,0.532,NA,0.491,15.2,29.3,0.21700000000000003,0.454,15.7,70.5,0.24500000000000002,,773115,18856,TRUE,82,19805,39.9,87.3,0.457,5.9,16.1,0.368,34,71.2,0.47700000000000004,18.9,24.9,0.759,13.2,33,46.1,27,9.6,5.6,17.6,25.4,104.6,3,82,19805,36.4,85.9,0.42400000000000004,5.2,14.8,0.352,31.2,71.1,0.43900000000000006,21,28.4,0.739,13.8,31.8,45.6,21.9,9.4,5.5,18.3,23.1,99
2000,Utah Jazz,5,31.5,55,27,54,28,4.46,0.05,4.52,107.3,102.3,5,89.6,0.33699999999999997,0.134,0.54,NA,0.49,14.3,29.5,0.26,0.47700000000000004,15,73.2,0.256,,801268,19543,TRUE,82,19755,40.1,86.5,0.464,4.5,11.6,0.385,35.7,74.9,0.47600000000000003,22.5,29.1,0.773,12.7,32.9,45.6,27.7,8.5,6,16.5,27.3,107.3,11,82,19755,37.7,84.6,0.446,5.3,14.9,0.354,32.4,69.7,0.465,21.7,29,0.746,12,30.3,42.3,22,8,5.6,17.2,27.4,102.3
2000,Indiana Pacers,6,30.4,56,26,54,28,4.6,-0.45,4.1499999999999995,108.5,103.6,4.9,93.1,0.302,0.224,0.552,NA,0.503,13.3,24.9,0.24500000000000002,0.46900000000000003,12.6,71.5,0.197,,752145,18345,TRUE,82,19730,39.8,86.8,0.459,7.6,19.4,0.392,32.2,67.3,0.47800000000000004,21.3,26.2,0.811,11,34.1,45.1,24.3,7.3,5.5,15.1,23.3,108.5,13,82,19730,40.7,91.2,0.446,4.3,13.1,0.327,36.4,78.1,0.466,18,23.8,0.755,13.6,33.3,46.9,22.7,8,4.2,14.7,25,103.6
2000,Miami Heat,7,29.2,52,30,50,32,3.11,-0.36,2.75,104.5,101,3.5,89.7,0.28300000000000003,0.186,0.533,NA,0.495,14.5,28.2,0.20800000000000002,0.453,13.3,72.9,0.229,,706725,18374,TRUE,82,19830,40.1,87.2,0.46,6,16.2,0.371,34.1,71,0.48100000000000004,18.2,24.7,0.736,12.4,35.3,47.8,26.1,7.9,7.1,16.6,26.3,104.5,7,82,19830,37.5,89,0.42200000000000004,5.5,15.3,0.361,32,73.8,0.43400000000000005,20.4,27.3,0.748,13.1,31.6,44.7,21.4,8.4,4.9,15.5,24.2,101
2000,Sacramento Kings,8,27.5,44,38,49,33,2.9099999999999997,0.12000000000000001,3.04,105,102.1,2.9,99.3,0.277,0.227,0.526,NA,0.48600000000000004,13.9,27.7,0.20900000000000002,0.47900000000000004,15.1,69.7,0.198,,720033,17185,TRUE,82,19805,40,89,0.45,6.5,20.2,0.322,33.5,68.7,0.48700000000000004,18.6,24.6,0.754,12.9,32.2,45,23.8,9.6,4.7,16.2,21.1,105,10,82,19805,39.9,88.4,0.452,4.8,13.7,0.353,35.1,74.6,0.47000000000000003,17.5,23.3,0.751,14,33.7,47.6,23.8,9.2,4.9,17.5,23.7,102.1
2000,Charlotte Hornets,9,28.7,49,33,49,33,2.67,-0.33999999999999997,2.3299999999999996,104.3,101.4,2.9,93.9,0.376,0.15300000000000002,0.53,NA,0.47500000000000003,13.7,25.7,0.28500000000000003,0.47800000000000004,14.6,73.2,0.198,,732827,17874,TRUE,82,19780,37.9,84.4,0.449,4.4,12.9,0.33899999999999997,33.5,71.5,0.46900000000000003,24.1,31.8,0.758,11.4,34,45.5,26.1,9.5,6.2,15.6,21.6,104.3,8,82,19780,39.4,88,0.448,5.3,14,0.378,34.1,74,0.461,17.4,23.3,0.745,12.5,32.9,45.4,24.6,7.8,5.4,16.8,26.8,101.4
2000,Minnesota Timberwolves,10,26.6,50,32,48,34,2.52,0.14,2.67,106.1,103.4,2.7,91.8,0.256,0.10400000000000001,0.525,NA,0.48500000000000004,12.9,29.4,0.2,0.47400000000000003,14,73,0.25,,690012,16400,TRUE,82,19905,42.4,90.8,0.467,3.3,9.4,0.346,39.1,81.4,0.48100000000000004,18.1,23.2,0.7799999999999999,13.3,32.5,45.8,29,8.2,5.8,15,25.1,106.1,12,82,19905,38.4,86.4,0.445,5,14,0.356,33.4,72.4,0.462,21.6,28.7,0.752,12,32.1,44.1,22.8,7.8,4.5,16.2,22.1,103.4
2000,New York Knicks,11,29.5,50,32,46,36,1.46,-0.16,1.3,102.5,100.9,1.6,89.2,0.28300000000000003,0.14700000000000002,0.527,NA,0.48200000000000004,14.4,24.7,0.221,0.455,13.6,73.1,0.251,,810103,19763,TRUE,82,19830,39.3,86.5,0.455,4.8,12.7,0.375,34.6,73.8,0.468,19.1,24.5,0.7809999999999999,10.9,34.2,45.1,21.6,7,4.7,16.3,26.9,102.5,6,82,19830,36.8,86.8,0.42400000000000004,5.5,16.2,0.33799999999999997,31.3,70.6,0.444,21.8,29.2,0.747,12.6,33.1,45.7,21.8,8.2,4.8,15.8,24.4,100.9
2000,Detroit Pistons,12,28.3,42,40,45,37,1.44,-0.31,1.1300000000000001,107.3,105.8,1.5,95.7,0.378,0.184,0.548,NA,0.492,14.3,26.8,0.29500000000000004,0.499,15.4,71.6,0.24900000000000003,,678470,16548,TRUE,82,19830,38.5,83.9,0.459,5.6,15.5,0.359,33,68.5,0.48100000000000004,24.7,31.7,0.7809999999999999,11.6,31.1,42.7,21.6,8.4,3.5,16.3,25.4,107.3,20,82,19830,39.5,84.8,0.465,5.8,15.6,0.371,33.7,69.2,0.48600000000000004,21.1,28.3,0.746,12.3,31.7,44,24,8.2,5,17.7,28.1,105.8
2000,Philadelphia 76ers,13,27.1,49,33,45,37,1.34,-0.32,1.02,101.5,100,1.5,92.7,0.329,0.095,0.501,NA,0.457,14.2,31.4,0.233,0.466,16.2,69.9,0.229,,756956,18462,TRUE,82,19830,39.1,88.5,0.442,2.7,8.4,0.323,36.4,80.1,0.454,20.6,29.1,0.708,15,32.2,47.2,23.7,10.3,5,16.8,25.3,101.5,4,82,19830,37.4,86.1,0.43500000000000005,5.4,15.3,0.356,32,70.8,0.452,19.7,26.1,0.755,13.9,32.7,46.6,23.9,8.2,6.9,18.9,25.8,100
2000,Seattle SuperSonics,14,28.5,45,37,44,38,0.9500000000000001,0.22,1.1700000000000002,105.6,104.6,1,93.4,0.28200000000000003,0.232,0.52,NA,0.48700000000000004,12.9,28.5,0.196,0.48300000000000004,14,69.6,0.193,,615730,15018,TRUE,82,19780,40.4,90.3,0.447,7.1,20.9,0.33899999999999997,33.3,69.3,0.48000000000000004,17.7,25.5,0.695,13.5,32.3,45.8,24.4,8.5,4.5,15,23.1,105.6,15,82,19780,40.7,90.2,0.451,5.7,16.8,0.33999999999999997,35,73.4,0.47700000000000004,17.5,23.3,0.748,14.1,33.9,48,25.2,7.7,5.6,16.3,23.9,104.6
2000,Orlando Magic,15,26.3,41,41,43,39,0.6799999999999999,-0.26,0.43000000000000005,102.4,101.7,0.7,97.3,0.305,0.12400000000000001,0.516,NA,0.47300000000000003,15.4,31.6,0.224,0.47600000000000003,15.9,69.9,0.226,,576409,14059,FALSE,82,19755,39.6,87.6,0.452,3.7,10.9,0.33799999999999997,35.9,76.7,0.468,19.6,26.7,0.735,14.3,31.7,46,21.3,9.3,5.8,18,24.6,102.4,9,82,19755,38.4,86.4,0.445,5.4,15.9,0.33799999999999997,33,70.4,0.46900000000000003,19.6,26.3,0.745,13.7,30.9,44.5,24.9,9,5.9,18.6,25.1,101.7
2000,Milwaukee Bucks,16,28.2,42,40,42,40,0.22,-0.28,-0.06,108.2,107.9,0.3,92.7,0.29000000000000004,0.15700000000000003,0.539,NA,0.494,13.8,30,0.228,0.496,14.6,69.6,0.254,,628605,15332,TRUE,82,19855,41.4,89,0.465,5.1,13.9,0.369,36.2,75,0.48300000000000004,20.3,25.8,0.7859999999999999,13.2,30.9,44.2,24.1,8.7,5,16,26.3,108.2,25,82,19855,39.5,86.6,0.457,6.9,17.7,0.391,32.6,68.9,0.47300000000000003,22,29.2,0.752,13.5,30.9,44.4,25.9,8.3,4.4,17,24.4,107.9
2000,Toronto Raptors,17,29.3,45,37,41,41,-0.16,-0.3,-0.46,104.7,104.9,-0.2,92.5,0.3,0.17,0.511,NA,0.464,12.7,30.1,0.23,0.48000000000000004,14.2,71.8,0.24700000000000003,,756496,18451,TRUE,82,19755,39.2,90.4,0.43300000000000005,5.6,15.4,0.363,33.6,75,0.447,20.8,27.2,0.765,14.4,32.2,46.6,25.6,8.8,7.1,14.9,26.1,104.7,17,82,19755,39.4,86.9,0.454,4.5,13.4,0.33899999999999997,34.9,73.5,0.47500000000000003,21.4,28.1,0.764,12.6,33.5,46.2,23.5,7.3,5.7,16.4,24.6,104.9
2000,Dallas Mavericks,18,26.3,40,42,39,43,-0.5700000000000001,0.29000000000000004,-0.29000000000000004,106.6,107.2,-0.6,94.9,0.24800000000000003,0.188,0.532,NA,0.49,12.6,25.5,0.2,0.48800000000000004,14.2,66.1,0.21000000000000002,,606177,14785,FALSE,82,19730,40.9,90.3,0.453,6.7,17,0.391,34.3,73.3,0.468,18,22.4,0.804,11.9,31.3,43.3,23.2,7.6,5.3,14.4,22.7,106.6,24,82,19730,41.3,90.4,0.457,5.5,15.9,0.345,35.8,74.4,0.48100000000000004,19,25.7,0.74,16,34.8,50.9,24.4,7.7,5.3,16.9,23.2,107.2
2000,Boston Celtics,19,25.4,35,47,39,43,-0.76,-0.24000000000000002,-1,104.8,105.6,-0.8,94.6,0.316,0.183,0.52,NA,0.47400000000000003,13.8,30.4,0.23600000000000002,0.498,15.8,73.8,0.306,,683608,16673,FALSE,82,19730,39.3,88.5,0.444,5.4,16.2,0.33099999999999996,33.9,72.3,0.46900000000000003,20.8,28,0.745,14.2,31.1,45.4,22.4,10.2,3.7,16.2,28.6,104.8,18,82,19730,38.1,81.1,0.47000000000000003,4.6,12.8,0.361,33.4,68.3,0.49,24.8,33,0.753,11,32.6,43.6,23.1,8.2,6.1,17.9,24.8,105.6
2000,Houston Rockets,20,26.3,34,48,39,43,-0.8700000000000001,0.3,-0.5700000000000001,104.8,105.7,-0.9,94.2,0.322,0.24400000000000002,0.536,NA,0.494,15.8,29.1,0.23600000000000002,0.48100000000000004,12.5,71.6,0.201,,624594,15234,FALSE,82,19830,38.6,85.6,0.45,7.5,20.9,0.358,31.1,64.7,0.48000000000000004,20.2,27.6,0.733,13,33.2,46.2,22.8,7.9,5.6,18.3,21.4,104.8,19,82,19830,41.4,90.9,0.456,4.5,12.7,0.354,37,78.2,0.47300000000000003,18.3,23.5,0.779,13.2,31.5,44.7,23.9,9.4,5.6,14.5,23.6,105.7
2000,New Jersey Nets,21,27.3,31,51,38,44,-1.04,-0.15000000000000002,-1.1800000000000002,105.1,106.3,-1.2,92.5,0.29700000000000004,0.2,0.517,NA,0.468,12.6,28.1,0.233,0.491,15.2,67.2,0.223,,643631,15698,FALSE,82,19830,39,90,0.43300000000000005,6.2,18,0.347,32.7,72.1,0.454,20.9,26.7,0.7839999999999999,13.6,30.3,43.9,22.1,9.4,5.1,14.6,25,105.1,22,82,19830,40.9,88.2,0.464,4.8,13.3,0.363,36.1,74.9,0.48100000000000004,19.7,26.3,0.747,14.8,34.8,49.5,24.4,7.4,6.1,17.9,24.5,106.3
2000,Denver Nuggets,22,25.9,35,47,35,47,-2.12,0.36,-1.76,103.5,105.8,-2.3,94.7,0.306,0.202,0.517,NA,0.47600000000000003,14,29.2,0.222,0.47900000000000004,13,71.6,0.23500000000000001,,637698,15554,FALSE,82,19855,39,88.2,0.442,6,17.8,0.33599999999999997,33,70.4,0.46900000000000003,19.5,27,0.724,13.7,33,46.7,24.4,7.1,7.9,16.3,25,103.5,21,82,19855,39.9,88.7,0.45,5.1,14.4,0.354,34.8,74.3,0.46900000000000003,20.8,27.7,0.751,13.1,33.2,46.4,25.6,7.9,5.9,15,24.7,105.8
2000,Washington Wizards,23,28,29,53,32,50,-3.2800000000000002,-0.19,-3.4699999999999998,103.5,107,-3.5,92.7,0.315,0.133,0.521,NA,0.47600000000000003,14.8,30.6,0.234,0.48900000000000005,13.9,71.7,0.273,,616593,15039,FALSE,82,19805,39.3,87.3,0.451,4.4,11.6,0.376,35,75.7,0.462,20.5,27.5,0.743,13.9,31.9,45.8,23.1,7.7,5,17.2,28.1,103.5,23,82,19805,39.3,85.6,0.459,5.1,13.7,0.371,34.2,71.8,0.47600000000000003,23.4,31.4,0.744,12.6,31.6,44.2,23.4,9,6.6,16,25.7,107
2000,Cleveland Cavaliers,24,27.2,32,50,31,51,-3.5,-0.14,-3.64,100.4,104,-3.6,95.7,0.327,0.136,0.516,NA,0.468,15.6,28.1,0.24500000000000002,0.47400000000000003,15.1,71.2,0.275,,603702,14724,FALSE,82,19855,37.6,85.1,0.442,4.3,11.6,0.373,33.3,73.4,0.453,20.9,27.9,0.75,12.8,31.6,44.3,24.5,9,4.6,18,28,100.4,14,82,19855,37.7,85.1,0.443,5.3,15.5,0.34199999999999997,32.4,69.6,0.465,23.4,30.1,0.776,12.8,32.7,45.5,24.5,8.3,6.3,17.5,26,104
2000,Atlanta Hawks,25,27.6,28,54,26,56,-5.38,-0.04,-5.41,102,107.9,-5.9,91.7,0.29200000000000004,0.12000000000000001,0.503,NA,0.46,14.1,31.7,0.21700000000000003,0.48100000000000004,11.3,71,0.196,,600954,14657,FALSE,82,19830,39.6,89.8,0.441,3.4,10.7,0.317,36.2,79.1,0.458,19.5,26.2,0.743,15.1,33.9,49,20.4,6.6,6.1,16.7,22.7,102,26,82,19830,42.4,93.1,0.455,4.9,13.4,0.367,37.4,79.7,0.46900000000000003,18.2,23.7,0.769,13.9,32.6,46.5,24.9,8.6,5.3,13.2,24.1,107.9
2000,Vancouver Grizzlies,26,25.3,22,60,25,57,-5.619999999999999,0.52,-5.1,102.3,108.5,-6.2,91,0.32,0.139,0.524,NA,0.47400000000000003,15.8,30.1,0.24700000000000003,0.502,14.1,70.6,0.231,,569864,13899,FALSE,82,19855,38.4,85.6,0.449,4.3,11.9,0.361,34.1,73.7,0.463,21.2,27.4,0.774,13.4,30.9,44.2,22.6,8.1,4.6,18.4,25,102.3,28,82,19855,41.7,87.9,0.47400000000000003,4.8,14.4,0.33299999999999996,36.9,73.5,0.502,20.3,26.4,0.769,12.9,31,43.9,25.7,9.6,6.9,16.4,25.4,108.5
2000,Golden State Warriors,27,26.9,19,63,20,62,-8.27,0.64,-7.63,99.8,108.4,-8.6,95.4,0.301,0.15000000000000002,0.48400000000000004,NA,0.444,13.9,32.6,0.21000000000000002,0.499,14.6,69.1,0.259,,509171,12419,FALSE,82,19755,38.1,90.9,0.42000000000000004,4.4,13.6,0.323,33.8,77.3,0.43700000000000006,19.1,27.3,0.697,16.6,31,47.6,23.6,9.3,4.5,16.6,26,99.8,27,82,19755,40.3,86.3,0.467,5.4,14.8,0.367,34.9,71.5,0.48800000000000004,22.3,29.6,0.754,13.9,34.3,48.2,25.9,8.8,6.3,17,24,108.4
2000,Chicago Bulls,28,26,17,65,15,67,-9.4,0.17,-9.229999999999999,94.2,104.6,-10.4,89.4,0.33799999999999997,0.167,0.49,NA,0.443,18,29.9,0.24000000000000002,0.48400000000000004,14.5,69.9,0.24000000000000002,,907064,22124,FALSE,82,19805,34.8,83.7,0.41500000000000004,4.6,14,0.329,30.1,69.7,0.43200000000000005,20.1,28.3,0.709,14,31.5,45.5,22.3,8.8,5.2,21.1,25.8,94.2,16,82,19805,39.5,86.7,0.456,4.9,14.2,0.34099999999999997,34.7,72.4,0.47800000000000004,20.8,28,0.741,13.5,32.7,46.3,25.8,11.6,6.2,16.9,26.6,104.6
2000,Los Angeles Clippers,29,24.2,15,67,13,69,-11.52,0.8,-10.729999999999999,97.8,110.1,-12.3,93.9,0.27,0.188,0.499,NA,0.458,14.9,26.1,0.202,0.507,13.1,69.6,0.22,,559714,13652,FALSE,82,19705,37.3,87.6,0.42600000000000005,5.6,16.4,0.33899999999999997,31.7,71.2,0.446,17.7,23.7,0.746,12.4,30.8,43.2,19.2,7.5,6.4,17.2,23.6,97.8,29,82,19705,42.5,89.2,0.47700000000000004,5.4,14,0.387,37.1,75.2,0.494,19.6,26.5,0.741,13.5,35,48.5,25.6,8.1,4.9,15.2,22.4,110.1
2001,San Antonio Spurs,1,29.5,58,24,63,19,7.76,0.16,7.92,106.6,98,8.6,89.6,0.374,0.17500000000000002,0.541,NA,0.496,13.6,27.1,0.267,0.444,12.9,73.7,0.182,,913176,22273,TRUE,82,19830,39,84.6,0.461,6,14.8,0.40700000000000003,33,69.8,0.47200000000000003,22.6,31.6,0.715,12.2,36.6,48.8,24,7.7,7.8,15.5,21,106.6,2,82,19830,38.3,91.5,0.41900000000000004,4.6,14.1,0.329,33.7,77.4,0.43500000000000005,16.7,22.5,0.741,13.1,32.9,45.9,21.8,8.1,5.8,15,26.3,98
2001,Sacramento Kings,2,27.1,55,27,57,25,5.819999999999999,0.25,6.07,105.6,99.6,6,94.4,0.29800000000000004,0.194,0.529,NA,0.48400000000000004,13.4,27.2,0.23,0.46,14.5,70.7,0.181,,709997,17317,TRUE,82,20080,39.7,88.2,0.449,6.1,17.1,0.354,33.6,71.1,0.47200000000000003,20.3,26.3,0.771,12.5,34.2,46.7,23.4,10,5.5,15.5,20.2,105.6,7,82,20080,39.1,90.4,0.43200000000000005,5.1,14.3,0.355,34,76.1,0.447,16.3,21.8,0.749,14.2,33.5,47.7,23,8.4,6,16.9,22.4,99.6
2001,Utah Jazz,3,32,53,29,55,27,4.7,0.31,5,107.6,102.4,5.2,89.8,0.363,0.135,0.546,NA,0.497,15.1,30.2,0.273,0.47300000000000003,15.6,73.2,0.301,,792196,19322,TRUE,82,19780,40,85,0.47100000000000003,4.4,11.5,0.381,35.6,73.5,0.48500000000000004,23.2,30.8,0.752,12.7,32.2,45,28.5,8.9,6.3,17.5,28.5,107.6,12,82,19780,36.1,82.1,0.43900000000000006,5.5,16.1,0.34299999999999997,30.5,66,0.462,24.7,32.3,0.765,11.8,29.5,41.3,21.1,9.4,6.1,17.8,27.1,102.4
2001,Philadelphia 76ers,4,28.2,56,26,54,28,4.28,-0.65,3.64,103.6,98.9,4.7,90.6,0.351,0.12400000000000001,0.518,NA,0.468,14.7,31.2,0.262,0.46,14.5,72.5,0.186,,805692,19651,TRUE,82,19855,38.7,86.6,0.447,3.5,10.7,0.326,35.2,75.8,0.464,22.6,30.4,0.745,14.3,34.7,49,22.6,9.2,5.4,17.2,22.3,103.6,5,82,19855,38.3,89.4,0.42900000000000005,5.7,16.7,0.34199999999999997,32.6,72.7,0.448,16.6,22.1,0.749,13.1,31.6,44.7,23.6,9,6.1,16.8,25.9,98.9
2001,Portland Trail Blazers,5,30.1,50,32,53,29,4.2,0.32999999999999996,4.52,106.5,101.8,4.7,89.1,0.29600000000000004,0.165,0.539,NA,0.497,14.8,30,0.225,0.47000000000000003,14.3,72.4,0.223,,831376,20277,TRUE,82,19780,40.9,87.3,0.468,5,14.4,0.349,35.9,73,0.492,19.7,25.8,0.762,13.1,33.8,46.8,26.7,9.1,5.7,17.1,23.8,106.5,9,82,19780,38.4,87.6,0.43800000000000006,5.5,15,0.368,32.8,72.6,0.452,19.5,26.3,0.744,12.9,30.5,43.3,23.8,8.8,4.4,16.6,23.7,101.8
2001,Dallas Mavericks,6,26.6,53,29,53,29,4.28,0.32,4.609999999999999,107.1,102.6,4.5,93.2,0.29100000000000004,0.202,0.544,NA,0.498,13.1,24.1,0.231,0.467,14.2,70.7,0.24400000000000002,,680238,16591,TRUE,82,19805,40.1,87.3,0.459,6.7,17.6,0.381,33.4,69.7,0.47900000000000004,20.2,25.4,0.7939999999999999,10.8,33.4,44.2,22.6,8,6.4,14.8,24.8,107.1,13,82,19805,38.2,87,0.43900000000000006,5,14.8,0.33399999999999996,33.2,72.2,0.46,21.2,29,0.731,13.9,34.1,48,23.1,8.1,4.9,16.6,24,102.6
2001,Milwaukee Bucks,7,28.2,52,30,52,30,3.88,-0.74,3.14,108.8,104.6,4.2,92.1,0.276,0.21800000000000003,0.542,NA,0.499,12.8,28.1,0.21700000000000003,0.47300000000000003,14.4,71.1,0.253,,683125,16662,TRUE,82,19780,41,89.5,0.458,7.4,19.5,0.379,33.6,70,0.48000000000000004,19.4,24.7,0.7869999999999999,12.8,32.9,45.8,24.3,8.8,5.1,14.8,25.4,108.8,20,82,19780,38.3,87.3,0.43900000000000006,5.8,16.4,0.352,32.6,70.8,0.46,22.1,28.8,0.768,13.4,32.8,46.1,24.8,7.8,4.6,16.8,23.4,104.6
2001,Los Angeles Lakers,8,29.2,56,26,51,31,3.38,0.37,3.74,108.4,104.8,3.6,91.7,0.349,0.191,0.535,NA,0.498,13.3,31.1,0.23800000000000002,0.468,12.2,72.5,0.234,,776336,18935,TRUE,82,19905,40.9,87.9,0.465,5.8,16.8,0.344,35.1,71.1,0.494,20.9,30.7,0.6829999999999999,14.3,33.9,48.2,24.8,7.4,6.4,15.6,24.6,108.4,21,82,19905,39.2,89.6,0.43800000000000006,5.4,15.3,0.354,33.8,74.2,0.455,21,27.8,0.754,12.9,31.6,44.5,21.8,8.1,4.3,14.1,26.3,104.8
2001,New York Knicks,9,29.8,48,34,50,32,2.63,-0.65,1.98,101.2,98.2,3,86.7,0.279,0.18,0.523,NA,0.47600000000000003,14.6,24.2,0.222,0.453,14.7,74.3,0.24000000000000002,,810283,19763,TRUE,82,19905,38.3,86.2,0.444,5.4,15.5,0.351,32.9,70.7,0.465,19.1,24,0.7959999999999999,10.8,35.1,45.9,21.1,7.6,4.8,16.5,25.9,101.2,3,82,19905,35.7,85.7,0.41700000000000004,6.2,17.6,0.352,29.5,68.1,0.43400000000000005,20.6,28,0.733,12.1,33.6,45.8,21.9,8.3,4.7,16.9,24.4,98.2
2001,Miami Heat,10,30.9,50,32,48,34,2.29,-0.5700000000000001,1.73,101.1,98.5,2.6,87.1,0.29900000000000004,0.221,0.515,NA,0.46900000000000003,13.7,24.3,0.227,0.46,15.3,72.7,0.21400000000000002,,678186,16541,TRUE,82,19880,37.4,86.8,0.43000000000000005,6.6,19.2,0.345,30.7,67.6,0.455,19.7,26,0.759,11.3,33.8,45,22.6,8.8,4.2,15.6,23.9,101.1,4,82,19880,37.4,86.8,0.43100000000000005,5,15.1,0.33099999999999996,32.5,71.7,0.452,18.6,25.2,0.737,12.7,35,47.7,19.7,8.3,5.9,17.7,25.3,98.5
2001,Toronto Raptors,11,29.9,47,35,48,34,2.2600000000000002,-0.5700000000000001,1.6900000000000002,105.9,103.4,2.5,90.9,0.28500000000000003,0.167,0.51,NA,0.468,12.1,30.8,0.21300000000000002,0.47600000000000003,13.3,73.2,0.21200000000000002,,793256,19348,TRUE,82,19955,40.3,92.2,0.43700000000000006,5.7,15.4,0.369,34.6,76.8,0.451,19.6,26.2,0.747,14.8,33.4,48.2,26.5,7.9,6.9,14.3,23.1,105.9,14,82,19955,39.8,88.9,0.447,5,13.8,0.363,34.8,75.1,0.463,18.8,25,0.754,12.2,33.2,45.5,22.4,7.4,5.8,15.3,23.7,103.4
2001,Houston Rockets,12,26.7,45,37,48,34,2.29,0.42000000000000004,2.71,106.7,104.2,2.5,90.4,0.321,0.21700000000000003,0.538,NA,0.492,14,27.5,0.24400000000000002,0.47500000000000003,12.6,71.9,0.20600000000000002,,518555,12648,FALSE,82,19830,39.4,86.9,0.453,6.7,18.9,0.357,32.7,68,0.48000000000000004,21.2,27.9,0.758,12.3,33.8,46.1,21.6,7.9,4.8,16.1,22.2,106.7,17,82,19830,40.4,90.1,0.449,4.8,13.6,0.354,35.6,76.6,0.465,18.5,24.9,0.744,13.2,32.4,45.6,23.2,8.1,5.4,14.6,23.7,104.2
2001,Charlotte Hornets,13,28.2,46,36,48,34,2.1,-0.65,1.45,101.8,99.5,2.3,89.4,0.32999999999999996,0.15100000000000002,0.506,NA,0.457,13.7,29.8,0.24600000000000002,0.456,14.1,74.5,0.222,,615424,15010,TRUE,82,19880,37.8,87.8,0.43100000000000005,4.6,13.3,0.346,33.2,74.5,0.446,21.6,29,0.745,13.9,35.2,49.2,25.7,9,6.1,16,23.7,101.8,6,82,19880,37.4,87.8,0.42600000000000005,5.3,14.6,0.36,32.1,73.2,0.43900000000000006,19.5,25.8,0.756,12,32.9,44.9,23.6,8.3,5.1,16.3,23.9,99.5
2001,Phoenix Suns,14,28.6,51,31,48,34,2.21,0.42000000000000004,2.63,100.3,98,2.3,93.1,0.29200000000000004,0.15600000000000003,0.506,NA,0.46,14.1,27.3,0.221,0.46,16.3,73.7,0.252,,737586,17990,TRUE,82,19805,38.3,87.9,0.43600000000000005,4.3,13.7,0.315,34,74.2,0.458,19.4,25.7,0.755,12.6,32.9,45.5,24.8,10.1,5.6,16.3,24.3,100.3,1,82,19805,36.3,83.6,0.43500000000000005,4.3,12.2,0.349,32.1,71.4,0.449,21.1,27.7,0.761,11.7,33.7,45.4,21.5,8.9,5.4,18.6,23.7,98
2001,Minnesota Timberwolves,15,27.4,47,35,45,37,1.35,0.46,1.81,105.2,103.7,1.5,91.8,0.253,0.131,0.523,NA,0.48200000000000004,13,28.6,0.199,0.47800000000000004,14.2,71.9,0.23800000000000002,,717371,17497,TRUE,82,19830,41.5,90.5,0.458,4.2,11.9,0.357,37.2,78.7,0.47300000000000003,18,22.9,0.7849999999999999,13.2,32.6,45.8,27.5,9,6,15,25,105.2,15,82,19830,39.2,86.8,0.452,4.6,13.1,0.351,34.6,73.7,0.47000000000000003,20.7,28.5,0.724,12.7,33,45.8,24.2,7.7,4.7,16.4,21.8,103.7
2001,Orlando Magic,16,26,43,39,44,38,0.99,-0.6,0.39,103.2,102.1,1.1,93.2,0.301,0.196,0.513,NA,0.47400000000000003,13.8,29.1,0.21500000000000002,0.464,15.6,69.8,0.29000000000000004,,605031,14757,TRUE,82,19955,38.9,88.7,0.43800000000000006,6.3,17.4,0.364,32.6,71.4,0.456,19.1,26.7,0.714,13.8,31.6,45.4,23.3,8.7,6.2,16.1,26.7,103.2,10,82,19955,36.5,83.9,0.43500000000000005,4.7,13.7,0.346,31.8,70.2,0.453,24.3,33.1,0.735,13.7,33.7,47.4,23.1,9,5.7,18.2,25.1,102.1
2001,Seattle SuperSonics,17,27.9,44,38,41,41,0.02,0.52,0.55,105.6,105.6,0,91.6,0.29900000000000004,0.17600000000000002,0.53,NA,0.491,14.3,29.1,0.21900000000000003,0.48800000000000004,13.9,69.8,0.199,,640847,15630,FALSE,82,19805,40.1,88,0.456,6.2,15.5,0.399,33.9,72.5,0.468,19.2,26.3,0.732,13.2,32.1,45.3,23.7,8.7,5.4,16.6,22.9,105.6,24,82,19805,40.7,89.8,0.453,6.2,17.9,0.349,34.5,71.9,0.48000000000000004,17.9,24.1,0.742,13.8,32.2,46,25.9,8.6,6.7,16.3,24,105.6
2001,Indiana Pacers,18,27.7,41,41,40,42,-0.2,-0.5700000000000001,-0.77,102,102.2,-0.2,89.4,0.312,0.18,0.519,NA,0.47100000000000003,14.5,27,0.23900000000000002,0.452,12.8,71.4,0.23500000000000001,,731800,17849,TRUE,82,19980,38,86.4,0.44,5.3,15.6,0.34199999999999997,32.7,70.8,0.461,20.7,27,0.766,12.4,34.9,47.2,23.7,7.6,6.5,16.7,25.9,102,11,82,19980,38,89.8,0.42300000000000004,5.1,15.1,0.33599999999999997,32.9,74.7,0.441,21.1,27.9,0.758,14,33.5,47.5,22.8,7.9,5.2,15,25.3,102.2
2001,Detroit Pistons,19,27.1,32,50,36,46,-1.7,-0.39,-2.08,100,101.8,-1.8,94.7,0.325,0.162,0.498,NA,0.453,14.2,29.3,0.234,0.466,14,72.2,0.233,,607323,14813,FALSE,82,19855,37.2,87.8,0.42400000000000004,5,14.2,0.35,32.3,73.6,0.43900000000000006,20.5,28.5,0.721,14.1,33.5,47.6,20.8,7.8,5.7,16.6,24.9,100,8,82,19855,38,87.4,0.43400000000000005,5.5,15.7,0.348,32.5,71.7,0.453,20.4,27.7,0.736,12.9,34.1,47,23.7,8.5,5.1,16.3,26.3,101.8
2001,Boston Celtics,20,25.9,36,46,35,47,-2.13,-0.26,-2.4,101.4,103.7,-2.3,92.6,0.33799999999999997,0.252,0.521,NA,0.47300000000000003,14.7,25.3,0.25,0.493,16,72.7,0.256,,629201,15346,FALSE,82,19830,36.3,84.8,0.42800000000000005,7.7,21.3,0.363,28.5,63.4,0.45,21.2,28.6,0.74,11.7,30.9,42.7,22.3,10.1,4.4,16.8,25.5,101.4,16,82,19830,38.4,83.6,0.459,5.6,15.3,0.368,32.8,68.3,0.48000000000000004,21.4,28.5,0.75,11.6,34.6,46.3,24.6,8.5,5.8,18.3,24.9,103.7
2001,Denver Nuggets,21,27.9,40,42,34,48,-2.46,0.64,-1.83,103.7,106.3,-2.6,92.6,0.28600000000000003,0.21000000000000002,0.511,NA,0.47000000000000003,12.8,28.3,0.21100000000000002,0.47600000000000003,12.1,71.8,0.223,,619300,15105,FALSE,82,19780,39,90.1,0.43300000000000005,6.7,18.9,0.355,32.3,71.2,0.454,19,25.7,0.737,13.7,33.8,47.5,25.8,7.2,7,14.9,23.8,103.7,26,82,19780,40.4,90.5,0.446,5.4,15.3,0.356,34.9,75.3,0.464,20.2,26.8,0.753,13.3,34.6,47.9,26.7,7.7,6.5,14.1,23,106.3
2001,Los Angeles Clippers,22,24.3,31,51,32,50,-2.8899999999999997,0.6599999999999999,-2.23,101.3,104.5,-3.2,89.6,0.319,0.164,0.514,NA,0.47600000000000003,14.9,28.3,0.221,0.466,12,71.1,0.21700000000000003,,601587,14673,FALSE,82,20030,38.7,86.4,0.448,4.8,14.2,0.33899999999999997,33.9,72.2,0.46900000000000003,19.1,27.5,0.693,12.9,34.2,47.1,21.2,6.5,6.9,17.3,23.7,101.3,19,82,20030,40,90.9,0.44,4.7,14.4,0.329,35.3,76.5,0.461,19.7,26.5,0.743,13.9,32.6,46.5,23.9,8.5,5.5,14,24,104.5
2001,Cleveland Cavaliers,23,26.9,30,52,28,54,-4.24,-0.23,-4.48,100.3,104.9,-4.6,91.2,0.312,0.101,0.509,NA,0.459,15.4,29.7,0.23900000000000002,0.47700000000000004,14.1,71.1,0.24800000000000003,,650775,15873,FALSE,82,19830,38.3,86.7,0.442,2.9,8.7,0.33399999999999996,35.4,77.9,0.455,20.7,27.1,0.765,13.5,32.4,45.8,22.7,8.5,5.8,17.9,25.3,100.3,22,82,19830,38.8,87.3,0.445,5.6,15.3,0.365,33.2,72,0.462,21.7,28.2,0.768,13.1,31.8,45,24.9,9.2,7.2,16.3,24,104.9
2001,New Jersey Nets,24,27.5,26,56,26,56,-5.05,-0.25,-5.3,100,105.5,-5.5,91.8,0.328,0.165,0.504,NA,0.452,13.9,25.7,0.24900000000000003,0.48800000000000004,14.9,70,0.258,,556573,13575,FALSE,82,19730,36.8,86.8,0.42500000000000004,4.8,14.4,0.33299999999999996,32.1,72.4,0.443,21.6,28.4,0.759,12,31,43,21.2,8.6,5.4,16,26.3,100,23,82,19730,38.9,85.5,0.455,5.7,15.7,0.36,33.2,69.7,0.47700000000000004,22,29.6,0.746,13.3,34.7,48,24.4,8.2,6.9,17.3,23.9,105.5
2001,Atlanta Hawks,25,26.1,25,57,26,56,-5.21,-0.33999999999999997,-5.55,98.7,104.3,-5.6,91.9,0.272,0.14,0.5,NA,0.456,15.5,28.9,0.20600000000000002,0.47200000000000003,13.8,70.8,0.24900000000000003,,560330,13667,FALSE,82,19730,38,88.2,0.43100000000000005,4.4,12.3,0.357,33.6,75.9,0.443,18.2,24,0.759,13.6,32.9,46.5,20.6,8.4,5.1,18.1,24.6,98.7,18,82,19730,38.7,87.4,0.442,5.2,14.3,0.367,33.4,73.1,0.457,21.8,28.5,0.765,13.6,33.5,47.1,23,9.2,6.8,16,22.4,104.3
2001,Vancouver Grizzlies,26,26.2,23,59,25,57,-5.73,0.7899999999999999,-4.94,99.6,105.8,-6.2,91.7,0.28900000000000003,0.14500000000000002,0.51,NA,0.464,14.9,26.1,0.223,0.491,13.8,69.8,0.194,,563218,13737,FALSE,82,19780,38,86.5,0.43900000000000006,4.3,12.5,0.34299999999999997,33.7,74,0.455,19.3,25,0.77,11.8,32.2,44,25.1,7.8,4.8,17.1,22.9,99.6,25,82,19780,41.6,89.9,0.463,5.1,14.2,0.362,36.4,75.7,0.48200000000000004,17.4,23.8,0.732,13.9,33.5,47.5,25.6,9.4,6.3,16.1,23.4,105.8
2001,Washington Wizards,27,27,19,63,23,59,-6.67,-0.08,-6.75,100.6,107.8,-7.2,92.7,0.348,0.131,0.514,NA,0.46,15.7,29.7,0.264,0.503,14.1,71.8,0.23600000000000002,,638653,15577,FALSE,82,19680,37.3,84.9,0.43900000000000006,3.6,11.2,0.324,33.7,73.8,0.456,22.4,29.5,0.759,13.4,31.2,44.6,21.7,8.3,5,18.3,25.2,100.6,29,82,19680,40.8,86.8,0.47000000000000003,5.7,14.4,0.396,35.1,72.4,0.48500000000000004,20.5,27.5,0.747,12.3,31.7,44,25,9.1,6.7,16.2,26,107.8
2001,Golden State Warriors,28,26.6,17,65,17,65,-9.05,0.9400000000000001,-8.11,97.8,107.4,-9.6,94.1,0.28200000000000003,0.134,0.47000000000000003,NA,0.42900000000000005,13.9,33.3,0.199,0.504,15,69.7,0.227,,591981,14439,FALSE,82,19780,37.9,92.5,0.40900000000000003,3.6,12.4,0.29300000000000004,34.2,80.1,0.42700000000000005,18.4,26.1,0.706,17.3,30.8,48.1,23.1,9.6,5.3,16.8,22.3,97.8,28,82,19780,41,86.9,0.47200000000000003,5.7,14.9,0.379,35.3,72,0.491,19.7,25.9,0.76,13.4,34.7,48.1,26.4,9.3,6.4,17.4,22.8,107.4
2001,Chicago Bulls,29,23.2,15,67,16,66,-9.1,0.01,-9.09,97.2,107.3,-10.1,89.3,0.29800000000000004,0.14800000000000002,0.495,NA,0.45,15.1,26.6,0.22,0.499,14.3,70.3,0.254,,888654,21674,FALSE,82,19855,36.8,86.8,0.42400000000000004,4.5,12.9,0.346,32.4,73.9,0.43800000000000006,19.1,25.8,0.739,12.5,30.6,43.1,24.5,9.1,5.1,17.5,25.7,97.2,27,82,19855,40.4,85.7,0.47200000000000003,4.7,13.2,0.356,35.7,72.5,0.493,21.7,29.8,0.73,13,34.5,47.5,26.1,8.6,5.8,16.5,23.7,107.3
2002,Sacramento Kings,1,27,61,21,61,21,7.609999999999999,0,7.609999999999999,109,101.1,7.9,95.6,0.308,0.166,0.539,NA,0.497,12.4,27.9,0.231,0.467,13.6,71.7,0.185,,709997,17317,TRUE,82,19755,41.5,89,0.467,5.4,14.7,0.367,36.1,74.3,0.48600000000000004,20.6,27.4,0.751,12.9,34.3,47.2,24.9,9.4,4.8,14.3,19.8,109,6,82,19755,39.8,90.4,0.44,4.9,14.6,0.33699999999999997,34.9,75.8,0.46,16.7,22.4,0.744,13.5,33.3,46.8,23.4,8,4.9,15.8,23.2,101.1
2002,Los Angeles Lakers,2,27.9,58,24,60,22,7.119999999999999,0.03,7.1499999999999995,109.4,101.7,7.7,92.1,0.313,0.21000000000000002,0.534,NA,0.498,11.8,28.8,0.21800000000000003,0.453,13,72,0.233,,778777,18995,TRUE,82,19780,41.5,90.1,0.461,6.7,19,0.354,34.8,71.2,0.48900000000000005,19.7,28.2,0.699,13.5,34.3,47.8,24.8,8.2,6.3,13.7,24,109.4,7,82,19780,37.8,89.3,0.42400000000000004,5.3,16.6,0.317,32.6,72.7,0.448,20.8,27.3,0.761,13.4,33.3,46.7,21.6,7.7,4.7,15.1,24.9,101.7
2002,San Antonio Spurs,3,28.5,58,24,59,23,6.21,0.07,6.28,106.5,99.7,6.8,90,0.353,0.19,0.539,NA,0.492,13.8,27.2,0.262,0.453,13.7,71.9,0.189,,906390,22107,TRUE,82,19855,39.1,85.4,0.458,5.9,16.3,0.362,33.2,69.2,0.48000000000000004,22.4,30.2,0.742,12.2,34.5,46.6,22.1,8.4,7.2,15.8,21.1,106.5,2,82,19855,38.7,91,0.42600000000000005,5,14.9,0.33799999999999997,33.7,76.1,0.443,17.2,22.2,0.777,13.5,32.6,46.1,20.7,8.5,5.7,16,25.5,99.7
2002,New Jersey Nets,4,26.1,52,30,53,29,4.159999999999999,-0.49,3.67,104,99.5,4.5,91.8,0.28,0.17500000000000002,0.515,NA,0.47600000000000003,13.4,29.2,0.20600000000000002,0.459,14.9,71.6,0.21300000000000002,,564194,13761,TRUE,82,19830,40.1,89.9,0.446,5.3,15.7,0.33799999999999997,34.8,74.1,0.46900000000000003,18.5,25.1,0.735,13.7,33.2,46.9,26.2,9.4,6.5,15.7,22.9,104,1,82,19830,37.7,87.9,0.42900000000000005,5.4,15.5,0.348,32.3,72.4,0.446,18.8,24.9,0.753,13.2,33.2,46.4,20.6,8.8,5.8,17.4,22,99.5
2002,Dallas Mavericks,5,27.6,57,25,53,29,4.26,0.16,4.41,112.2,107.7,4.5,92.8,0.28800000000000003,0.23700000000000002,0.553,NA,0.507,11.3,26.1,0.232,0.48500000000000004,12.9,70.7,0.23900000000000002,,802783,19580,TRUE,82,19880,41.6,90.1,0.462,8.1,21.4,0.378,33.5,68.7,0.48800000000000004,20.9,25.9,0.806,11.9,33.4,45.3,23.6,7.6,5.1,12.9,24,112.2,25,82,19880,40.2,89.1,0.452,5.9,16.8,0.35,34.4,72.3,0.47500000000000003,21.3,28.4,0.751,13.8,33.8,47.7,24.3,7.7,4.9,15,23.3,107.7
2002,Minnesota Timberwolves,6,26.7,50,32,51,31,3.38,0.2,3.58,109,105.3,3.7,90.5,0.255,0.15200000000000002,0.532,NA,0.49,12.5,31.3,0.203,0.48200000000000004,12.7,73.7,0.21800000000000003,,731673,17846,TRUE,82,19805,42.5,92.2,0.461,5.3,14,0.378,37.2,78.2,0.47600000000000003,18.7,23.5,0.7979999999999999,14.2,34.3,48.5,26.7,7,5.7,14.7,23.3,109,16,82,19805,39.7,89.1,0.445,6.6,17.7,0.372,33.1,71.4,0.463,19.4,26.2,0.742,12.2,31.1,43.3,24.8,7.3,5.4,14.7,22.4,105.3
2002,Portland Trail Blazers,7,29,49,33,50,32,2.9899999999999998,0.22,3.21,107.4,104,3.4,89.3,0.28500000000000003,0.198,0.528,NA,0.48500000000000004,13.5,31.8,0.21800000000000003,0.48900000000000005,14.2,73.3,0.202,,797821,19459,TRUE,82,19830,40.7,90.4,0.45,6.3,17.9,0.354,34.4,72.5,0.47400000000000003,19.7,25.8,0.763,14.7,33.1,47.8,26.1,9.5,5,15.9,21.8,107.4,12,82,19830,40,88.2,0.453,6.3,17.4,0.363,33.7,70.8,0.47600000000000003,17.8,24,0.741,12.1,31.5,43.6,26.3,8.3,5.6,16.4,22.4,104
2002,Seattle SuperSonics,8,26.9,45,37,50,32,3.02,0.22,3.24,108.9,105.6,3.3,89,0.25,0.193,0.54,NA,0.505,13.2,29.4,0.189,0.48500000000000004,14.5,68.1,0.20600000000000002,,633516,15452,TRUE,82,19830,42.6,90.8,0.46900000000000003,6.6,17.6,0.378,35.9,73.3,0.49,17.2,22.7,0.755,13.2,31.7,44.9,26.2,9.5,4.9,15.3,23.5,108.9,17,82,19830,40.3,89.8,0.449,6.4,18.7,0.344,33.9,71.1,0.47700000000000004,18.5,25.1,0.739,14.8,31.6,46.4,24.9,7.7,5.4,17,22.1,105.6
2002,Boston Celtics,9,26.2,49,33,48,34,2.21,-0.46,1.75,103.4,101,2.4,92.5,0.29100000000000004,0.28900000000000003,0.52,NA,0.47600000000000003,12.8,24.1,0.223,0.464,15.1,72.9,0.24500000000000002,,659751,16091,TRUE,82,19830,37.3,88.1,0.42400000000000004,9.1,25.5,0.359,28.2,62.6,0.45,19.6,25.6,0.764,11.7,33.6,45.3,22.5,10.4,3.8,14.6,23.2,103.4,5,82,19830,36.6,86.1,0.42500000000000004,6.7,19.8,0.33999999999999997,29.9,66.3,0.45,21.1,27.4,0.771,12.5,36.7,49.2,23.6,8.2,6.2,17.5,22.7,101
2002,Detroit Pistons,10,29.5,50,32,48,34,2.13,-0.45,1.6900000000000002,104.8,102.4,2.4,90,0.31,0.24000000000000002,0.54,NA,0.497,14.3,24.4,0.23500000000000001,0.47400000000000003,14.8,70.5,0.20600000000000002,,760807,18556,TRUE,82,19680,38.5,85.3,0.452,7.7,20.4,0.376,30.9,64.9,0.47500000000000003,20,26.5,0.756,11,32.1,43,23.9,8.8,7.7,16.2,23,104.8,8,82,19680,39.6,88.7,0.447,4.9,13.5,0.362,34.8,75.2,0.462,18.3,24.2,0.755,13.4,34,47.4,22.2,8.8,4.5,17.2,25.4,102.4
2002,Philadelphia 76ers,11,29,43,39,46,36,1.6,-0.32999999999999996,1.27,102.1,100.3,1.8,88.9,0.327,0.111,0.507,NA,0.452,14.6,31.7,0.255,0.46,14.2,72.1,0.20800000000000002,,842976,20560,TRUE,82,19730,38.4,88.1,0.43600000000000005,2.9,9.8,0.29900000000000004,35.4,78.3,0.453,22.4,28.8,0.779,14.9,34.7,49.6,22.4,9.6,5,17.2,22.5,102.1,4,82,19730,37.9,89,0.42600000000000005,6,18.1,0.33099999999999996,31.9,70.9,0.451,18.5,24.6,0.751,13.4,32.1,45.6,24.2,9,6.3,16.5,25,100.3
2002,Orlando Magic,12,28,44,38,46,36,1.57,-0.32,1.25,107,105.3,1.7,93.2,0.278,0.24100000000000002,0.533,NA,0.493,12.6,26.3,0.21000000000000002,0.48600000000000004,14.4,69.2,0.21500000000000002,,621121,15149,TRUE,82,19830,40.1,89.5,0.448,8.1,21.6,0.373,32,68,0.47100000000000003,18.8,24.9,0.754,12.2,31.7,43.9,23.4,8.6,5,14.5,22.1,107,15,82,19830,40.5,88.7,0.456,5.3,15.1,0.352,35.2,73.6,0.47800000000000004,19.1,25.9,0.737,14.1,34.2,48.3,25.1,8.6,5,16.8,22.6,105.3
2002,Utah Jazz,13,29.9,44,38,44,38,0.89,0.32,1.21,105.6,104.6,1,90.3,0.381,0.132,0.529,NA,0.47200000000000003,15.4,33.5,0.29100000000000004,0.48400000000000004,15.9,71.7,0.28600000000000003,,766108,18686,TRUE,82,19830,38.5,85.5,0.45,3.8,11.3,0.33299999999999996,34.7,74.2,0.468,24.8,32.6,0.763,14.9,31.5,46.4,26.8,10,7,18.1,26.4,105.6,14,82,19830,37.2,83.4,0.447,6.2,16.3,0.383,31,67.1,0.462,23.9,31,0.771,12.4,29.6,42,21.3,10,7.3,18.4,27.7,104.6
2002,Charlotte Hornets,14,28.3,44,38,44,38,0.96,-0.4,0.5700000000000001,104.3,103.3,1,89.7,0.32,0.15100000000000002,0.513,NA,0.466,13.3,30.6,0.23800000000000002,0.465,13.3,72.2,0.226,,462738,11286,TRUE,82,19755,39.2,89.2,0.44,4.7,13.5,0.348,34.5,75.7,0.456,21.2,28.5,0.745,14.3,33.9,48.3,23.8,8.8,6.2,15.6,23.7,104.3,10,82,19755,38.6,89.3,0.43200000000000005,5.9,15.7,0.375,32.7,73.7,0.444,20.2,26.3,0.768,13,32.5,45.6,22.2,8.5,5.7,15.4,23.1,103.3
2002,Indiana Pacers,15,26.1,42,40,42,40,0.27,-0.33999999999999997,-0.07,104.1,103.8,0.3,91.9,0.328,0.182,0.527,NA,0.47700000000000004,14.2,27,0.253,0.46900000000000003,13.2,71,0.227,,686537,16745,TRUE,82,19905,38.5,86.3,0.446,5.3,15.7,0.33899999999999997,33.2,70.6,0.47000000000000003,21.8,28.3,0.772,12.2,33.7,45.9,24.7,8.6,5.7,16.4,24.6,104.1,11,82,19905,39,89.2,0.43800000000000006,5.5,15.7,0.348,33.6,73.4,0.457,20.2,27,0.749,13.7,33,46.7,23.2,8.1,6.1,15.4,24.3,103.8
2002,Milwaukee Bucks,16,28.9,41,41,40,42,-0.22,-0.4,-0.62,106.9,107.1,-0.2,90.2,0.269,0.24100000000000002,0.544,NA,0.507,13.6,25.6,0.201,0.47700000000000004,12,70.9,0.21700000000000003,,745305,18178,FALSE,82,19905,40.6,87.9,0.462,7.9,21.2,0.375,32.7,66.7,0.49,17.7,23.6,0.748,11.2,34.2,45.4,24.7,8,5.2,15.5,23.9,106.9,23,82,19905,40.3,91.5,0.441,6.6,18.4,0.358,33.7,73.1,0.461,19.9,26.3,0.757,14,32.6,46.6,25.2,8,4.8,14.1,21.9,107.1
2002,Los Angeles Clippers,17,24.4,39,43,40,42,-0.46,0.38,-0.09,105.5,106,-0.5,90.1,0.304,0.17200000000000001,0.519,NA,0.47600000000000003,13.8,31.3,0.225,0.47700000000000004,12.1,69.9,0.194,,740185,18053,FALSE,82,19805,40,89.7,0.445,5.5,15.4,0.356,34.5,74.3,0.464,20.1,27.3,0.739,14.6,33.3,47.8,23.1,6.9,7.3,16.3,21.8,105.5,19,82,19805,41.3,92.4,0.448,5.5,15.4,0.355,35.9,77,0.466,17.9,24,0.745,14.3,32,46.3,25,8.2,5.9,14.2,23.9,106
2002,Toronto Raptors,18,29.3,42,40,40,42,-0.44,-0.27,-0.71,102.6,103.1,-0.5,88.8,0.255,0.165,0.501,NA,0.463,13.6,31.4,0.189,0.47100000000000003,14.7,70.1,0.23700000000000002,,810160,19760,TRUE,82,19755,40,92.1,0.43400000000000005,5.3,15.2,0.349,34.7,76.9,0.451,17.4,23.5,0.739,15.2,32,47.2,24.3,9.4,6.2,16.1,24.2,102.6,9,82,19755,38.6,87.5,0.441,5.2,14.9,0.346,33.4,72.6,0.461,20.7,27.5,0.752,13.6,33.3,47,22.3,8.6,5.4,17.1,22.1,103.1
2002,Phoenix Suns,19,26.5,36,46,39,43,-0.6799999999999999,0.39,-0.3,103.3,104,-0.7,91.4,0.23500000000000001,0.15800000000000003,0.51,NA,0.47200000000000003,13.6,30.1,0.18,0.47600000000000003,14.4,70.2,0.227,,668939,16316,FALSE,82,19830,41,91.8,0.447,4.7,14.5,0.327,36.3,77.3,0.46900000000000003,16.5,21.6,0.767,14.2,32.2,46.4,24.3,8.8,5.3,16,23.6,103.3,13,82,19830,39.1,88.2,0.444,5.7,16,0.358,33.4,72.2,0.463,20,26.6,0.751,13.6,33,46.6,24.1,9.1,6.3,16.7,20.1,104
2002,Washington Wizards,20,27.5,37,45,37,45,-1.4,-0.17,-1.58,104.8,106.4,-1.6,88.3,0.28,0.118,0.508,NA,0.464,12.5,30.7,0.21400000000000002,0.48400000000000004,13,71.4,0.21400000000000002,,847634,20674,FALSE,82,19730,40.5,91.8,0.441,4.2,10.8,0.388,36.3,80.9,0.448,19.7,25.7,0.765,14.5,33,47.5,23.6,7.8,4.9,14.7,24.3,104.8,22,82,19730,40.7,90,0.452,5.8,16.4,0.354,34.9,73.6,0.47400000000000003,19.2,25.5,0.755,13.2,32.7,45.9,25,7.9,5.7,15.1,23.6,106.4
2002,Miami Heat,21,30.1,36,46,36,46,-1.54,-0.31,-1.84,98.5,100.2,-1.7,87.4,0.268,0.14100000000000001,0.501,NA,0.463,14.6,26.6,0.194,0.455,13.6,74,0.24900000000000003,,655549,15989,FALSE,82,19930,38.6,87.9,0.43900000000000006,4.3,12.4,0.347,34.3,75.5,0.454,17,23.5,0.724,12.4,35,47.5,22.9,7.5,6.2,16.8,25.4,98.5,3,82,19930,36.7,86.5,0.42500000000000004,5.2,15.3,0.34199999999999997,31.5,71.2,0.442,21.6,29.3,0.736,12.3,34.2,46.5,20.1,8.5,4.9,15.6,23.5,100.2
2002,Cleveland Cavaliers,22,26,29,53,31,51,-3.3299999999999996,-0.19,-3.52,104.6,108.2,-3.6,90.3,0.301,0.15600000000000003,0.524,NA,0.47700000000000004,13.8,28.9,0.232,0.493,12.3,72.8,0.226,,596115,14539,FALSE,82,19855,39.5,88.1,0.448,5.2,13.7,0.377,34.3,74.4,0.461,20.5,26.5,0.772,13,33.2,46.2,25.3,7.7,6.3,16,23.5,104.6,27,82,19855,40.9,89.4,0.457,6.3,16.1,0.394,34.5,73.3,0.47100000000000003,20.2,27,0.748,12.4,31.9,44.3,26.6,8.1,6.1,14.2,21.9,108.2
2002,New York Knicks,23,30.3,30,52,29,53,-3.9899999999999998,-0.16,-4.1499999999999995,101.5,105.9,-4.4,89.7,0.274,0.20600000000000002,0.514,NA,0.468,14,25.6,0.21600000000000003,0.47900000000000004,12.9,71.9,0.23600000000000002,,810283,19763,FALSE,82,19805,38,88.1,0.43200000000000005,6.4,18.2,0.353,31.6,69.9,0.453,19,24.1,0.7869999999999999,11.8,33.2,45,23.2,7.5,3.9,16.1,24.3,101.5,18,82,19805,39.5,88.7,0.445,6,17,0.353,33.5,71.8,0.467,20.9,27.6,0.757,13,34.3,47.3,23.8,9.3,5.2,14.9,22.6,105.9
2002,Atlanta Hawks,24,25.7,33,49,29,53,-4.23,-0.18,-4.41,101.8,106.4,-4.6,91.9,0.29400000000000004,0.181,0.517,NA,0.47100000000000003,14.6,27.5,0.225,0.495,14.1,70.9,0.21800000000000003,,506110,12344,FALSE,82,19780,38.3,87.3,0.43900000000000006,5.6,15.8,0.354,32.7,71.5,0.458,19.6,25.6,0.765,12.6,32.3,44.9,21.9,8.8,4.6,16.8,22.5,101.8,21,82,19780,40.5,88.2,0.459,6.2,17.6,0.355,34.2,70.6,0.48500000000000004,19.2,25.8,0.744,13.3,33.3,46.6,24.5,9.3,6.7,16.4,21.8,106.4
2002,Houston Rockets,25,25.9,28,54,27,55,-4.89,0.58,-4.31,103.1,108.6,-5.5,88.2,0.28600000000000003,0.223,0.507,NA,0.465,13.4,29,0.21100000000000002,0.491,11.5,69.8,0.17800000000000002,,481227,11737,FALSE,82,19980,38.6,90.3,0.42800000000000005,6.8,20.2,0.33499999999999996,31.9,70.1,0.455,19.1,25.8,0.741,14,32.8,46.8,20.2,7.3,6.1,15.7,20.1,103.1,29,82,19980,43.5,93.6,0.464,5,14,0.36,38.4,79.6,0.48200000000000004,16.6,22.1,0.752,14.2,34.1,48.4,25,7.8,5.7,13.5,22.4,108.6
2002,Golden State Warriors,26,24.8,21,61,26,56,-5.4,0.61,-4.8,102.8,108.5,-5.7,94.5,0.33499999999999996,0.14200000000000002,0.499,NA,0.452,14.7,35.3,0.24200000000000002,0.48800000000000004,12.9,69.4,0.232,,593182,14468,FALSE,82,19780,38.5,89.7,0.42900000000000005,4.1,12.8,0.322,34.4,77,0.447,21.7,30.1,0.722,17.1,32,49.1,21.9,8.3,6.7,17.7,24.2,102.8,28,82,19780,41.2,89.8,0.459,5.2,14.9,0.348,36.1,74.9,0.48200000000000004,20.8,27.3,0.763,14.1,31.5,45.6,25.7,9.1,6.6,15.1,25,108.5
2002,Denver Nuggets,27,28.2,27,55,24,58,-5.819999999999999,0.63,-5.1899999999999995,101.4,107.8,-6.4,90.4,0.256,0.187,0.495,NA,0.455,13.6,30.6,0.19,0.492,13.6,69.9,0.24500000000000002,,633846,15460,FALSE,82,19805,39.1,92.1,0.42400000000000004,5.7,17.2,0.329,33.4,74.9,0.446,17.5,23.6,0.744,15,31,46,24.4,8.2,6.2,16.2,25.1,101.4,26,82,19805,40.3,87.7,0.459,5.7,15.7,0.361,34.6,72,0.48100000000000004,21.5,28.8,0.747,13.3,33.9,47.3,26.4,9,7.5,15.7,22.1,107.8
2002,Memphis Grizzlies,28,25.5,23,59,20,62,-7.44,0.7,-6.74,98.2,106.3,-8.1,91.1,0.28800000000000003,0.168,0.501,NA,0.462,15.4,27.8,0.20400000000000001,0.48600000000000004,13.7,68,0.197,,591030,14415,FALSE,82,19780,38,87,0.43600000000000005,4.5,14.6,0.307,33.5,72.4,0.462,17.8,25.1,0.708,13.1,32.1,45.2,23.8,8.6,6.5,17.9,20.9,98.2,20,82,19780,41.5,90.9,0.457,5.3,14.8,0.358,36.2,76.1,0.47600000000000003,17.9,23.8,0.753,15.1,34.1,49.2,26.1,10.4,6.1,16.1,23.8,106.3
2002,Chicago Bulls,29,25.5,21,61,18,64,-8.54,0.02,-8.52,98.2,107.6,-9.4,90.5,0.302,0.134,0.499,NA,0.456,14.6,26.6,0.21800000000000003,0.497,13.7,71.4,0.23900000000000002,,776311,18934,FALSE,82,19805,37.6,86.9,0.43300000000000005,4,11.6,0.346,33.6,75.3,0.447,18.9,26.2,0.722,12.4,31.6,43.9,24.3,8.5,4.8,16.8,24.5,98.2,24,82,19805,40.5,87.2,0.465,5.6,15.8,0.358,34.9,71.4,0.48800000000000004,20.9,28,0.746,12.6,34.2,46.8,27.7,9.1,5.3,15.8,23,107.6
2003,Dallas Mavericks,1,28.1,60,22,62,20,7.78,0.12000000000000001,7.9,110.7,102.3,8.4,92.5,0.257,0.23900000000000002,0.543,NA,0.498,10.9,25.4,0.21300000000000002,0.47300000000000003,14.8,70.9,0.221,,816429,19913,TRUE,82,19780,41.4,91.5,0.453,8.3,21.9,0.381,33.1,69.7,0.47500000000000003,19.5,23.5,0.8290000000000001,12,33.4,45.3,24.1,8.7,5.9,12.4,22.7,110.7,9,82,19780,38.4,87.7,0.43800000000000006,6.3,18.4,0.33999999999999997,32.1,69.3,0.463,19.4,26.6,0.727,13.7,35.2,48.9,23.4,7.2,4.2,17.3,22.9,102.3
2003,Sacramento Kings,2,28.3,59,23,59,23,6.5,0.18,6.68,105.9,99.1,6.8,95.4,0.262,0.184,0.535,NA,0.499,13.3,25.6,0.196,0.446,13.6,70.6,0.20400000000000001,,709997,17317,TRUE,82,19830,41.1,88.7,0.464,6.2,16.3,0.381,34.9,72.4,0.48200000000000004,17.3,23.2,0.746,11.4,34.9,46.3,25.8,9.3,5.8,15.1,21.1,105.9,2,82,19830,38,90.4,0.42000000000000004,4.7,14.8,0.32,33.2,75.6,0.43900000000000006,18.5,24.9,0.741,14.5,33.2,47.7,22.3,8.7,4.5,16,20.7,99.1
2003,San Antonio Spurs,3,28.4,60,22,57,25,5.41,0.23,5.6499999999999995,105.6,99.7,5.9,90,0.348,0.202,0.541,NA,0.497,15.1,28.8,0.253,0.453,14.2,71.3,0.199,,735970,17950,TRUE,82,19830,39.1,84.7,0.462,6,17.1,0.354,33.1,67.6,0.48900000000000005,21.4,29.5,0.725,12.6,34.4,47,22,8.5,7.1,17.4,22.5,105.6,3,82,19830,38.5,90.1,0.42700000000000005,4.8,14,0.33899999999999997,33.7,76.1,0.443,17.9,23.4,0.768,13.8,31.2,45.1,21,8.9,5.7,16.6,25.7,99.7
2003,New Jersey Nets,4,27.3,49,33,56,26,5.22,-0.8,4.42,103.8,98.1,5.7,91.6,0.33299999999999996,0.15800000000000003,0.518,NA,0.468,13.8,28.7,0.252,0.46,15.7,73.1,0.225,,622574,15185,TRUE,82,19755,38.6,87.4,0.441,4.6,13.8,0.33199999999999996,34,73.6,0.462,22.1,29.1,0.757,13.1,33.5,46.7,25,9.5,5,16.1,23.5,103.8,1,82,19755,36.6,85.7,0.42700000000000005,5.6,15.7,0.359,30.9,70,0.442,19.3,25.8,0.749,12.4,32.7,45,21.3,9.2,5.6,18,24.9,98.1
2003,Detroit Pistons,5,29,50,32,52,30,3.68,-0.71,2.9699999999999998,104.1,99.9,4.2,86.8,0.322,0.23700000000000002,0.523,NA,0.47300000000000003,13.3,25.9,0.24800000000000003,0.461,13.9,74,0.225,,839278,20470,TRUE,82,19905,37.5,87.2,0.43000000000000005,7.4,20.7,0.358,30.1,66.5,0.452,21.7,28.1,0.771,12.3,34,46.2,22.5,7.7,6.5,15.3,24.3,104.1,4,82,19905,38.1,87.1,0.43800000000000006,4,11.7,0.344,34.1,75.4,0.452,19.6,26.3,0.746,11.9,35.1,47.1,20.9,7.9,4.9,16,26.5,99.9
2003,Indiana Pacers,6,25.9,48,34,51,31,3.4899999999999998,-0.7,2.79,104.6,100.8,3.8,91.6,0.344,0.169,0.522,NA,0.46900000000000003,13.7,29,0.263,0.458,14.3,72.3,0.228,,670461,16353,TRUE,82,19905,38.3,87,0.441,5,14.7,0.33899999999999997,33.3,72.3,0.461,22.9,29.9,0.766,13.2,34.5,47.7,25.2,9.2,5.8,15.9,23.8,104.6,5,82,19905,37.7,88.1,0.42800000000000005,5.4,15.8,0.33999999999999997,32.3,72.3,0.447,20.1,26.2,0.767,13.2,32.4,45.6,22.3,8.2,6.8,16.6,25.3,100.8
2003,Portland Trail Blazers,7,29.2,50,32,49,33,2.61,0.36,2.9699999999999998,105.5,102.6,2.9,89.4,0.3,0.17700000000000002,0.531,NA,0.48900000000000005,14.5,30.2,0.223,0.48300000000000004,14.9,72.3,0.194,,796258,19421,TRUE,82,19855,40.4,87.8,0.46,5.1,15.5,0.32999999999999996,35.3,72.2,0.48800000000000004,19.6,26.3,0.745,13.4,32.2,45.6,25.1,9.8,4.3,16.9,22.1,105.5,14,82,19855,39.8,88.4,0.45,5.9,17.4,0.34099999999999997,33.9,71.1,0.47600000000000003,17.1,22.4,0.764,12.3,31,43.3,25.2,9.2,5.3,17.2,22.6,102.6
2003,Utah Jazz,8,30.9,47,35,48,34,2.3899999999999997,0.37,2.7600000000000002,105.5,102.8,2.7,89.3,0.38,0.10400000000000001,0.537,NA,0.48600000000000004,16,32.5,0.28300000000000003,0.468,15.2,70.2,0.256,,786034,19172,TRUE,82,19780,39.3,84.1,0.468,3,8.7,0.349,36.3,75.4,0.48100000000000004,23.8,31.9,0.745,13.9,32.4,46.2,28.6,9.6,6.3,18.7,25,105.5,15,82,19780,37.4,86.2,0.43400000000000005,5.9,17,0.349,31.4,69.2,0.454,22.1,29.1,0.759,13.7,28.8,42.5,21.8,9.8,5.8,17.7,26.5,102.8
2003,Los Angeles Lakers,9,28.1,50,32,48,34,2.3299999999999996,0.38,2.71,107.2,104.7,2.5,92.5,0.311,0.199,0.528,NA,0.48600000000000004,13.3,30.2,0.228,0.47700000000000004,13.4,72.7,0.24100000000000002,,777888,18973,TRUE,82,19930,40.3,89.3,0.451,6.3,17.8,0.356,33.9,71.5,0.47500000000000003,20.3,27.7,0.734,14,33.3,47.3,24.9,8.3,6.1,15.5,24.4,107.2,19,82,19930,38.8,87.6,0.443,6.1,15.9,0.38,32.7,71.6,0.456,21.1,27.8,0.76,12.5,32.5,45,22.8,8.4,4,15.5,24.9,104.7
2003,Philadelphia 76ers,10,28.3,48,34,48,34,2.3,-0.55,1.76,105,102.5,2.5,91.4,0.33899999999999997,0.119,0.52,NA,0.466,13.7,30.3,0.263,0.48800000000000004,16.2,72.7,0.24300000000000002,,807097,19685,TRUE,82,19855,39.3,87.8,0.448,3.2,10.4,0.311,36.1,77.4,0.466,23.1,29.8,0.775,13.8,31.9,45.7,23.4,11.2,3.8,16,23.8,105,12,82,19855,38,84.1,0.452,6,16.9,0.354,32,67.2,0.47600000000000003,20.5,26.9,0.76,12,31.7,43.7,23.9,8.4,6.9,18.6,24.9,102.5
2003,Minnesota Timberwolves,11,28.2,51,31,47,35,2.07,0.39,2.46,106.1,103.8,2.3,91.9,0.268,0.118,0.528,NA,0.48800000000000004,12.9,28.2,0.20600000000000002,0.47200000000000003,12.7,72.9,0.203,,643684,15700,TRUE,82,19805,41.8,89.7,0.466,3.9,10.6,0.368,37.9,79.2,0.47900000000000004,18.5,24.1,0.77,12.6,34.5,47.1,27.3,7.3,5.7,14.8,22.5,106.1,16,82,19805,39.6,90.6,0.43700000000000006,6.2,18,0.347,33.4,72.6,0.46,18.4,24.4,0.752,12.8,32.2,45.1,24.7,7.5,5.3,14.7,22.2,103.8
2003,New Orleans Hornets,12,29.1,47,35,47,35,2.11,-0.59,1.52,103.9,101.6,2.3,89.4,0.28500000000000003,0.161,0.511,NA,0.465,13.9,31.7,0.21900000000000003,0.464,14,73.1,0.226,,641683,15651,TRUE,82,19905,39.3,90.3,0.43500000000000005,5.5,14.5,0.376,33.9,75.8,0.447,19.8,25.8,0.768,14.8,33.4,48.2,24.4,8.9,5.3,16.4,23.9,103.9,7,82,19905,38.6,88,0.43800000000000006,4.6,13.5,0.33799999999999997,34,74.4,0.457,19.9,26,0.766,12.3,32,44.2,22,8.7,5.8,16.1,23.7,101.6
2003,Houston Rockets,13,25.9,43,39,46,36,1.48,0.42000000000000004,1.8900000000000001,104.3,102.6,1.7,88.8,0.316,0.196,0.522,NA,0.47400000000000003,14.8,30.3,0.24300000000000002,0.462,12.6,72.4,0.20900000000000002,,565166,13785,FALSE,82,19930,38.5,87.6,0.44,6,17.2,0.346,32.6,70.5,0.462,21.3,27.7,0.768,13.9,34.8,48.7,20.4,8.1,6.7,17.3,21.7,104.3,13,82,19930,39.2,90.6,0.43300000000000005,5.2,15.1,0.347,34,75.5,0.45,19,24.5,0.775,13.3,31.9,45.2,22.8,9,5.2,14.7,24.3,102.6
2003,Phoenix Suns,14,25.2,44,38,44,38,1.1300000000000001,0.43000000000000005,1.57,103.7,102.5,1.2,91.5,0.28500000000000003,0.17,0.514,NA,0.47300000000000003,13.7,29.7,0.21100000000000002,0.47000000000000003,14.8,70.3,0.222,,666559,16258,TRUE,82,19805,39.8,89.7,0.443,5.2,15.2,0.34299999999999997,34.6,74.5,0.464,18.9,25.5,0.742,13.9,32.3,46.2,22.8,8.8,5.3,16,23.8,103.7,11,82,19805,38.6,88.1,0.43800000000000006,5.8,18,0.32,32.8,70.1,0.468,19.6,25.6,0.766,13.6,32.9,46.6,24.1,8.5,6,17.3,23.3,102.5
2003,Orlando Magic,15,26.9,42,40,41,41,0.13,-0.53,-0.39,105.2,105,0.2,93.1,0.307,0.23500000000000001,0.526,NA,0.47800000000000004,13.3,27,0.23900000000000002,0.48600000000000004,15.1,71.1,0.25,,605901,14778,TRUE,82,19805,38.4,88,0.43600000000000005,7.4,20.7,0.357,31,67.3,0.46,21,27.1,0.777,12.5,31.1,43.6,21.8,9.1,3.9,15.3,24.6,105.2,20,82,19805,39.1,85.9,0.455,5.3,15.8,0.33399999999999996,33.9,70.2,0.48300000000000004,21.5,28,0.767,12.6,33.8,46.4,23.9,8.4,5.4,17.5,23.7,105
2003,Milwaukee Bucks,16,29.3,42,40,42,40,0.23,-0.48000000000000004,-0.24000000000000002,108.8,108.6,0.2,90.4,0.28700000000000003,0.229,0.543,NA,0.5,12.2,25.6,0.222,0.494,13.5,69.9,0.23700000000000002,,665966,16243,TRUE,82,19905,40.6,89,0.457,7.8,20.4,0.383,32.8,68.6,0.47800000000000004,19.8,25.5,0.776,11.7,31.6,43.3,24.3,8.3,4.6,13.9,24.3,108.8,28,82,19905,40.6,88.6,0.458,6.4,17,0.375,34.2,71.5,0.47800000000000004,21,28.2,0.745,13.6,33.9,47.5,25.2,7.2,4.4,15.8,22.5,108.6
2003,Seattle SuperSonics,17,26.9,40,42,41,41,-0.12000000000000001,0.49,0.37,103.7,103.9,-0.2,88,0.27,0.196,0.512,NA,0.47200000000000003,12.8,28.1,0.201,0.48400000000000004,14.3,71.8,0.21000000000000002,,637194,15541,FALSE,82,19855,39.6,90.6,0.43700000000000006,6.3,17.7,0.353,33.4,72.9,0.458,18.2,24.4,0.744,13.2,32.7,46,24.4,9.3,4.1,14.9,23.5,103.7,17,82,19855,39.4,88.2,0.447,6.5,18.8,0.344,32.9,69.4,0.47500000000000003,18.5,25,0.742,12.9,33.8,46.7,23.4,6.9,5.6,16.6,22.9,103.9
2003,Boston Celtics,18,26.9,44,38,40,42,-0.39,-0.36,-0.75,101.2,101.6,-0.4,90.9,0.306,0.33099999999999996,0.514,NA,0.47000000000000003,13.4,23.6,0.227,0.47100000000000003,15.1,72.5,0.24200000000000002,,709049,17294,TRUE,82,19830,36,86.7,0.41500000000000004,9.6,28.7,0.33399999999999996,26.4,58,0.455,19.7,26.6,0.742,11.3,32.9,44.2,21,9.6,4,15.3,23.4,101.2,8,82,19830,37.3,85.9,0.43500000000000005,6.2,18.6,0.33099999999999996,31.2,67.3,0.464,20.8,27.8,0.749,12.5,36.6,49.1,24.3,8.2,4.9,17.5,23.9,101.6
2003,Washington Wizards,19,28.4,37,45,38,44,-1.01,-0.46,-1.47,103,104.1,-1.1,88.2,0.325,0.127,0.513,NA,0.46,13,27.3,0.253,0.47700000000000004,13.8,71.6,0.21200000000000002,,827093,20173,FALSE,82,19830,38.7,87.8,0.44,3.5,11.1,0.312,35.2,76.6,0.459,22.2,28.5,0.779,12.6,32.9,45.5,22.1,8.5,5.4,15,22.6,103,18,82,19830,39.5,89.3,0.442,6.2,17.1,0.362,33.3,72.3,0.461,19,24.6,0.771,13,33.6,46.6,24.4,8.4,4.9,16.1,24.8,104.1
2003,Golden State Warriors,20,24.4,38,44,38,44,-1.1300000000000001,0.54,-0.6,108.3,109.5,-1.2,94.2,0.34299999999999997,0.17800000000000002,0.526,NA,0.47200000000000003,13.9,35,0.267,0.48200000000000004,12.2,67.9,0.22,,634935,15486,FALSE,82,19755,39.5,89.5,0.441,5.5,15.9,0.344,34,73.6,0.462,23.9,30.7,0.778,16.6,32.8,49.4,22.1,7.7,6.5,16.7,23,108.3,29,82,19755,41.8,92.5,0.452,5.6,15.2,0.372,36.1,77.3,0.467,20.3,26.9,0.756,15.5,30.8,46.3,24.9,9.2,6.3,14.5,25,109.5
2003,New York Knicks,21,30.2,37,45,37,45,-1.35,-0.26,-1.61,104.7,106.2,-1.5,90.7,0.24100000000000002,0.23500000000000001,0.528,NA,0.48600000000000004,13.4,24.4,0.196,0.48500000000000004,13.7,71.8,0.261,,779479,19012,FALSE,82,19855,39.5,89.6,0.441,8.1,21.1,0.383,31.5,68.5,0.459,17.6,21.6,0.8150000000000001,11.2,31.7,42.9,24,7.7,3.4,15.3,25.2,104.7,23,82,19855,39.4,86.3,0.457,4.8,14,0.33999999999999997,34.7,72.3,0.48000000000000004,22.5,29.2,0.771,12.5,34.8,47.3,23.1,8.4,4.1,15.7,21.7,106.2
2003,Memphis Grizzlies,22,24.9,28,54,32,50,-3.23,0.63,-2.6,103.9,107.3,-3.4,92.7,0.28700000000000003,0.19,0.526,NA,0.48700000000000004,14.2,27,0.21200000000000002,0.491,13.4,68.7,0.197,,611322,14910,FALSE,82,19930,39.6,87.6,0.452,6.1,16.6,0.365,33.5,71,0.47300000000000003,18.6,25.2,0.739,12.3,32,44.3,24.6,8.5,6.5,16.4,21.8,103.9,27,82,19930,41.9,91.1,0.46,5.6,15.4,0.363,36.3,75.6,0.48000000000000004,17.9,23.6,0.759,14.6,33.2,47.8,25.9,9.3,5.6,15.8,23.2,107.3
2003,Atlanta Hawks,23,27.2,35,47,31,51,-3.56,-0.31,-3.8699999999999997,102.3,106.1,-3.8,91,0.313,0.17700000000000002,0.527,NA,0.47600000000000003,15.7,27.9,0.24800000000000003,0.46900000000000003,12.1,70.4,0.221,,528655,12894,FALSE,82,19905,37.9,85.3,0.444,5.3,15.1,0.352,32.6,70.2,0.464,21.1,26.7,0.7929999999999999,12.4,33.9,46.3,22.3,8.1,6.3,18.1,23.6,102.3,22,82,19905,40,91.6,0.43600000000000005,5.9,16.5,0.359,34.1,75.1,0.453,20.3,26.7,0.76,14.2,32.1,46.3,23.5,9.8,5.4,14.2,22.1,106.1
2003,Los Angeles Clippers,24,25.3,27,55,29,53,-4.119999999999999,0.6799999999999999,-3.4499999999999997,102.3,106.8,-4.5,91.3,0.33499999999999996,0.182,0.516,NA,0.467,14.8,29.1,0.252,0.48100000000000004,13.1,70.2,0.222,,706471,17231,FALSE,82,19755,37.7,86.3,0.43700000000000006,5.2,15.7,0.33099999999999996,32.5,70.7,0.46,21.7,29,0.75,13.4,32.7,46.2,21.3,7.6,6.1,17.2,23.7,102.3,25,82,19755,40.4,90.3,0.447,6,16.5,0.365,34.3,73.7,0.466,20,25.9,0.774,13.9,32.7,46.6,24.5,8.7,5.6,15.3,24.5,106.8
2003,Chicago Bulls,25,25.2,30,52,27,55,-5.13,-0.17,-5.31,100.2,105.6,-5.4,93.5,0.3,0.14800000000000002,0.512,NA,0.47100000000000003,15.4,27.7,0.21700000000000003,0.47000000000000003,13.3,69.5,0.263,,804309,19617,FALSE,82,19930,38.5,86.4,0.445,4.5,12.8,0.35,34,73.6,0.462,18.7,25.9,0.722,12.7,32.7,45.4,22.9,7.8,5.9,17.9,26.1,100.2,21,82,19930,38.5,87.8,0.43900000000000006,5.5,17.2,0.323,33,70.6,0.467,23.1,30.8,0.749,14.4,33.1,47.5,25.1,9.9,5.3,15.5,23.1,105.6
2003,Miami Heat,26,26.5,25,57,25,57,-5.05,-0.08,-5.13,96.7,102.4,-5.7,87.8,0.259,0.169,0.48300000000000004,NA,0.43900000000000006,13.8,26.8,0.198,0.47000000000000003,14.1,73.9,0.257,,628242,15323,FALSE,82,19830,37,89.8,0.41200000000000003,4.8,15.2,0.316,32.2,74.6,0.43200000000000005,17.8,23.3,0.765,13.1,33.9,47,20.7,8.2,4.5,16.1,25.6,96.7,10,82,19830,37.4,85.5,0.43700000000000006,5.6,15.8,0.353,31.8,69.7,0.456,22,29.3,0.751,12,35.6,47.7,20.4,8.6,6,16.2,23,102.4
2003,Toronto Raptors,27,27.6,24,58,24,58,-5.87,-0.23,-6.1,100.5,107,-6.5,89.9,0.28200000000000003,0.17900000000000002,0.497,NA,0.458,13.6,28.2,0.203,0.48900000000000005,13.1,70.7,0.226,,777507,18964,FALSE,82,19805,38.4,89.9,0.42700000000000005,5.5,16.1,0.34299999999999997,32.9,73.8,0.446,18.2,25.3,0.718,13.8,31.8,45.6,21.3,8.2,5.3,15.9,23.7,100.5,26,82,19805,41,88.9,0.461,5,13.3,0.375,36,75.6,0.47600000000000003,20.1,26.5,0.759,13.2,35.1,48.2,23.3,8.1,5.5,15.2,23,107
2003,Denver Nuggets,28,24.1,17,65,17,65,-8.28,0.8700000000000001,-7.41,92.2,101.3,-9.1,91,0.28300000000000003,0.126,0.46900000000000003,NA,0.42800000000000005,17.1,31.3,0.198,0.47700000000000004,16.5,73.3,0.29000000000000004,,607813,14825,FALSE,82,19730,35.9,87.5,0.41100000000000003,3.1,11,0.278,32.9,76.4,0.43000000000000005,17.3,24.7,0.699,14.9,31.6,46.4,23.2,9.5,5.6,20.2,27.5,92.2,6,82,19730,36,81.3,0.443,5.6,15.2,0.37,30.4,66.2,0.46,23.6,31.2,0.757,11.5,32.6,44.2,23.6,9.9,7.2,18.8,23.9,101.3
2003,Cleveland Cavaliers,29,23.5,17,65,16,66,-9.62,0.04,-9.59,96.5,106.7,-10.2,94,0.29800000000000004,0.133,0.491,NA,0.444,16.4,31,0.223,0.48400000000000004,13,73.2,0.252,,471374,11497,FALSE,82,19830,36.7,86.9,0.42200000000000004,3.8,11.5,0.327,32.9,75.3,0.43700000000000006,19.3,25.9,0.747,14.4,32.7,47.1,22,8.2,6.7,19.3,24,96.5,24,82,19830,39.6,87.4,0.453,5.5,15.4,0.358,34.1,72,0.47300000000000003,22,28.6,0.772,12,32.1,44.1,25.4,10.3,6.4,15,22,106.7
2004,San Antonio Spurs,1,27.3,57,25,62,20,7.22,0.29000000000000004,7.51,102.2,94.1,8.1,89.2,0.322,0.17700000000000002,0.511,NA,0.47300000000000003,14.1,29.5,0.21900000000000003,0.43300000000000005,14.8,74.6,0.21500000000000002,,739706,18042,TRUE,82,19755,38.7,87.6,0.442,5.6,15.5,0.358,33.2,72.1,0.46,19.2,28.2,0.6809999999999999,14,36.4,50.4,22.8,9,7.3,16.4,22.7,102.2,1,82,19755,35.6,87,0.40900000000000003,4.2,13,0.327,31.4,74.1,0.42300000000000004,18.7,25.1,0.744,12.4,33.5,45.9,19.3,8.6,5.2,17.1,25,94.1
2004,Detroit Pistons,2,27.4,54,28,59,23,5.84,-0.81,5.04,102,95.4,6.6,87.9,0.328,0.15300000000000002,0.511,NA,0.461,14.7,30.1,0.24700000000000003,0.441,15.5,71.8,0.202,,872902,21290,TRUE,82,19780,37.9,87.2,0.43500000000000005,4.6,13.4,0.344,33.3,73.8,0.452,21.6,28.6,0.753,14,34.4,48.4,23.5,9.1,7.9,17.1,23,102,2,82,19780,36.4,88.1,0.41300000000000003,4.9,16.3,0.302,31.4,71.8,0.43800000000000006,17.8,23.9,0.744,13.5,32.5,46,21.6,9,5.7,18.1,25.9,95.4
2004,Indiana Pacers,3,27.1,61,21,58,24,5.76,-0.8200000000000001,4.930000000000001,103.8,97.2,6.6,87.5,0.319,0.203,0.52,NA,0.47100000000000003,14.1,28.5,0.24300000000000002,0.459,15.7,73.9,0.21800000000000003,,678326,16545,TRUE,82,19805,38.1,87.5,0.43500000000000005,6.2,17.7,0.351,31.9,69.8,0.457,21.3,27.9,0.764,13.4,34,47.3,24.6,10.1,5.7,16.4,23.7,103.8,3,82,19805,37,85.6,0.43200000000000005,4.6,14,0.324,32.4,71.5,0.453,18.7,24.9,0.75,12,33.6,45.6,22.8,8.1,7.1,18,24.8,97.2
2004,Minnesota Timberwolves,4,29.7,58,24,57,25,5.49,0.37,5.859999999999999,105.9,99.7,6.2,89,0.265,0.137,0.528,NA,0.48600000000000004,12.4,26.7,0.20700000000000002,0.444,12.9,72.5,0.21500000000000002,,723071,17636,TRUE,82,19755,41.4,89.7,0.462,4.5,12.2,0.363,37,77.5,0.47700000000000004,18.6,23.8,0.7809999999999999,11.9,36.1,48.1,25.8,7.7,6.3,14.2,23.6,105.9,6,82,19755,37.4,90.5,0.41400000000000003,5.4,16.1,0.33399999999999996,32,74.3,0.43100000000000005,19.5,25.8,0.753,13.7,32.8,46.4,23.2,7.5,4,15.1,22.6,99.7
2004,Sacramento Kings,5,29.3,55,27,55,27,5.01,0.4,5.41,110.3,104.9,5.4,92.8,0.305,0.223,0.554,NA,0.507,13,26,0.24200000000000002,0.48300000000000004,13.7,69.8,0.193,,709997,17317,TRUE,82,19780,40.6,87.8,0.462,7.9,19.6,0.401,32.7,68.2,0.48000000000000004,21.3,26.7,0.7949999999999999,11.6,32.6,44.2,28.1,9.3,4.3,14.9,20.7,110.3,21,82,19780,41.1,90.5,0.454,5.3,15.8,0.33899999999999997,35.7,74.7,0.47800000000000004,17.4,23.3,0.749,14.1,33,47.1,22.8,8.5,5.4,16,23.8,104.9
2004,Dallas Mavericks,6,27.4,52,30,53,29,4.44,0.42000000000000004,4.859999999999999,112.1,107.4,4.7,93.2,0.256,0.201,0.536,NA,0.495,11.1,31.4,0.20400000000000001,0.498,13.9,71.6,0.21400000000000002,,825594,20136,TRUE,82,19805,43.2,94,0.459,6.6,18.9,0.348,36.6,75.1,0.48800000000000004,19.2,24.1,0.7959999999999999,15.3,33,48.3,25.5,8.5,5.7,13,20.9,112.1,26,82,19805,40.7,88.7,0.459,6.9,19.1,0.363,33.8,69.6,0.48600000000000004,19,25.5,0.746,13.1,33.3,46.4,25.2,7.6,5,16.1,22,107.4
2004,Los Angeles Lakers,7,29.8,56,26,52,30,3.9,0.45,4.35,105.5,101.3,4.2,92.3,0.352,0.167,0.522,NA,0.48100000000000004,12.8,28.1,0.24400000000000002,0.47100000000000003,14.3,73.3,0.222,,777757,18970,TRUE,82,19855,39.7,87.4,0.454,4.8,14.6,0.327,34.9,72.8,0.47900000000000004,21.4,30.8,0.693,13.1,33.2,46.3,25.5,8.9,5,14.8,22.7,105.5,8,82,19855,38.2,87,0.44,5.5,16.3,0.33699999999999997,32.7,70.6,0.464,19.3,25.7,0.749,12.1,33.5,45.6,22.4,8.1,4,16.4,26.5,101.3
2004,New Jersey Nets,8,27.7,47,35,49,33,2.5,-0.63,1.8800000000000001,100.8,98,2.8,89.4,0.29100000000000004,0.17600000000000002,0.515,NA,0.47100000000000003,14.4,25.9,0.21900000000000003,0.46,15.7,73.9,0.221,,613051,14952,TRUE,82,19705,38.3,86.8,0.441,5.1,15.3,0.33599999999999997,33.2,71.5,0.464,19,25.3,0.753,11.7,33.7,45.4,27.4,9.7,4.4,16.5,23.5,100.8,4,82,19705,36.7,85.8,0.42700000000000005,5.7,16.2,0.35,31,69.6,0.445,19,24.9,0.761,11.9,33.7,45.5,22.2,8.9,5.1,18,23.7,98
2004,Memphis Grizzlies,9,26,50,32,48,34,2.44,0.52,2.9499999999999997,104.8,102.2,2.6,91.4,0.322,0.197,0.522,NA,0.47900000000000004,13.9,29.5,0.234,0.465,15.7,68.4,0.251,,622723,15188,TRUE,82,19880,39.2,88,0.445,5.9,17.4,0.33999999999999997,33.2,70.6,0.47100000000000003,20.6,28.3,0.727,13.8,31.5,45.3,25.3,10.5,7.5,16.2,25.1,104.8,11,82,19880,37.8,86.6,0.43600000000000005,4.9,14.4,0.33799999999999997,32.9,72.1,0.456,21.7,28.4,0.764,14.5,33.1,47.7,22.1,8.9,6.1,18.4,25,102.2
2004,Houston Rockets,10,28.3,45,37,47,35,1.73,0.55,2.2800000000000002,100.9,99,1.9,87.8,0.28600000000000003,0.227,0.528,NA,0.48400000000000004,16.4,26.5,0.221,0.447,13.1,74.5,0.233,,640794,15629,TRUE,82,19930,37.5,84.9,0.442,7.1,19.3,0.366,30.5,65.7,0.464,18.8,24.3,0.773,11.6,36.3,47.9,21.7,7.7,6.1,18.8,24.2,100.9,5,82,19930,36.1,87.8,0.41200000000000003,6.3,16.8,0.372,29.9,71,0.42100000000000004,20.4,27.8,0.737,12.4,32.2,44.7,23.2,9.7,4.9,15.1,23.2,99
2004,Denver Nuggets,11,25.6,43,39,44,38,1.07,0.58,1.6500000000000001,103.9,102.7,1.2,93.3,0.319,0.14600000000000002,0.517,NA,0.467,14.2,30.5,0.24500000000000002,0.48100000000000004,15.6,69.3,0.221,,721476,17597,TRUE,82,19730,39,88.1,0.443,4.3,12.8,0.33599999999999997,34.7,75.3,0.461,21.6,28.1,0.767,14.1,31.1,45.2,23.4,9.7,6.8,16.7,23.5,103.9,13,82,19730,39.3,86.8,0.453,4.9,13.8,0.356,34.4,73.1,0.47100000000000003,19.2,26.3,0.728,13.8,32.1,45.9,25.2,8.7,6.2,18.2,24.7,102.7
2004,Milwaukee Bucks,12,26.5,41,41,44,38,1.06,-0.64,0.42000000000000004,106.5,105.4,1.1,91.6,0.32999999999999996,0.17200000000000001,0.528,NA,0.47700000000000004,12.7,27.6,0.255,0.48500000000000004,13.3,71.8,0.21300000000000002,,690180,16834,TRUE,82,19780,39.4,88.1,0.447,5.3,15.2,0.35,34,72.9,0.467,22.5,29,0.775,12.7,33.2,45.9,24.8,7.3,5.1,14.7,22.1,106.5,23,82,19780,40.2,89,0.452,6,17.2,0.352,34.2,71.9,0.47500000000000003,18.9,25.6,0.739,13,33.4,46.4,24.8,8.1,5.4,15.4,24.9,105.4
2004,Miami Heat,13,26.4,42,40,43,39,0.52,-0.65,-0.13,102.2,101.7,0.5,88,0.29800000000000004,0.21100000000000002,0.51,NA,0.463,13.5,27.4,0.227,0.463,14.5,73.4,0.26,,624809,15239,TRUE,82,19755,37.7,88.6,0.42500000000000004,6.7,18.7,0.357,31,69.9,0.443,20.2,26.5,0.762,13,34,47,21.6,8.1,4.3,15.7,25,102.2,9,82,19755,36.7,85.7,0.42800000000000005,6,17.3,0.34299999999999997,30.8,68.4,0.45,22.3,29,0.768,12.3,34.3,46.7,21.1,8,6.1,16.7,23.9,101.7
2004,New Orleans Hornets,14,30.3,41,41,41,41,-0.1,-0.62,-0.72,102.3,102.4,-0.1,89.1,0.29300000000000004,0.252,0.505,NA,0.46,14.1,30.6,0.22,0.47600000000000003,15,71.3,0.21800000000000003,,587613,14332,TRUE,82,19830,37.7,89.7,0.42000000000000004,7.2,22.6,0.319,30.4,67.1,0.454,19.7,26.3,0.751,14.8,32.8,47.7,23.3,9.6,4.7,16.7,23.3,102.3,12,82,19830,38.6,87.5,0.441,6,17.7,0.34099999999999997,32.6,69.8,0.467,19.1,25.5,0.75,13.2,33.6,46.8,24.3,8.3,5.8,17.4,23.6,102.4
2004,Seattle SuperSonics,15,26,37,45,39,43,-0.63,0.6599999999999999,0.02,107.3,108,-0.7,89.9,0.27,0.29400000000000004,0.54,NA,0.501,13.9,27.2,0.20700000000000002,0.48700000000000004,13.9,68.5,0.23700000000000002,,625474,15154,FALSE,82,19805,39.6,88.8,0.446,9.7,26.1,0.373,29.9,62.7,0.47600000000000003,18.4,24,0.765,12.2,31.2,43.5,24,8.9,5.2,16,24,107.3,27,82,19805,40.2,89.2,0.45,6.5,18.8,0.349,33.6,70.4,0.47700000000000004,21.2,27.3,0.774,14.4,32.7,47.1,23.3,8.5,5.2,16.3,22.3,108
2004,Golden State Warriors,16,28.1,37,45,39,43,-0.73,0.6599999999999999,-0.07,103,103.8,-0.8,89.8,0.311,0.197,0.517,NA,0.47500000000000003,14.1,28.4,0.226,0.47600000000000003,13.3,72.1,0.21100000000000002,,665648,16235,FALSE,82,19855,38.7,87.7,0.442,5.8,17.3,0.33399999999999996,32.9,70.4,0.468,19.8,27.3,0.725,13.5,34.1,47.6,22.6,7.8,5.2,16.3,22.8,103,18,82,19855,39.7,89.3,0.445,5.6,14.9,0.374,34.1,74.4,0.459,18.8,25.2,0.746,13.2,34.1,47.3,23.7,9,5.6,15.4,24.2,103.8
2004,Portland Trail Blazers,17,27.6,41,41,37,45,-1.27,0.69,-0.58,103.7,105.1,-1.4,86.2,0.267,0.17,0.515,NA,0.47800000000000004,14.4,31.2,0.195,0.48200000000000004,13.3,70,0.186,,684038,16684,FALSE,82,19980,40.4,90.1,0.448,5.3,15.4,0.346,35.1,74.7,0.46900000000000003,17.6,24.1,0.731,14.5,33.1,47.6,24.6,8.5,6.2,16.9,21.7,103.7,22,82,19980,41.2,91.5,0.45,5.8,17,0.34099999999999997,35.3,74.5,0.47500000000000003,17,22.5,0.753,14.2,31.9,46.1,26.6,9.2,5.4,15.6,21.4,105.1
2004,Utah Jazz,18,24.9,42,40,37,45,-1.22,0.69,-0.53,101.9,103.3,-1.4,86.6,0.356,0.127,0.509,NA,0.456,16.1,34.1,0.266,0.468,15.4,72.4,0.319,,785330,19154,FALSE,82,19780,37.7,86.5,0.43600000000000005,3.5,11,0.321,34.2,75.5,0.453,23,30.8,0.746,15.5,31.8,47.3,23.4,8.2,6.9,19.1,29.4,101.9,14,82,19780,35.6,82.4,0.43200000000000005,5.8,16.9,0.34299999999999997,29.8,65.4,0.455,26.3,34.1,0.771,12.2,29.9,42,21.4,9.3,7.4,17.7,28,103.3
2004,Boston Celtics,19,26.4,36,46,37,45,-1.45,-0.54,-1.99,102.1,103.7,-1.6,93.2,0.327,0.24900000000000003,0.532,NA,0.48600000000000004,15.4,25.2,0.24500000000000002,0.47900000000000004,15.7,69.5,0.24000000000000002,,664248,16201,TRUE,82,19705,37.2,83.9,0.443,7.2,20.9,0.346,29.9,63,0.47500000000000003,20.6,27.4,0.75,11.1,31.9,43,22,10.1,4.3,17.4,24,102.1,17,82,19705,37.8,86.6,0.43700000000000006,7.3,20.1,0.362,30.6,66.6,0.459,20.7,28.2,0.736,14,33,47,24.6,9.4,5.3,18.4,23.8,103.7
2004,New York Knicks,20,29.6,39,43,36,46,-1.48,-0.49,-1.97,101.7,103.3,-1.6,89.5,0.266,0.171,0.518,NA,0.47400000000000003,15.1,28,0.21100000000000002,0.461,13.2,72.8,0.259,,785739,19164,TRUE,82,19880,38.9,87.8,0.442,5.5,15,0.364,33.4,72.8,0.459,18.5,23.4,0.7929999999999999,12.8,34.3,47.1,22.9,8.2,5.3,17.4,25.6,101.7,15,82,19880,37.6,87.5,0.42900000000000005,5.6,16.6,0.33799999999999997,32,71,0.45,22.6,29.6,0.763,12.8,33,45.8,22.6,9.1,5.2,15.3,21.6,103.3
2004,Philadelphia 76ers,21,27.5,33,49,33,49,-2.4899999999999998,-0.46,-2.9499999999999997,99.1,101.9,-2.8,88,0.321,0.15800000000000003,0.505,NA,0.456,15.5,28.2,0.24200000000000002,0.467,14.7,70.7,0.231,,788128,19223,FALSE,82,19855,36.8,86,0.42800000000000005,4.7,13.6,0.34199999999999997,32.2,72.3,0.445,20.8,27.6,0.753,12.9,33.1,46,22.5,9,4.9,17.9,23.4,99.1,10,82,19855,37.8,87.5,0.43200000000000005,6.1,18.2,0.33299999999999996,31.7,69.2,0.458,20.2,27.2,0.744,13.7,32.9,46.6,24,9.3,6.4,17.1,24.1,101.9
2004,Cleveland Cavaliers,22,24.9,35,47,33,49,-2.62,-0.44,-3.07,101.4,104.2,-2.8,90.8,0.301,0.116,0.498,NA,0.451,13.7,31.1,0.226,0.46900000000000003,12.3,73,0.221,,749790,18288,FALSE,82,19855,38.9,89.9,0.43300000000000005,3.3,10.5,0.314,35.6,79.4,0.448,20.3,27,0.753,14.9,34.8,49.7,24.1,7.8,7.1,16.2,23.2,101.4,19,82,19855,39.3,89.9,0.43700000000000006,5.7,15.5,0.371,33.6,74.5,0.451,19.8,26.5,0.749,12.9,32.9,45.9,23.7,8.4,5.8,14.3,22,104.2
2004,Toronto Raptors,23,27.6,33,49,31,51,-3.01,-0.4,-3.42,97,100.4,-3.4,86.8,0.26,0.20400000000000001,0.495,NA,0.454,14.1,23.8,0.195,0.449,14.1,70.1,0.24100000000000002,,750608,18308,FALSE,82,19980,36.7,87.9,0.41800000000000004,6.4,17.9,0.356,30.4,70,0.43400000000000005,17.1,22.8,0.75,11.5,33.5,45,21.8,8.4,5.6,16.1,24.2,97,7,82,19980,37.7,88.1,0.42800000000000005,3.8,12.3,0.307,33.9,75.8,0.447,21.3,28.4,0.747,14.3,36.8,51.2,21,8.2,4.6,16.6,22.4,100.4
2004,Phoenix Suns,24,24.4,29,53,30,52,-3.74,0.8,-2.94,101.4,105.5,-4.1,92.6,0.28,0.18,0.515,NA,0.47500000000000003,14.3,26.6,0.20900000000000002,0.48200000000000004,14.7,69.9,0.24000000000000002,,670385,16351,FALSE,82,19730,38.8,87.6,0.443,5.4,15.8,0.345,33.4,71.8,0.465,18.3,24.5,0.746,12.1,31.6,43.7,20.8,9.6,5,16.4,24.5,101.4,24,82,19730,39.1,87.6,0.446,6.3,18,0.349,32.8,69.6,0.47100000000000003,21,27.5,0.765,13.6,33.5,47.1,23.1,8.5,5.7,17.1,20.9,105.5
2004,Los Angeles Clippers,25,24.3,28,54,28,54,-4.59,0.8400000000000001,-3.74,103.5,108.5,-5,91,0.35,0.15600000000000003,0.512,NA,0.453,15,32.8,0.275,0.494,12.9,70,0.231,,665396,16143,FALSE,82,19805,37.5,87.7,0.42800000000000005,4.4,13.6,0.321,33.1,74,0.448,24.1,30.7,0.7849999999999999,15.3,32.2,47.5,22,7.9,5,17.9,24.2,103.5,28,82,19805,41,89.1,0.46,6,16.7,0.36,34.9,72.4,0.48300000000000004,20.6,27.8,0.741,13.8,31.4,45.2,25,9.2,5.8,14.9,24.8,108.5
2004,Atlanta Hawks,26,26.2,28,54,28,54,-4.6499999999999995,-0.36,-5,101,106.1,-5.1,90.8,0.303,0.191,0.514,NA,0.465,15.4,28.6,0.23500000000000001,0.47600000000000003,13.1,70.5,0.234,,565728,13798,FALSE,82,19905,37.6,86.7,0.43300000000000005,5.6,16.6,0.33499999999999996,32,70.1,0.456,20.4,26.2,0.776,13.2,33.3,46.5,21.9,8.3,5.4,17.9,24.2,101,25,82,19905,39.4,89.5,0.44,6.4,17.9,0.358,33,71.6,0.461,20.9,27.5,0.76,13.9,33,46.9,23.9,9.7,5.5,15.3,22.6,106.1
2004,Washington Wizards,27,24.4,25,57,25,57,-5.63,-0.48000000000000004,-6.119999999999999,98.8,104.8,-6,92.2,0.33699999999999997,0.194,0.5,NA,0.454,16,30.7,0.24100000000000002,0.48600000000000004,14.9,69.5,0.21400000000000002,,645363,15741,FALSE,82,19830,36.2,86,0.42100000000000004,5.7,16.6,0.34099999999999997,30.5,69.4,0.44,20.7,29,0.714,14.6,31.4,46,20.2,9.6,5.3,18.9,22.5,98.8,20,82,19830,40.2,88.4,0.454,5.6,16.2,0.34199999999999997,34.6,72.2,0.47900000000000004,18.9,24.6,0.771,13.7,33.1,46.8,25.8,10.3,5.9,17.3,23.4,104.8
2004,Chicago Bulls,28,26.8,23,59,23,59,-6.35,-0.32999999999999996,-6.6899999999999995,96.6,103.4,-6.8,92.2,0.272,0.186,0.48600000000000004,NA,0.446,14.9,28.1,0.197,0.46900000000000003,14.1,71.4,0.253,,809177,19736,FALSE,82,19830,36.7,88.7,0.41400000000000003,5.6,16.5,0.34199999999999997,31.1,72.2,0.43100000000000005,17.5,24.1,0.725,13.8,33.1,46.8,23.5,8.7,5.2,17.3,25.1,96.6,16,82,19830,37.8,86.8,0.43600000000000005,5.8,16.2,0.355,32.1,70.6,0.454,22,29.4,0.748,13.3,35.2,48.5,24.8,9.1,5.9,16.4,22.1,103.4
2004,Orlando Magic,29,25.8,21,61,22,60,-7.02,-0.23,-7.25,102.7,110.4,-7.7,90.8,0.29600000000000004,0.184,0.504,NA,0.461,12.8,28.1,0.21800000000000003,0.502,12.7,68.7,0.21400000000000002,,589144,14369,FALSE,82,19830,38.7,90.2,0.42900000000000005,5.7,16.6,0.344,33,73.5,0.448,19.6,26.6,0.737,13.4,31.3,44.7,21.1,7.3,4.1,15,23.2,102.7,29,82,19830,42.2,90.6,0.466,6.5,17.3,0.377,35.7,73.3,0.48700000000000004,19.4,26.2,0.742,14.3,34.2,48.5,26.7,8.3,6,14.8,22.5,110.4
2005,San Antonio Spurs,1,28.5,59,23,63,19,7.8,0.03,7.84,107.5,98.8,8.7,88.9,0.329,0.21600000000000003,0.534,NA,0.492,13.2,29.1,0.23800000000000002,0.452,14.7,73.6,0.23600000000000002,,750970,18316,TRUE,82,19805,39.8,87.9,0.453,6.9,19,0.363,32.9,68.9,0.47800000000000004,20.9,28.9,0.724,13.5,33.9,47.4,24.1,8.4,7.4,15.3,23.4,107.5,1,82,19805,37,86.7,0.42600000000000005,4.4,12,0.367,32.6,74.7,0.43600000000000005,20.5,26.6,0.768,12.2,32.7,44.9,18.9,8.1,5.7,16.9,25.8,98.8
2005,Phoenix Suns,2,25.2,62,20,59,23,7.119999999999999,-0.04,7.08,114.5,107.1,7.4,95.9,0.29600000000000004,0.28900000000000003,0.5710000000000001,NA,0.534,12.4,27.5,0.222,0.47800000000000004,12,68.3,0.17600000000000002,,726066,17709,TRUE,82,19780,42.4,88.8,0.47700000000000004,10.1,25.6,0.393,32.3,63.1,0.512,19.7,26.3,0.748,12.2,33.5,45.8,24.4,7.2,5.7,14.2,19.8,114.5,17,82,19780,42.1,94.7,0.445,6.2,18.7,0.33499999999999996,35.8,76,0.47200000000000003,16.7,22.5,0.744,15.6,32.3,47.9,22,7.9,4.3,14.3,22.1,107.1
2005,Miami Heat,3,28,59,23,59,23,6.52,-0.76,5.7700000000000005,110.2,103.1,7.1,90.8,0.387,0.198,0.559,NA,0.524,13.1,27,0.26,0.46,12.4,74.1,0.24200000000000002,,815143,19882,TRUE,82,19980,41,84.3,0.48600000000000004,6.3,16.7,0.377,34.7,67.6,0.513,21.9,32.6,0.6719999999999999,11.7,34.9,46.7,23.7,7,6.3,14.9,24,110.2,7,82,19980,37.9,88.7,0.42700000000000005,5.8,16.8,0.348,32.1,71.9,0.446,21.4,28.2,0.76,12.2,31.7,43.9,21.4,8.1,3.5,14.4,26.7,103.1
2005,Dallas Mavericks,4,27.7,58,24,57,25,5.74,0.11,5.859999999999999,110.3,104.1,6.2,92.7,0.346,0.19,0.545,NA,0.492,12.5,28.6,0.273,0.47200000000000003,14.3,70.2,0.23900000000000002,,822533,20062,TRUE,82,19730,40.1,87.8,0.457,6.1,16.7,0.364,34,71.1,0.47900000000000004,24,30.4,0.7889999999999999,13,33.2,46.2,21.1,9.3,6,14.5,24,110.3,9,82,19730,38.6,88.1,0.43800000000000006,5.9,17.9,0.32999999999999996,32.7,70.1,0.466,21,27.9,0.754,14.1,32.4,46.4,22.5,7.7,5.2,16.8,24.9,104.1
2005,Houston Rockets,5,29.7,51,31,53,29,4.04,0.23,4.2700000000000005,106.2,101.7,4.5,88.8,0.309,0.23700000000000002,0.534,NA,0.48600000000000004,13.5,26.3,0.24200000000000002,0.459,12.9,74.5,0.24500000000000002,,663444,16182,TRUE,82,19855,38.8,87.4,0.443,7.5,20.7,0.364,31.2,66.7,0.468,21.1,27,0.7809999999999999,11.9,35.4,47.3,23.6,7.7,5.1,15.5,24.6,106.2,4,82,19855,37,87.5,0.42300000000000004,6.2,18.3,0.33799999999999997,30.9,69.2,0.446,21.4,28.8,0.742,12.1,33.3,45.4,23.1,8.3,4.6,14.8,24.1,101.7
2005,Detroit Pistons,6,27.9,54,28,53,29,3.8699999999999997,-0.55,3.3099999999999996,105.6,101.2,4.4,87.2,0.33499999999999996,0.164,0.519,NA,0.47200000000000003,13.3,31.2,0.24700000000000003,0.461,13.5,73,0.20700000000000002,,905116,22076,TRUE,82,19955,39.3,88.6,0.444,5,14.5,0.345,34.3,74.1,0.463,21.9,29.7,0.739,14.5,34.6,49.1,24.7,7.9,6.9,15.6,22.6,105.6,3,82,19955,38.5,89.6,0.43000000000000005,5.7,16.7,0.33799999999999997,32.8,72.9,0.451,18.5,24.7,0.751,12.8,32,44.8,22.3,8.4,5.1,15.7,25.5,101.2
2005,Seattle SuperSonics,7,26,52,30,48,34,2.29,0.3,2.59,112.2,109.6,2.6,87.9,0.328,0.281,0.546,NA,0.495,13,32.4,0.259,0.496,12.9,71.3,0.24900000000000003,,675490,16475,TRUE,82,19755,39.8,89.8,0.444,9.2,25.2,0.365,30.6,64.6,0.47400000000000003,23.3,29.5,0.7899999999999999,14.4,31.9,46.3,20.6,7.6,4.7,15.4,26.9,112.2,27,82,19755,40.5,88.2,0.459,6.5,18.2,0.357,34,70,0.48600000000000004,22,29.4,0.749,12.9,30.1,42.9,23.5,7,5.4,15,26.9,109.6
2005,Memphis Grizzlies,8,26.3,45,37,48,34,2.29,0.33999999999999997,2.64,105.5,102.9,2.6,88.5,0.323,0.23700000000000002,0.535,NA,0.48900000000000005,14.3,27.1,0.24300000000000002,0.466,15.4,69.9,0.27,,691362,16862,TRUE,82,19705,38.6,86.3,0.447,7.3,20.5,0.357,31.3,65.9,0.47500000000000003,21,27.9,0.754,12.2,31.8,44,23.6,9.6,6.6,16.5,26.3,105.5,5,82,19705,37,85.6,0.43200000000000005,5.9,16.7,0.351,31.1,68.8,0.452,23.1,30,0.771,13.7,32.9,46.5,22.5,8.4,6.6,17.9,25.5,102.9
2005,Sacramento Kings,9,27.7,50,32,47,35,2.16,0.4,2.56,110.5,108.2,2.3,93,0.28700000000000003,0.2,0.541,NA,0.496,12,28.8,0.226,0.493,13.3,69,0.21400000000000002,,709997,17317,TRUE,82,19855,41.6,90.7,0.459,6.8,18.1,0.374,34.8,72.5,0.48000000000000004,20.5,26,0.7869999999999999,13.3,31.9,45.2,26,8.8,4.1,13.9,21.9,110.5,23,82,19855,41.4,90.2,0.459,6.1,17.1,0.357,35.3,73.1,0.48300000000000004,19.3,26.1,0.738,14.3,32.9,47.2,22.9,8.1,4.7,15.6,22.9,108.2
2005,Denver Nuggets,10,26.7,49,33,47,35,2.02,0.2,2.23,106,103.9,2.1,93.5,0.35,0.14200000000000002,0.535,NA,0.48300000000000004,13.8,28.4,0.267,0.48200000000000004,15.1,71.7,0.24700000000000003,,723949,17657,TRUE,82,19755,39.5,85.9,0.459,4.2,12.2,0.33999999999999997,35.3,73.7,0.47900000000000004,22.9,30,0.763,12.6,32.1,44.7,25.4,9.7,6.4,15.9,24.4,106,8,82,19755,38.3,85.8,0.447,6,17.4,0.345,32.3,68.4,0.47200000000000003,21.2,28.4,0.746,12.7,31.7,44.4,23.1,8.3,5.9,17.4,25.5,103.9
2005,Minnesota Timberwolves,11,29,44,38,45,37,1.45,0.28,1.73,108.2,106.6,1.6,89.1,0.275,0.17300000000000001,0.534,NA,0.48900000000000005,12.7,28.6,0.21900000000000003,0.47200000000000003,11.2,71.4,0.20800000000000002,,704438,17181,FALSE,82,19755,41.5,90.4,0.459,5.4,15.6,0.345,36.1,74.8,0.48300000000000004,19.8,24.8,0.7959999999999999,12.9,35.2,48.1,26.2,6.3,6.1,14.7,24.2,108.2,15,82,19755,40.5,92.4,0.43800000000000006,6.4,17.6,0.363,34.1,74.8,0.456,19.3,25.6,0.752,14.1,32.2,46.2,24.3,7.4,4.4,13.1,22.2,106.6
2005,Chicago Bulls,12,25,47,35,44,38,1.06,-0.41000000000000003,0.65,101.4,100.3,1.1,92.4,0.311,0.21700000000000003,0.517,NA,0.47100000000000003,15.5,28.4,0.233,0.454,14.4,72.6,0.262,,828384,20204,TRUE,82,19830,37.3,86.3,0.43200000000000005,6.7,18.8,0.357,30.6,67.5,0.453,20.1,26.8,0.75,13.1,33.9,47,22.8,7.5,4.8,17.9,26.6,101.4,2,82,19830,36.2,85.7,0.42200000000000004,5.4,16.3,0.33399999999999996,30.7,69.4,0.443,22.5,30.2,0.744,12.8,33,45.9,22.5,9,5.7,16.7,25.1,100.3
2005,Boston Celtics,13,27.1,45,37,43,39,0.8700000000000001,-0.52,0.35,107.5,106.6,0.9,93.3,0.357,0.192,0.551,NA,0.501,14.7,27.2,0.273,0.48100000000000004,14.2,70.1,0.274,,656081,16002,TRUE,82,19880,39.4,84.3,0.468,5.7,16.2,0.349,33.8,68.1,0.496,23,30.1,0.764,11.8,31.6,43.3,23.4,8.6,5.5,16.8,25.9,107.5,14,82,19880,38.3,86.2,0.444,6.3,17.7,0.356,32,68.5,0.467,23.6,31.4,0.753,13.4,31.4,44.9,24.1,9.2,5.2,16.5,25.1,106.6
2005,Cleveland Cavaliers,14,26.5,42,40,43,39,0.7899999999999999,-0.52,0.27,106.6,105.7,0.9,89.7,0.325,0.135,0.518,NA,0.47000000000000003,13,32.5,0.24400000000000002,0.48500000000000004,14.1,71.5,0.24800000000000003,,784249,19128,FALSE,82,19855,40.3,90.1,0.447,4,12.2,0.33199999999999996,36.2,77.9,0.465,22,29.3,0.752,15,31.7,46.7,24.9,8.8,6.2,15.4,24.9,106.6,12,82,19855,39.2,86.8,0.452,5.7,15.1,0.376,33.6,71.7,0.468,21.6,28.8,0.75,12.6,31.3,43.9,23.4,7.4,5.6,16.3,23.8,105.7
2005,Indiana Pacers,15,28.3,44,38,43,39,0.76,-0.27,0.49,105.5,104.6,0.9,87.2,0.358,0.255,0.534,NA,0.47600000000000003,14.1,26.4,0.28300000000000003,0.47200000000000003,13.6,71.3,0.261,,696764,16994,TRUE,82,19905,36.9,85.3,0.43200000000000005,7.5,21.8,0.344,29.4,63.5,0.463,24.2,30.5,0.7919999999999999,12,33.4,45.4,20.6,8.5,4.9,16.2,26.1,105.5,11,82,19905,38.3,86.9,0.44,5.4,14.8,0.365,32.9,72.1,0.456,22.6,30.5,0.743,13.4,33.4,46.9,21.3,7.6,5.5,15.8,26,104.6
2005,Washington Wizards,16,25.3,45,37,40,42,-0.32999999999999996,-0.38,-0.71,107.2,107.5,-0.3,93.3,0.364,0.22,0.523,NA,0.47400000000000003,12.9,31.1,0.264,0.498,14.6,70,0.23,,705069,17197,TRUE,82,19780,38.6,88.4,0.43700000000000006,6.7,19.5,0.34299999999999997,31.9,68.9,0.463,23.3,32.2,0.725,14.7,30.9,45.6,20.3,9.3,4.5,15.2,23.5,107.2,19,82,19780,40.3,87.8,0.459,6.8,18.6,0.364,33.5,69.1,0.48500000000000004,20.1,26.5,0.762,13.2,32.6,45.9,24.5,7.6,5.4,17,25.9,107.5
2005,Philadelphia 76ers,17,26.4,43,39,39,43,-0.74,-0.32999999999999996,-1.07,103.5,104.3,-0.8,94.9,0.326,0.21600000000000003,0.528,NA,0.47500000000000003,14.2,25.4,0.257,0.48500000000000004,15.4,72.7,0.267,,732686,17870,TRUE,82,19855,37.5,85.8,0.43700000000000006,6.4,18.5,0.348,31.1,67.3,0.462,22,27.9,0.7889999999999999,11.6,32.3,43.9,21.8,9.6,4.1,16.2,23.9,103.5,10,82,19855,37.3,84.3,0.443,7.2,19.9,0.362,30.1,64.4,0.468,22.5,29.3,0.767,12.1,33.9,46,23.9,8.7,4.9,17.7,24.6,104.3
2005,Los Angeles Clippers,18,25.5,37,45,39,43,-0.77,0.3,-0.47000000000000003,105.5,106.4,-0.9,89.1,0.357,0.10500000000000001,0.533,NA,0.47700000000000004,14.9,30.3,0.278,0.48000000000000004,13,71.3,0.23500000000000001,,696181,16980,FALSE,82,20030,39.3,85.6,0.459,3.1,9,0.345,36.2,76.6,0.47300000000000003,23.8,30.6,0.778,13.2,33,46.2,25.6,8.1,5.7,17.3,24.5,105.5,13,82,20030,39.5,89,0.444,6.5,17.7,0.368,32.9,71.3,0.462,20.9,27.4,0.762,13.3,30.3,43.6,23.3,8.6,5.3,15.1,26,106.4
2005,New Jersey Nets,19,27.8,42,40,36,46,-1.5,-0.32,-1.82,101.4,103.1,-1.7,89.1,0.318,0.187,0.512,NA,0.463,13.7,25.5,0.24200000000000002,0.47900000000000004,15.2,73.2,0.278,,618681,15090,TRUE,82,19905,37.3,86.9,0.42900000000000005,5.9,16.3,0.362,31.4,70.6,0.444,21,27.6,0.763,11.6,32.3,43.9,24,8.8,4.2,15.8,26.9,101.4,6,82,19905,36.7,83.5,0.43900000000000006,6.6,17.8,0.368,30.1,65.6,0.459,23.2,31.2,0.744,11.8,33.9,45.7,22.5,8.1,5.4,17.4,25.5,103.1
2005,Toronto Raptors,20,27,33,49,36,46,-1.62,-0.19,-1.81,106.9,108.7,-1.8,92.7,0.316,0.253,0.539,NA,0.492,12.5,23.7,0.24400000000000002,0.499,13.4,71.1,0.24000000000000002,,703388,17156,FALSE,82,19805,38.6,87,0.444,8.5,22,0.385,30.1,65,0.463,21.3,27.5,0.774,11,32,43,21.8,8.1,4.1,14.2,24.5,106.9,24,82,19805,41,87.7,0.467,5.7,16,0.356,35.3,71.7,0.492,21,28.3,0.744,13,35.6,48.5,23.7,6.6,4.7,15.5,23.5,108.7
2005,Golden State Warriors,21,26.7,34,48,35,47,-2.16,0.42000000000000004,-1.74,104.7,106.9,-2.2,93.3,0.278,0.252,0.512,NA,0.47500000000000003,12.3,27.8,0.201,0.491,13.9,69.7,0.227,,670368,16350,FALSE,82,19905,39.2,91,0.43000000000000005,8.1,22.9,0.352,31.1,68.1,0.457,18.3,25.3,0.722,13.8,31.5,45.3,23.4,8.3,5.4,14.4,23.7,104.7,16,82,19905,40.5,88.4,0.458,5.8,16,0.363,34.7,72.4,0.47900000000000004,20.1,27,0.745,13.7,35.8,49.5,24,7.4,5.4,16.3,23,106.9
2005,Orlando Magic,22,26.5,36,46,35,47,-2.24,-0.27,-2.52,104.9,107.3,-2.4,94.7,0.35,0.137,0.529,NA,0.47800000000000004,14.6,29.9,0.265,0.48400000000000004,13.2,71.3,0.255,,597942,14584,FALSE,82,19705,39,85.9,0.454,4.1,11.8,0.349,34.9,74.1,0.47100000000000003,22.8,30,0.759,13.3,32.7,46.1,20.4,8.1,5.7,17,24.9,104.9,18,82,19705,39.6,87.8,0.451,5.7,16.6,0.34299999999999997,33.9,71.2,0.47700000000000004,22.4,29.6,0.754,13.2,31.2,44.4,22.5,9,4.6,15.3,24.7,107.3
2005,New York Knicks,23,27.3,33,49,34,48,-2.44,-0.28,-2.72,106.2,108.9,-2.7,90.7,0.312,0.188,0.531,NA,0.48500000000000004,13.8,28.3,0.23900000000000002,0.501,13.8,71.2,0.265,,800144,19516,FALSE,82,19880,39.7,87.9,0.451,5.9,16.5,0.356,33.8,71.4,0.47300000000000003,21,27.4,0.767,12.8,31.9,44.7,22.2,8.4,3.5,16,25.9,106.2,25,82,19880,40,85.9,0.465,6.2,17,0.364,33.8,68.9,0.49,22.8,30.1,0.756,12.9,32.6,45.5,22.6,8,5.2,15.9,23.1,108.9
2005,Milwaukee Bucks,24,26.9,30,52,32,50,-2.9899999999999998,-0.1,-3.09,106.6,109.8,-3.2,90.8,0.33899999999999997,0.14100000000000001,0.527,NA,0.47500000000000003,13,29,0.261,0.499,12.4,72,0.233,,637009,15537,FALSE,82,19780,39.6,87.9,0.45,4.3,12.4,0.351,35.3,75.6,0.467,23,29.8,0.772,13.2,32.1,45.3,23,7.1,3.9,15.1,24,106.6,28,82,19780,41.4,89.3,0.464,6.2,18,0.34299999999999997,35.2,71.2,0.494,20.8,27,0.771,12.5,32.3,44.7,26.1,8.2,4.9,14.3,26.1,109.8
2005,Los Angeles Lakers,25,26,34,48,33,49,-2.96,0.64,-2.32,108.1,111.4,-3.3,90.8,0.322,0.273,0.535,NA,0.48500000000000004,13.4,29.5,0.251,0.493,11,71.1,0.21800000000000003,,770494,18793,FALSE,82,19780,38.7,88.6,0.43700000000000006,8.6,24.2,0.355,30.1,64.3,0.467,22.2,28.5,0.777,13.7,33.5,47.3,22.3,6.8,4.6,15.7,24,108.1,30,82,19780,42,92.5,0.453,7.3,20.3,0.361,34.6,72.2,0.47900000000000004,20.1,25.8,0.7799999999999999,13.7,32.8,46.4,26.7,8.4,5.6,12.9,24.2,111.4
2005,Portland Trail Blazers,26,27,27,55,29,53,-4,0.55,-3.4499999999999997,103.2,107.7,-4.5,89.8,0.303,0.181,0.524,NA,0.48400000000000004,15.2,29.6,0.21900000000000003,0.47900000000000004,12.6,67.7,0.20400000000000001,,680374,16594,FALSE,82,19730,39.2,87,0.451,5.7,15.7,0.362,33.5,71.3,0.47100000000000003,19.1,26.3,0.725,13.1,32.6,45.7,23.3,7.9,7.4,17.7,23.1,103.2,22,82,19730,41.4,92.7,0.447,6,17.4,0.34299999999999997,35.4,75.3,0.47100000000000003,18.9,25.1,0.755,15.6,31.3,46.9,26,9.5,5.6,14.9,22.6,107.7
2005,Utah Jazz,27,25.7,26,56,29,53,-4.2700000000000005,0.53,-3.74,104.7,109.5,-4.8,88.4,0.361,0.12100000000000001,0.522,NA,0.46900000000000003,15,31.9,0.273,0.499,14.2,72.3,0.33999999999999997,,769014,18756,FALSE,82,19780,38.8,86.5,0.449,3.4,10.5,0.328,35.4,76.1,0.465,23.6,31.2,0.757,14.4,30.8,45.2,25.1,7.4,5.1,17.7,30.1,104.7,26,82,19780,37.5,81.9,0.458,6.7,17.8,0.375,30.8,64.1,0.48100000000000004,27.8,36.4,0.764,11.8,30.6,42.4,21.9,8.9,6.5,16.2,28.3,109.5
2005,Charlotte Bobcats,28,24.9,18,64,24,58,-5.99,-0.16,-6.1499999999999995,101.1,107.5,-6.4,92.3,0.306,0.128,0.497,NA,0.455,13.3,29.5,0.21700000000000003,0.497,14.7,70.9,0.269,,591701,14432,FALSE,82,19880,38.7,89.7,0.43200000000000005,4.2,11.5,0.363,34.6,78.2,0.442,19.5,27.4,0.709,14.2,30.6,44.7,23.5,9.1,5.8,15.6,24.8,101.1,20,82,19880,39.4,85.1,0.463,5.8,16,0.361,33.7,69.1,0.48700000000000004,22.9,29.8,0.767,12.5,33.8,46.4,23.1,8.2,5.8,17,24.3,107.5
2005,New Orleans Hornets,29,27.5,18,64,21,61,-7.07,0.7799999999999999,-6.3,99.7,107.7,-8,87.6,0.279,0.201,0.493,NA,0.446,14.2,29.1,0.21400000000000002,0.491,13.9,70.7,0.261,,583070,14221,FALSE,82,19930,37.4,90.2,0.41500000000000004,5.7,18.1,0.315,31.7,72.1,0.44,19.3,25.2,0.766,14,31.4,45.4,23.7,7.6,4.3,16.7,25.9,99.7,21,82,19930,39.2,86.6,0.452,6.8,18.5,0.367,32.4,68.1,0.47500000000000003,22.6,29.2,0.775,13,34.2,47.2,24,8.7,6.2,16.1,23.8,107.7
2005,Atlanta Hawks,30,26,13,69,16,66,-9.709999999999999,0.09,-9.62,100.6,111.1,-10.5,91.4,0.29900000000000004,0.14600000000000002,0.504,NA,0.464,14.9,30.7,0.21200000000000002,0.513,14,72.1,0.28900000000000003,,586390,14302,FALSE,82,19855,38.9,88.2,0.441,4,12.9,0.312,34.9,75.4,0.463,18.7,26.4,0.711,14.5,30.9,45.4,21.3,8.3,4.5,17.4,26.6,100.6,29,82,19855,40.3,84.5,0.47600000000000003,6.2,16.3,0.379,34.1,68.2,0.5,24.4,31.7,0.77,11.9,32.8,44.8,23.8,9.5,6.4,16,23.5,111.1
2006,San Antonio Spurs,1,29.8,63,19,61,21,6.819999999999999,-0.13,6.6899999999999995,107.3,99.6,7.7,88.5,0.29800000000000004,0.21500000000000002,0.546,NA,0.513,13.6,26,0.20900000000000002,0.457,13.5,74.2,0.22,,770677,18797,TRUE,82,19805,41,86.8,0.47200000000000003,7.2,18.6,0.385,33.8,68.2,0.496,18.2,25.9,0.702,11.7,34.9,46.5,23.5,7.4,6.4,15.4,23.5,107.3,1,82,19805,38.1,87.9,0.43300000000000005,4.1,12.1,0.33899999999999997,34,75.8,0.449,19.4,26.2,0.74,12.1,33.1,45.2,18.3,8.2,4.7,15.6,23.4,99.6
2006,Detroit Pistons,2,28.5,64,18,60,22,6.67,-0.44,6.24,110.8,103.1,7.7,86.8,0.29700000000000004,0.221,0.535,NA,0.497,11.2,28.9,0.21600000000000003,0.47700000000000004,13.7,71.2,0.191,,905116,22076,TRUE,82,19830,41.6,91.5,0.455,7.8,20.2,0.384,33.8,71.2,0.47500000000000003,19.8,27.2,0.727,13.6,32.7,46.3,27.5,8.1,6.8,13,21.1,110.8,5,82,19830,40.7,90,0.452,4.6,14.1,0.325,36.1,75.9,0.47600000000000003,17.2,23.4,0.736,13.3,33.5,46.7,21.5,6.7,4,16,24.1,103.1
2006,Dallas Mavericks,3,27.5,60,22,58,24,6.07,-0.11,5.96,111.8,105,6.8,87.8,0.364,0.17500000000000002,0.55,NA,0.495,13.1,31.8,0.28500000000000003,0.47500000000000003,13.7,72.2,0.257,,824693,20114,TRUE,82,19880,40.6,87.7,0.462,5.7,15.3,0.374,34.8,72.4,0.48100000000000004,25,31.9,0.7829999999999999,14.2,33.4,47.6,20.3,8.2,6.7,15.3,25.2,111.8,12,82,19880,38.5,86.9,0.443,5.6,15.4,0.361,33,71.5,0.461,22.4,29.8,0.752,12.9,30.4,43.2,19.7,7.4,5.5,15.8,26.9,105
2006,Phoenix Suns,4,27.5,54,28,55,27,5.55,-0.07,5.48,111.5,105.8,5.7,95.8,0.20600000000000002,0.29300000000000004,0.5680000000000001,NA,0.537,12.2,22.1,0.166,0.49,13.2,72.1,0.2,,730179,17809,TRUE,82,19955,43,90,0.47900000000000004,10.5,26.3,0.399,32.5,63.6,0.511,14.9,18.5,0.806,9.8,33.3,43,27.3,6.9,5.2,13.7,21.1,111.5,16,82,19955,40.7,89.6,0.454,6.5,17.9,0.363,34.2,71.8,0.47700000000000004,17.9,24.5,0.731,12.9,34.3,47.2,19.4,7.4,3.5,15.3,20.4,105.8
2006,Memphis Grizzlies,5,28.1,49,33,52,30,3.7,0.05,3.74,105.9,101.6,4.3,86.3,0.33899999999999997,0.258,0.537,NA,0.496,13.9,25.8,0.24100000000000002,0.46900000000000003,14.7,72,0.23700000000000002,,647533,15793,TRUE,82,19855,38.5,85.8,0.448,8.3,22.1,0.374,30.2,63.7,0.47400000000000003,20.7,29.1,0.711,11.7,33.3,45,22.2,8.4,6.2,15.9,24.6,105.9,2,82,19855,37.7,86.5,0.43600000000000005,5.7,17.1,0.33399999999999996,32,69.3,0.461,20.5,27.2,0.754,13,33.7,46.7,22.5,8.4,6.4,17,26.2,101.6
2006,Miami Heat,6,29.2,52,30,52,30,3.8699999999999997,-0.27,3.59,108.7,104.5,4.2,91.6,0.363,0.227,0.556,NA,0.517,13.9,26.7,0.254,0.47700000000000004,12.4,76.4,0.251,,818149,19955,TRUE,82,19755,40.3,84.3,0.47800000000000004,6.6,19.1,0.345,33.7,65.2,0.517,21.4,30.6,0.7,11.4,35.5,46.9,22.4,6.9,5.9,15.7,24.8,108.7,9,82,19755,38.1,86.6,0.44,6.5,18,0.361,31.6,68.6,0.461,21.8,29.5,0.739,11,31.3,42.3,21.2,7.4,4,14.1,25.7,104.5
2006,Los Angeles Lakers,7,25.1,45,37,48,34,2.5,0.03,2.53,108.4,105.7,2.7,90.9,0.329,0.24000000000000002,0.539,NA,0.495,13.1,28.8,0.24500000000000002,0.48600000000000004,13.4,73.6,0.24200000000000002,,774189,18883,TRUE,82,19855,39.8,87.9,0.453,7.3,21,0.349,32.4,66.8,0.48600000000000004,21.5,28.9,0.745,12.9,33.1,46,23.1,8.4,4.7,15.2,25.2,108.4,15,82,19855,39.2,87.1,0.45,6.3,17.8,0.353,32.9,69.2,0.47500000000000003,21.1,28.2,0.747,11.9,31.9,43.8,23,7.1,4.7,15.4,25.6,105.7
2006,Cleveland Cavaliers,8,27.1,50,32,48,34,2.23,-0.06,2.17,107.8,105.4,2.4,89.8,0.362,0.228,0.538,NA,0.492,13.3,28.4,0.263,0.49,12.8,75.7,0.226,,792391,19327,TRUE,82,19830,39.2,86.4,0.454,6.7,19.7,0.33899999999999997,32.5,66.7,0.48700000000000004,22.8,31.2,0.729,12.9,33.8,46.8,21,7.6,5.3,15.3,23.4,107.8,14,82,19830,39.7,87.3,0.455,6.2,17.4,0.356,33.6,69.9,0.48000000000000004,19.7,26.5,0.742,10.9,32.6,43.5,22.5,7.3,4.8,14.5,24.8,105.4
2006,Indiana Pacers,9,27.3,41,41,47,35,1.8900000000000001,-0.27,1.62,104.5,102.4,2.1,89.7,0.344,0.24500000000000002,0.533,NA,0.48700000000000004,14.8,27.1,0.254,0.464,13,72.6,0.232,,663368,16180,TRUE,82,19730,37.8,85.1,0.444,7.3,20.8,0.349,30.5,64.3,0.47500000000000003,21.6,29.3,0.737,12.2,34.7,46.9,22.1,8.1,5.5,17,24.7,104.5,4,82,19730,38.4,88.2,0.43500000000000005,5,14.7,0.34299999999999997,33.4,73.5,0.454,20.5,27.9,0.733,13.1,32.8,45.9,20.6,9,5.4,15.1,24.4,102.4
2006,Washington Wizards,10,26.5,42,40,46,36,1.85,-0.29000000000000004,1.57,109.3,107.3,2,92.3,0.375,0.20900000000000002,0.538,NA,0.48400000000000004,12.8,29.5,0.28400000000000003,0.504,15.1,70.9,0.256,,705062,17197,TRUE,82,19830,39,87.3,0.447,6.5,18.3,0.357,32.5,69,0.47100000000000003,24.8,32.7,0.757,13.6,30.7,44.3,20,8.6,4.4,15,24.3,109.3,22,82,19830,39.5,85,0.465,6.6,18.1,0.363,33,66.9,0.493,21.7,29.1,0.745,12.6,32.5,45.1,23.2,7,4.5,17.4,27.2,107.3
2006,Sacramento Kings,11,27.2,44,38,45,37,1.54,0.07,1.61,106.7,105,1.7,91.9,0.33399999999999996,0.21700000000000003,0.544,NA,0.492,13.9,25.4,0.262,0.48800000000000004,13.7,72.2,0.21000000000000002,,709997,17317,TRUE,82,19830,38.9,85.6,0.454,6.5,18.5,0.351,32.4,67,0.48300000000000004,22.4,28.6,0.7839999999999999,11.2,32.6,43.8,24,8,3.9,15.8,22,106.7,11,82,19830,40.2,88.5,0.454,6.1,17.3,0.351,34.1,71.2,0.47900000000000004,18.6,24.9,0.747,12.5,32.9,45.5,22.8,8.6,5.3,15.8,24.8,105
2006,Los Angeles Clippers,12,26.8,47,35,46,36,1.57,0.18,1.75,105.3,103.6,1.7,91.7,0.33199999999999996,0.131,0.54,NA,0.48700000000000004,13.8,25.4,0.263,0.47100000000000003,12.2,75.9,0.24000000000000002,,712409,17376,TRUE,82,19805,39.5,85.1,0.465,3.8,11.1,0.344,35.7,74,0.48300000000000004,22.4,28.3,0.7909999999999999,10.9,35.7,46.7,22.6,7.1,6.6,15.7,24.7,105.3,8,82,19805,38.1,87.7,0.43500000000000005,6.3,18.1,0.347,31.9,69.6,0.458,21,28.7,0.732,11.3,32.1,43.5,23.3,7.5,4.7,13.9,23.5,103.6
2006,New Jersey Nets,13,28.6,49,33,45,37,1.37,-0.26,1.11,103.9,102.4,1.5,89.8,0.346,0.229,0.528,NA,0.47800000000000004,13.3,24,0.262,0.47600000000000003,14,76.3,0.266,,691543,16867,TRUE,82,19780,37.5,85.3,0.44,6.4,19.5,0.32999999999999996,31.1,65.8,0.47200000000000003,22.4,29.5,0.758,11.1,34.3,45.4,25.4,7.5,3.8,15.1,25.7,103.9,3,82,19780,36.9,84,0.43900000000000006,6.3,18,0.348,30.6,66,0.464,22.3,30.1,0.741,10.6,35.1,45.7,22.2,8,4.4,15.9,25.5,102.4
2006,Chicago Bulls,14,24.1,41,41,43,39,0.63,-0.12000000000000001,0.51,104,103.4,0.6,92.9,0.29200000000000004,0.21900000000000003,0.527,NA,0.48700000000000004,13.9,26.3,0.21600000000000003,0.464,13.9,74.7,0.29500000000000004,,868720,21188,TRUE,82,19905,39,87.4,0.446,7.3,19.2,0.379,31.7,68.2,0.465,18.8,25.5,0.738,11.8,33.8,45.5,23.4,6.6,4.5,15.9,26.4,104,7,82,19905,36,84.5,0.42600000000000005,6.5,18.5,0.351,29.5,66,0.447,24.9,32.1,0.777,11.4,33,44.4,21.4,7.9,5.4,15.9,24.4,103.4
2006,Denver Nuggets,15,27.4,44,38,42,40,0.23,0.13,0.36,105.5,105.2,0.3,93.9,0.347,0.161,0.535,NA,0.48800000000000004,13.7,26.8,0.258,0.493,14.7,72,0.227,,702555,17135,TRUE,82,19930,39.5,85.5,0.461,4.5,13.8,0.325,35,71.7,0.48700000000000004,22.1,29.6,0.744,11.6,31.9,43.4,24.6,8.9,5.9,15.6,23.9,105.5,13,82,19930,39.4,86.7,0.454,6.8,19,0.358,32.6,67.7,0.48100000000000004,19.7,26.8,0.736,12.4,31.7,44,25.1,7.5,5.6,17,24.5,105.2
2006,Milwaukee Bucks,16,25.5,40,42,38,44,-1.04,-0.04,-1.07,106.3,107.4,-1.1,91.2,0.322,0.203,0.535,NA,0.492,13.8,27.3,0.23800000000000002,0.504,13.8,74.6,0.262,,681337,16618,TRUE,82,19855,39.4,87,0.453,6.7,17.7,0.38,32.7,69.3,0.47200000000000003,20.7,28,0.738,12.3,32.4,44.7,23.4,7.9,3.6,15.9,25.2,106.3,23,82,19855,39.4,84.6,0.466,6.5,18.4,0.354,32.9,66.2,0.497,22.1,29.6,0.747,11,32.8,43.8,24.5,8,5.5,15.7,25.7,107.4
2006,Orlando Magic,17,25.5,36,46,38,44,-1.07,-0.18,-1.26,106.3,107.5,-1.2,88.3,0.369,0.129,0.543,NA,0.496,14.7,28.5,0.27,0.49,13,72.5,0.264,,638005,15561,FALSE,82,19905,39.7,84.2,0.47200000000000003,4.1,10.9,0.376,35.7,73.3,0.48600000000000004,22.7,31.1,0.73,12.2,32.8,45,20.4,7.3,4.9,16.9,26.1,106.3,24,82,19905,39.2,86.4,0.454,6.3,17.6,0.357,32.9,68.8,0.47800000000000004,22.8,31.2,0.732,12.4,30.6,43,22.4,8.4,5.3,15,25.9,107.5
2006,Golden State Warriors,18,25.6,34,48,37,45,-1.35,0.25,-1.11,104.8,106.2,-1.4,93.3,0.323,0.27,0.521,NA,0.47900000000000004,13,26.9,0.232,0.492,14.1,71.6,0.24300000000000002,,749185,18273,FALSE,82,19830,38.1,88,0.43300000000000005,8.1,23.8,0.34099999999999997,30,64.3,0.467,20.4,28.4,0.718,12.7,32.2,45,22,7.8,4.6,15,25.2,104.8,17,82,19830,39.5,86.6,0.457,6.1,17.3,0.351,33.4,69.3,0.48300000000000004,21.1,28.4,0.743,12.8,34.5,47.3,23.7,7.5,5.3,16.3,24.9,106.2
2006,Houston Rockets,19,28.8,34,48,36,46,-1.59,0.28,-1.3,101.6,103.3,-1.7,88,0.317,0.226,0.519,NA,0.47100000000000003,14.3,25.5,0.24000000000000002,0.47200000000000003,13.1,74.6,0.24700000000000003,,636110,15515,FALSE,82,19830,37.2,86,0.43300000000000005,6.4,19.4,0.33199999999999996,30.8,66.5,0.463,20.6,27.2,0.759,11.7,35.3,46.9,21.7,8.1,4.4,16.4,25.6,101.6,6,82,19830,37.2,86.8,0.42900000000000005,7.4,20.1,0.369,29.8,66.6,0.447,21.4,29.4,0.731,12,34.1,46.1,22.6,8,5.1,15,23.6,103.3
2006,Boston Celtics,20,25.3,33,49,37,45,-1.54,-0.05,-1.59,105.2,106.9,-1.7,92.2,0.349,0.20400000000000001,0.551,NA,0.504,15.7,25.5,0.263,0.49,13.8,72.8,0.28200000000000003,,692873,16899,FALSE,82,19880,38.6,82.8,0.467,6.1,16.9,0.362,32.5,65.9,0.494,21.8,28.9,0.755,10.6,31.9,42.5,22.5,7.6,5.5,17.8,26.6,105.2,20,82,19880,38.6,84.6,0.456,5.8,16.6,0.353,32.7,68.1,0.48100000000000004,23.9,32.2,0.743,11.9,31,42.9,23.1,9,5.3,15.8,24.1,106.9
2006,Minnesota Timberwolves,21,26.7,33,49,35,47,-1.8800000000000001,0.13,-1.75,102.4,104.5,-2.1,88.8,0.29900000000000004,0.14900000000000002,0.524,NA,0.48000000000000004,14.2,25.2,0.226,0.47500000000000003,13.4,71.3,0.23600000000000002,,662167,16150,FALSE,82,19855,39.3,86.3,0.456,4.2,12.8,0.329,35.1,73.5,0.47800000000000004,19.6,25.8,0.758,11,33,44,23.4,7.6,6.4,16.2,25.7,102.4,10,82,19855,38.8,88.2,0.441,6.1,16.7,0.364,32.7,71.4,0.459,20.8,28.2,0.736,13.3,32.8,46.1,21.2,7.3,5.1,15.5,23.6,104.5
2006,Philadelphia 76ers,22,26.5,38,44,35,47,-1.95,-0.15000000000000002,-2.1,106,108.1,-2.1,92.7,0.356,0.15800000000000003,0.538,NA,0.48700000000000004,13.3,25.6,0.27,0.5,14.3,71.3,0.24000000000000002,,677278,16519,FALSE,82,19905,39,85.2,0.458,4.9,13.4,0.364,34.2,71.7,0.47600000000000003,23,30.3,0.76,11.4,31.5,42.9,21.5,8.5,5.3,15.1,22.3,106,25,82,19905,40.3,87.1,0.463,6.5,18.5,0.351,33.9,68.7,0.493,20.9,27.5,0.762,12.7,33,45.6,24.5,8.2,5,16.5,24.7,108.1
2006,Utah Jazz,23,25.6,41,41,33,49,-2.63,0.14,-2.4899999999999998,104.1,107,-2.9,87.8,0.397,0.14900000000000002,0.519,NA,0.467,15,32.4,0.28600000000000003,0.49,14,73.2,0.303,,751621,18332,FALSE,82,19880,37.7,85.3,0.442,4.3,12.7,0.33599999999999997,33.4,72.6,0.461,24.4,33.9,0.719,14.7,32.7,47.4,24.4,7.2,6.8,17.7,27.9,104.1,21,82,19880,37.5,83.5,0.449,6.7,17.8,0.378,30.8,65.7,0.46900000000000003,25.3,33.9,0.746,12,30.7,42.7,20.8,9.1,6.4,16,28.9,107
2006,New Orleans/Oklahoma City Hornets,24,26.3,38,44,33,49,-2.82,0.31,-2.51,103.7,106.8,-3.1,89,0.33899999999999997,0.138,0.515,NA,0.464,12.9,26.9,0.257,0.502,14.3,73.4,0.24300000000000002,,744920,18717,FALSE,82,19805,38.6,87.6,0.44,4.1,12.1,0.33899999999999997,34.5,75.5,0.457,22.5,29.6,0.758,12.5,32.4,44.9,20.7,8.3,4.2,14.9,24.3,103.7,19,82,19805,39.3,85.6,0.459,7.4,20.2,0.367,31.8,65.4,0.48700000000000004,20.8,27.4,0.76,11.7,34,45.7,21.6,7.2,5.9,16.3,26,106.8
2006,Toronto Raptors,25,25.9,27,55,33,49,-2.9899999999999998,-0.04,-3.03,109.5,112.7,-3.2,91.1,0.315,0.24400000000000002,0.548,NA,0.5,12.4,25.4,0.24900000000000003,0.53,13.5,73.3,0.263,,699332,17057,FALSE,82,19955,39.8,87.7,0.454,8,21.4,0.375,31.8,66.3,0.47900000000000004,21.8,27.6,0.7909999999999999,11.4,30.3,41.7,21,7,3.6,14.1,26,109.5,29,82,19955,41.8,85.2,0.491,6.7,18,0.373,35.1,67.2,0.522,22.4,29.9,0.748,11,33.5,44.6,25.6,6.8,4.7,15.4,24.2,112.7
2006,Seattle SuperSonics,26,25.6,35,47,33,49,-3.02,0.15000000000000002,-2.88,111.1,114.4,-3.3,91.6,0.314,0.24300000000000002,0.551,NA,0.504,13.7,30.4,0.24600000000000002,0.527,13.6,69,0.26,,664157,16199,FALSE,82,19830,40.6,88.6,0.459,8,21.5,0.371,32.6,67.1,0.48700000000000004,21.8,27.8,0.7849999999999999,13.4,29.5,42.9,22.4,8.2,4,16,25.5,111.1,30,82,19830,42.3,87.1,0.48500000000000004,7.2,19.1,0.375,35.1,68,0.516,22.6,29.8,0.76,13.2,30.6,43.8,26.1,7.9,5.3,15.8,24,114.4
2006,Charlotte Bobcats,27,25.2,26,56,30,52,-4,0.1,-3.9,102.5,106.7,-4.2,93.4,0.319,0.184,0.509,NA,0.464,13,27.1,0.233,0.514,16.5,70.7,0.263,,671011,16366,FALSE,82,19905,38.2,88.3,0.43300000000000005,5.5,16.3,0.33899999999999997,32.7,72,0.454,20.6,28.2,0.729,12.8,29.3,42.1,22.2,10.6,4.6,15.1,25.3,102.5,18,82,19905,39.6,82.7,0.47800000000000004,5.9,16.6,0.356,33.6,66.1,0.509,21.7,29.5,0.737,12.1,34.4,46.5,24.3,7.4,5.7,18.9,24.9,106.7
2006,Atlanta Hawks,28,22.7,26,56,28,54,-4.76,0.07,-4.6899999999999995,106.4,111.6,-5.2,90.4,0.33999999999999997,0.17800000000000002,0.534,NA,0.48600000000000004,14.7,31.4,0.255,0.513,14.1,69.5,0.275,,617817,15069,FALSE,82,19880,39.3,86.7,0.454,5.7,15.4,0.367,33.7,71.3,0.47200000000000003,22.1,29.5,0.75,14.3,29.8,44.1,21.7,7.8,5.3,17.1,27.4,106.4,27,82,19880,41.1,85.9,0.47800000000000004,5.9,16.1,0.368,35.1,69.8,0.503,23.6,31.7,0.745,13.1,31.2,44.3,22.5,8,5.6,16.4,24.8,111.6
2006,New York Knicks,29,25.6,23,59,24,58,-6.4,0.11,-6.3,104,111,-7,90.8,0.41700000000000004,0.14200000000000002,0.534,NA,0.48100000000000004,16.5,31.2,0.303,0.511,13.4,72.8,0.29400000000000004,,776176,18931,FALSE,82,19930,37.4,82.3,0.455,4.2,11.7,0.362,33.2,70.6,0.47000000000000003,24.9,34.3,0.726,13.7,31.3,45,19.5,7.4,3.6,19.2,28.6,104,26,82,19930,39.4,84.4,0.467,7.5,19.8,0.378,31.9,64.5,0.494,24.8,32.9,0.753,11.7,30.2,42,23.1,8.9,5.8,15.3,27.6,111
2006,Portland Trail Blazers,30,24.6,21,61,16,66,-9.450000000000001,0.54,-8.91,101.1,111.9,-10.8,87.6,0.31,0.166,0.511,NA,0.47400000000000003,14.5,26.6,0.21400000000000002,0.507,12.6,68.2,0.231,,617019,15049,FALSE,82,19730,38.7,87,0.445,5.1,14.5,0.349,33.7,72.5,0.464,18.6,27,0.689,12.3,30.6,42.9,20.7,7.3,6,16.7,25.4,101.1,28,82,19730,42.1,89.8,0.468,6.9,18.1,0.381,35.2,71.7,0.491,20.8,27.4,0.76,14.3,33.9,48.2,24.1,8.2,5.6,14.7,23.7,111.9
2007,San Antonio Spurs,1,30.4,58,24,64,18,8.43,-0.08,8.350000000000001,109.2,99.9,9.3,89.8,0.313,0.24700000000000003,0.561,NA,0.521,13.6,24.2,0.23500000000000001,0.47100000000000003,14,75.7,0.201,,764823,18654,TRUE,82,19780,40.5,85.5,0.47400000000000003,8,21.1,0.381,32.5,64.4,0.504,20.1,26.8,0.751,10.3,34.8,45.1,24.5,7.9,5.6,15.4,21.5,109.2,2,82,19780,38.7,87.4,0.443,5,14.9,0.33399999999999996,33.7,72.5,0.465,17.6,23.7,0.74,11.2,32.2,43.4,19.1,7.8,4.6,15.9,23.5,99.9
2007,Dallas Mavericks,2,28.1,67,15,61,21,7.22,0.06,7.28,111.3,103.2,8.1,89.5,0.317,0.21800000000000003,0.559,NA,0.509,13.4,28.7,0.256,0.47700000000000004,14.2,75,0.265,,834411,20351,TRUE,82,19755,40.8,87.4,0.467,7.3,19.1,0.381,33.6,68.4,0.491,22.3,27.7,0.805,12.5,34.1,46.6,22.1,7.6,5.5,15.5,24.9,111.3,5,82,19755,37.9,84.7,0.447,5.1,14.6,0.349,32.8,70.1,0.467,22.4,30.1,0.746,11.4,31,42.4,20,7.7,4.2,16.1,24.6,103.2
2007,Phoenix Suns,3,27.6,61,21,59,23,7.3,-0.03,7.28,113.9,106.4,7.5,95.6,0.267,0.28700000000000003,0.59,NA,0.551,13.4,22.7,0.21500000000000002,0.492,13.6,71.9,0.20600000000000002,,755302,18422,TRUE,82,19905,42.7,86.4,0.494,9.9,24.8,0.399,32.8,61.6,0.532,18.6,23,0.808,9.3,32.6,41.9,26.8,7,5,15,20.9,113.9,13,82,19905,40.8,89.3,0.457,6.4,17.5,0.363,34.5,71.9,0.48000000000000004,18.4,24,0.767,12.7,31.6,44.3,19.5,7.1,3.8,15.7,22.2,106.4
2007,Chicago Bulls,4,26,49,33,55,27,5.01,-0.49,4.52,104.9,99.6,5.3,93.6,0.313,0.186,0.534,NA,0.493,14.7,28.6,0.229,0.47300000000000003,16.2,74.3,0.252,,912364,22253,TRUE,82,19780,39.5,86.3,0.457,6.2,16,0.388,33.2,70.3,0.47300000000000003,19.8,27,0.734,12.7,33.6,46.4,23.7,8.3,5.8,17,24.7,104.9,1,82,19780,36.2,83.1,0.43500000000000005,6.3,18,0.349,29.9,65.2,0.459,21,28.8,0.73,11.6,31.8,43.4,21.7,8,5.6,18.5,24.6,99.6
2007,Houston Rockets,5,28.2,52,30,55,27,4.85,0.19,5.04,106,100.7,5.3,90.7,0.29200000000000004,0.29000000000000004,0.54,NA,0.499,13.6,25.7,0.22,0.466,13.6,77,0.23,,678362,16545,TRUE,82,19855,38.7,87,0.445,9.4,25.2,0.372,29.3,61.8,0.47500000000000003,19.1,25.4,0.753,11.7,35.6,47.3,22.7,7.8,4.5,15.5,22.8,106,3,82,19855,37.2,86.7,0.42900000000000005,6.3,17.9,0.351,30.9,68.7,0.45,19.9,26.7,0.749,10.7,34,44.6,21.2,7.6,4.7,15.5,21.7,100.7
2007,Detroit Pistons,6,29,53,29,53,29,4.159999999999999,-0.47000000000000003,3.69,108.9,104.2,4.7,87.3,0.307,0.201,0.535,NA,0.48800000000000004,12,28.3,0.23700000000000002,0.47700000000000004,14.3,70.9,0.234,,905116,22076,TRUE,82,19880,40.7,89.7,0.454,6.2,18.1,0.344,34.5,71.6,0.48100000000000004,21.3,27.5,0.774,13.1,32.8,46,24.5,8.1,6.5,13.8,23.1,108.9,7,82,19880,39,87.7,0.445,5.7,16.7,0.33899999999999997,33.3,71,0.47000000000000003,20.5,27.7,0.74,13.5,33.2,46.7,22.8,7.2,4,16.7,23.1,104.2
2007,Cleveland Cavaliers,7,26.9,50,32,52,30,3.8299999999999996,-0.5,3.3299999999999996,105.5,101.3,4.2,90.8,0.32,0.21100000000000002,0.522,NA,0.48400000000000004,13.4,29.7,0.223,0.48000000000000004,14.7,75.8,0.24300000000000002,,837883,20436,TRUE,82,19880,39.6,88.5,0.447,6.6,18.7,0.352,33,69.9,0.47300000000000003,19.7,28.4,0.696,13.8,33.6,47.4,22.7,8.3,4.7,15.6,23.7,105.5,4,82,19880,37.7,84.3,0.448,5.4,16.4,0.329,32.3,67.9,0.47600000000000003,20.5,27.9,0.734,10.7,32.7,43.4,21.9,7.2,4.6,16.7,24,101.3
2007,Utah Jazz,8,25.9,51,31,49,33,2.8699999999999997,0.2,3.06,110.1,107,3.1,91.6,0.38,0.163,0.551,NA,0.502,14.5,31.7,0.28300000000000003,0.496,14.4,75.1,0.314,,802214,19566,TRUE,82,19805,40.6,85.6,0.47400000000000003,4.7,14,0.33499999999999996,35.9,71.6,0.501,24.2,32.6,0.743,13.6,32.5,46.1,26.8,7.6,4.5,16.9,27.3,110.1,18,82,19805,37.3,81.9,0.455,6.7,18.8,0.355,30.6,63.1,0.48500000000000004,25.7,33.5,0.767,10.8,29.4,40.2,20.5,8.2,5.8,16.3,26.6,107
2007,Denver Nuggets,9,26.5,45,37,45,37,1.62,0.07,1.6900000000000002,107.6,105.9,1.7,97.4,0.36,0.21200000000000002,0.548,NA,0.501,14.6,28.9,0.268,0.499,14.5,71.8,0.203,,706437,17230,TRUE,82,19780,39.4,84.7,0.465,6,17.9,0.33599999999999997,33.4,66.8,0.5,22.7,30.5,0.746,12.5,31.9,44.3,23.9,8.4,5.4,16.8,21.9,107.6,11,82,19780,40.6,88.3,0.46,6.9,19.5,0.353,33.7,68.7,0.49,17.9,24.2,0.739,12.5,30.6,43.2,25,8.5,5.3,16.7,24.2,105.9
2007,Toronto Raptors,10,26,47,35,44,38,0.99,-0.38,0.61,107,106,1,92.6,0.303,0.224,0.55,NA,0.504,13,22.2,0.23900000000000002,0.503,14.3,74.5,0.21900000000000003,,748603,18259,TRUE,82,19755,39.8,85.9,0.463,7,19.2,0.363,32.8,66.7,0.492,20.5,26,0.7879999999999999,9.9,32.5,42.5,23.9,7.6,4.2,14.5,21.9,107,12,82,19755,40,86.5,0.463,7,19.6,0.357,33,67,0.494,18.9,25.1,0.754,11.1,34.7,45.8,22.9,6.4,4.2,16.3,23.4,106
2007,Orlando Magic,11,25.6,40,42,43,39,0.7799999999999999,-0.43000000000000005,0.35,104.9,104.1,0.8,89.9,0.393,0.15800000000000003,0.544,NA,0.5,16.3,29.3,0.276,0.48000000000000004,14.6,73.7,0.28600000000000003,,700887,17095,TRUE,82,19780,38.8,82.2,0.47200000000000003,4.6,13,0.356,34.2,69.2,0.494,22.7,32.3,0.702,12.4,32.7,45.1,20.6,7.6,5.6,18.8,25.7,104.9,6,82,19780,37,83.6,0.442,6.2,17.6,0.353,30.8,66,0.466,23.9,31.4,0.76,11.7,29.9,41.6,21.7,9.2,5.1,16.6,25.9,104.1
2007,Los Angeles Lakers,12,25.3,42,40,41,41,-0.07,0.32,0.24000000000000002,108.6,108.6,0,93.5,0.33299999999999996,0.259,0.554,NA,0.511,14.3,26.1,0.24900000000000003,0.5,13.5,72.3,0.262,,778415,18986,TRUE,82,20030,39.7,85.4,0.466,7.8,22.1,0.353,32,63.3,0.505,21.3,28.5,0.747,11.3,32,43.3,23.7,7.7,5.4,16.3,24.2,108.6,24,82,20030,39.7,86.1,0.461,6.7,18.7,0.358,33,67.3,0.49,22.6,29.7,0.76,12.2,32.1,44.4,23,8.3,5.2,15.5,24.5,108.6
2007,Golden State Warriors,13,24.6,42,40,40,42,-0.33999999999999997,0.33999999999999997,0,107,107.4,-0.4,99.2,0.3,0.279,0.548,NA,0.512,14.1,25.6,0.21500000000000002,0.506,16.1,69.6,0.264,,742267,18104,TRUE,82,19755,40,86.4,0.463,8.6,24.1,0.356,31.4,62.3,0.504,18.6,25.9,0.717,11.5,30.1,41.6,23.9,9.2,5.7,16,23.7,107,19,82,19755,38.9,84.2,0.462,7.5,20.4,0.366,31.4,63.8,0.492,22.2,29.6,0.75,13.2,33.5,46.6,24.8,8.3,4.9,18.7,22.4,107.4
2007,Washington Wizards,14,26.8,41,41,40,42,-0.51,-0.28,-0.8,110.1,110.6,-0.5,94.1,0.356,0.23700000000000002,0.542,NA,0.491,12.6,28.1,0.272,0.517,14.4,71,0.24900000000000003,,753283,18373,TRUE,82,19830,39.5,87.7,0.45,7.2,20.8,0.348,32.3,67,0.48200000000000004,23.9,31.2,0.765,12.8,30.6,43.4,21.4,8.2,4.8,14.6,23.5,110.1,28,82,19830,40.7,86.2,0.47300000000000003,7.7,20.4,0.377,33,65.8,0.502,21.5,27.6,0.777,12.5,32.8,45.3,25,6.7,4.9,16.6,24.8,110.6
2007,Los Angeles Clippers,15,27.5,40,42,40,42,-0.46,0.39,-0.07,105.1,105.6,-0.5,90.8,0.355,0.14300000000000002,0.537,NA,0.48100000000000004,14.5,27.2,0.28,0.48800000000000004,13.3,74.7,0.24900000000000003,,755261,18421,FALSE,82,19730,38.6,84.7,0.456,4.2,12.1,0.348,34.4,72.6,0.47400000000000003,23.7,30.1,0.7879999999999999,11.9,33.3,45.2,23.6,8,6.3,16.6,24.9,105.1,10,82,19730,39,86.3,0.452,6.1,18,0.33899999999999997,32.9,68.3,0.48200000000000004,21.5,28.7,0.748,11.3,31.9,43.2,23.1,7.8,4.3,15.2,24.5,105.6
2007,New Jersey Nets,16,28.2,41,41,39,43,-0.77,-0.23,-1,105.7,106.6,-0.9,91.4,0.33799999999999997,0.263,0.546,NA,0.504,14.2,24.6,0.24500000000000002,0.49,13.7,74.4,0.266,,693955,16926,TRUE,82,19880,38.5,84.3,0.457,8,22.1,0.363,30.4,62.1,0.49,20.7,28.5,0.727,10.9,33.4,44.2,25.9,6.6,3.6,16,24.7,105.7,15,82,19880,38.5,85.6,0.45,6.9,19.2,0.357,31.6,66.3,0.47600000000000003,22.8,29.9,0.762,11.5,33.4,44.8,23.9,7.7,4.9,15.7,24.9,106.6
2007,Miami Heat,17,29.3,44,38,38,44,-0.91,-0.29000000000000004,-1.21,104.3,105.3,-1,89.9,0.321,0.24500000000000002,0.541,NA,0.506,14.3,24.9,0.222,0.48500000000000004,13.8,73.3,0.232,,808541,19721,TRUE,82,19855,39.2,84.5,0.464,7.1,20.7,0.34299999999999997,32.1,63.8,0.503,18.7,27.1,0.69,11,33.9,44.9,22.6,7.6,5.9,16.1,23.5,104.3,8,82,19855,38.9,87.6,0.444,7.1,20.1,0.355,31.8,67.5,0.47100000000000003,20.3,27.4,0.742,12.4,33.2,45.5,22.3,7.6,4.2,15.9,24.1,105.3
2007,New Orleans/Oklahoma City Hornets,18,26.4,39,43,36,46,-1.57,0.38,-1.1900000000000002,104.8,106.5,-1.7,90.2,0.29100000000000004,0.188,0.52,NA,0.47900000000000004,13.6,29.1,0.21500000000000002,0.499,13.2,74.7,0.21200000000000002,,731165,17954,FALSE,82,19880,39.8,89.3,0.445,6.1,16.8,0.362,33.7,72.5,0.464,19.2,26,0.74,13.7,33.6,47.3,20.6,7,4.6,15.9,21.7,104.8,14,82,19880,40.2,88,0.457,7.5,21.1,0.355,32.7,67,0.48900000000000005,18.7,24.6,0.759,11.4,33.4,44.8,22.8,7.4,5.2,15,23.2,106.5
2007,Sacramento Kings,19,27.3,33,49,36,46,-1.8,0.46,-1.35,106.2,108,-1.8,94.8,0.379,0.232,0.545,NA,0.491,13.5,23.1,0.28900000000000003,0.513,14.9,72.5,0.24000000000000002,,709997,17317,FALSE,82,19805,37.6,83.5,0.45,6.8,19.3,0.35,30.8,64.2,0.48000000000000004,24.2,31.6,0.765,10.2,30.6,40.8,21.3,8.6,3.4,15.3,22.9,106.2,22,82,19805,40.2,85.3,0.47200000000000003,7.1,19.5,0.365,33.1,65.8,0.503,20.5,27,0.757,11.6,33.9,45.5,23.5,7.3,5.2,17.1,25.4,108
2007,Indiana Pacers,20,27.2,35,47,34,48,-2.44,-0.18,-2.62,102.9,105.5,-2.6,92.4,0.324,0.21200000000000002,0.523,NA,0.47400000000000003,15.1,28.4,0.24600000000000002,0.491,14.8,72.7,0.271,,629750,15360,FALSE,82,19780,37.7,86.1,0.43800000000000006,6.3,18.2,0.346,31.4,67.9,0.462,21.2,27.9,0.76,13,32,45,22,7.9,5.9,17.5,25.1,102.9,9,82,19780,38.5,84.2,0.457,5.7,15.4,0.372,32.7,68.8,0.47600000000000003,22.8,30.3,0.753,12,32.8,44.8,21.6,8.5,5.4,16.9,25.5,105.5
2007,Seattle SuperSonics,21,25.9,31,51,33,49,-2.8899999999999997,0.45,-2.4499999999999997,107.2,110.3,-3.1,91.8,0.28800000000000003,0.21900000000000003,0.544,NA,0.499,14.5,27.8,0.228,0.515,14.1,70.9,0.24300000000000002,,654163,15955,FALSE,82,19830,40.2,87.4,0.46,6.9,19.1,0.362,33.2,68.2,0.48700000000000004,19.9,25.2,0.7909999999999999,12.2,30.6,42.8,22.3,8.3,4,16.7,23.7,107.2,27,82,19830,41.2,86.6,0.47600000000000003,6.8,18.9,0.361,34.4,67.6,0.508,21,28,0.751,12.6,31.7,44.3,24.6,7.8,4.5,16.3,21.6,110.3
2007,New York Knicks,22,25.4,33,49,33,49,-2.8499999999999996,-0.21000000000000002,-3.06,105.7,108.8,-3.1,90.8,0.377,0.21600000000000003,0.539,NA,0.494,15.9,31,0.27,0.504,13,74,0.24600000000000002,,770617,18796,FALSE,82,20005,38.4,84,0.457,6.3,18.1,0.346,32.1,65.9,0.48700000000000004,22.7,31.7,0.715,13.6,33.3,46.9,20.3,7.2,3.4,18.6,25.5,105.7,25,82,20005,39.9,86.8,0.46,7.6,20.1,0.376,32.4,66.7,0.48500000000000004,21.3,28.2,0.756,11.7,30.4,42.1,23.1,8.1,5.4,14.8,24.8,108.8
2007,Philadelphia 76ers,23,26.2,35,47,32,50,-3.02,-0.23,-3.2600000000000002,103.6,106.9,-3.3,90.7,0.33299999999999996,0.128,0.53,NA,0.48000000000000004,14.6,27.2,0.255,0.501,14.7,70.8,0.221,,608603,14844,FALSE,82,19880,39,85.3,0.458,3.8,11,0.345,35.2,74.3,0.47400000000000003,21.8,28.4,0.767,12,31.3,43.3,22.2,7.9,5.2,16.7,22.2,103.6,16,82,19880,40.4,87.4,0.463,6.7,19,0.353,33.8,68.5,0.493,19.3,25.6,0.754,12.9,32,44.9,24.3,8.1,4.3,17,24,106.9
2007,Boston Celtics,24,23.5,24,58,31,51,-3.4099999999999997,-0.29000000000000004,-3.7,103.2,106.9,-3.7,92,0.33699999999999997,0.199,0.53,NA,0.47900000000000004,15.4,27,0.259,0.502,14.5,73.8,0.28,,690576,16843,FALSE,82,19855,37.5,84.8,0.443,6.2,16.9,0.367,31.4,67.9,0.462,21.9,28.6,0.767,12.1,31.4,43.5,21.4,7.7,5,17.7,25.9,103.2,17,82,19855,39,83.2,0.468,5.6,15.9,0.354,33.3,67.3,0.495,23.3,31.2,0.747,11.1,32.5,43.7,23.8,7.9,5.9,16.4,23.1,106.9
2007,Minnesota Timberwolves,25,27.7,32,50,30,52,-3.67,0.51,-3.16,103.9,107.9,-4,91,0.29100000000000004,0.167,0.537,NA,0.49,14.8,25.1,0.231,0.498,13.3,72.1,0.226,,655947,15999,FALSE,82,20005,39.5,85.8,0.461,5.1,14.4,0.353,34.5,71.4,0.48300000000000004,19.8,25,0.7919999999999999,10.8,32.6,43.4,24.4,7,4.3,16.9,23.2,103.9,21,82,20005,40.6,88.2,0.46,6.8,19.6,0.348,33.7,68.6,0.492,19.9,26.2,0.76,12.6,32.2,44.8,23.5,7.7,4.7,15.3,22.1,107.9
2007,Charlotte Bobcats,26,25.5,33,49,30,52,-3.74,-0.22,-3.9699999999999998,103.6,107.6,-4,92,0.322,0.193,0.524,NA,0.48000000000000004,13.9,26.4,0.23600000000000002,0.5,14.7,71.6,0.279,,637520,15549,FALSE,82,20005,38.6,86.6,0.446,6,16.7,0.357,32.6,69.9,0.467,20.4,27.8,0.734,12,30.6,42.6,23.9,8.3,4.8,16,25.9,103.6,20,82,20005,39.1,84.1,0.465,5.9,16.2,0.363,33.2,67.9,0.48900000000000005,23.5,31.3,0.75,12.1,33.4,45.5,22.4,7.9,5.7,16.9,23.3,107.6
2007,Milwaukee Bucks,27,26,28,54,29,53,-4.38,-0.06,-4.430000000000001,107,111.7,-4.7,92.3,0.28600000000000003,0.21900000000000003,0.541,NA,0.504,14.1,27.6,0.20900000000000002,0.522,14.5,68.1,0.234,,663629,16186,FALSE,82,19855,40.9,87.9,0.465,6.9,19.3,0.356,34,68.6,0.495,18.4,25.1,0.733,12.3,29.7,42.1,23.2,7.7,2.9,16.2,23.8,107,29,82,19855,41.9,87.4,0.48000000000000004,7.4,20.1,0.368,34.5,67.2,0.513,20.5,27.6,0.742,13.9,32.3,46.2,27.2,8.1,5.7,16.8,22.5,111.7
2007,Portland Trail Blazers,28,24.4,32,50,29,53,-4.29,0.51,-3.7800000000000002,105.1,109.9,-4.8,88.3,0.314,0.193,0.53,NA,0.48300000000000004,14.5,28.2,0.24100000000000002,0.508,13.5,73,0.267,,670778,16360,FALSE,82,19955,39.1,87,0.45,5.8,16.8,0.346,33.3,70.3,0.47400000000000003,21,27.3,0.769,12.6,31.3,43.9,20.6,7.6,5.2,16.8,26.3,105.1,26,82,19955,40.3,85.7,0.47100000000000003,6.4,17.6,0.361,34,68.1,0.499,22.8,29.4,0.778,11.6,32,43.5,23.2,7.3,5.2,15.3,23.8,109.9
2007,Atlanta Hawks,29,24.1,30,52,27,55,-4.76,-0.1,-4.859999999999999,103,108.3,-5.3,90,0.346,0.163,0.523,NA,0.47100000000000003,15.1,29.2,0.263,0.503,14.5,70.9,0.268,,639375,15595,FALSE,82,19880,38,85.5,0.444,4.6,13.9,0.329,33.4,71.6,0.467,22.5,29.6,0.761,13.1,31,44.1,21.1,8.2,6,17.5,26.4,103,23,82,19880,39.6,85,0.466,6.2,16.6,0.376,33.4,68.4,0.48800000000000004,22.8,31.1,0.734,12.7,31.8,44.5,23.2,8,5.6,16.7,24.9,108.3
2007,Memphis Grizzlies,30,26.2,22,60,27,55,-5.1499999999999995,0.71,-4.44,106.9,112.3,-5.4,93.6,0.374,0.21100000000000002,0.555,NA,0.504,15.2,25.9,0.28500000000000003,0.529,14,71.1,0.23700000000000002,,600836,14655,FALSE,82,19980,38.5,82.7,0.465,6.4,17.5,0.367,32.1,65.3,0.491,23.5,30.9,0.761,11.1,30.5,41.6,21.6,7.2,5.2,17.2,23.4,106.9,30,82,19980,42.2,86.8,0.48600000000000004,7.4,19,0.389,34.8,67.8,0.513,20.6,27.1,0.759,12.4,31.9,44.2,26.5,8.7,5.8,16.1,25.6,112.3
2008,Boston Celtics,1,27.9,66,16,67,15,10.26,-0.9500000000000001,9.3,110.2,98.9,11.3,90.9,0.346,0.24900000000000003,0.5690000000000001,NA,0.522,14.7,26.6,0.267,0.457,15.2,74.4,0.253,,763584,18624,TRUE,82,19755,39.9,84,0.47500000000000003,8,20.9,0.381,31.9,63.1,0.506,22.4,29.1,0.771,11.1,34.9,46,24.5,9.3,5.1,16.6,24.9,110.2,1,82,19755,35.5,84.7,0.41900000000000004,6.5,20.5,0.316,29,64.2,0.452,21.4,28.9,0.743,12,30.6,42.6,20.6,7.9,5.2,17.5,24.3,98.9
2008,Detroit Pistons,2,28.3,59,23,62,20,7.39,-0.72,6.67,111.4,102.9,8.5,87.3,0.3,0.203,0.539,NA,0.495,11.4,29.4,0.23,0.47000000000000003,13.4,73.7,0.24400000000000002,,905116,22076,TRUE,82,19730,41.8,91.3,0.458,6.8,18.5,0.366,35,72.7,0.48100000000000004,21,27.4,0.767,13.6,33.8,47.3,25.5,8.1,6.6,13.3,23.5,111.4,4,82,19730,38,86.9,0.43700000000000006,5.7,17.2,0.33199999999999996,32.3,69.7,0.463,21.2,28.5,0.744,12.1,32.7,44.7,21.8,6.6,4.4,15.4,22.5,102.9
2008,Los Angeles Lakers,3,26.7,57,25,59,23,7.26,0.09,7.34,113,105.5,7.5,95.6,0.33299999999999996,0.257,0.5700000000000001,NA,0.525,12.9,26.3,0.256,0.48500000000000004,12.9,73.4,0.21400000000000002,,778877,18997,TRUE,82,19780,41.2,86.5,0.47600000000000003,8.4,22.2,0.378,32.8,64.3,0.51,22.2,28.8,0.769,11.4,34.6,45.9,25.4,8.3,5.6,14.7,21.5,113,5,82,19780,39.7,89.1,0.445,7,19.4,0.362,32.7,69.7,0.46900000000000003,19.1,25.3,0.752,12.5,32,44.5,22.8,8,4.7,14.8,23.5,105.5
2008,Utah Jazz,4,25.3,54,28,59,23,6.88,-0.01,6.859999999999999,113.8,106.5,7.3,93.2,0.349,0.166,0.5730000000000001,NA,0.528,13.6,29.5,0.265,0.501,15,74.1,0.29400000000000004,,816211,19908,TRUE,82,19705,42.9,86.1,0.497,5.3,14.3,0.372,37.5,71.8,0.522,22.8,30,0.759,12.3,31.5,43.8,28.3,9.4,4.6,15.7,25.7,113.8,12,82,19705,37.8,82.1,0.461,6.6,18.5,0.357,31.2,63.6,0.491,24.1,32.3,0.749,11,29.5,40.5,21.3,8.1,5.5,17.1,24.7,106.5
2008,Orlando Magic,5,26.7,52,30,56,26,5.46,-0.6799999999999999,4.79,111.3,105.5,5.8,93.4,0.355,0.322,0.5750000000000001,NA,0.537,13.6,23.4,0.256,0.48400000000000004,12.3,74.8,0.21700000000000003,,709346,17301,TRUE,82,19780,39.7,83.8,0.47400000000000003,10.4,27,0.386,29.3,56.8,0.516,21.4,29.7,0.721,10,34.8,44.8,22.2,6.8,4.3,15.2,21.9,111.3,6,82,19780,39.7,89.1,0.446,6.7,18.7,0.358,33,70.4,0.46900000000000003,19.3,25.7,0.754,11.7,32.7,44.4,22.9,7.6,4.5,14,24.7,105.5
2008,New Orleans Hornets,6,27.1,56,26,56,26,5.28,0.18,5.46,111.5,105.7,5.8,89.9,0.251,0.23900000000000002,0.548,NA,0.512,11.4,27,0.193,0.501,13.5,75.4,0.184,,581432,14181,TRUE,82,19805,42.7,91.6,0.466,8.5,21.9,0.389,34.2,69.8,0.49,17.7,23,0.769,12.6,33.6,46.3,24.1,8.6,4.3,13.1,20.6,111.5,7,82,19805,41,89,0.46,7.3,20.9,0.351,33.6,68.1,0.494,16.4,21.3,0.771,11,34.1,45.1,24,6.3,4.5,15.3,21.2,105.7
2008,San Antonio Spurs,7,31.4,56,26,55,27,4.79,0.31,5.1,107.2,101.8,5.4,88.8,0.276,0.251,0.543,NA,0.504,12.6,23.4,0.21000000000000002,0.47700000000000004,12.8,77.1,0.201,,761149,18565,TRUE,82,19730,40.3,88,0.457,8.1,22.1,0.369,32.1,66,0.48700000000000004,18.5,24.3,0.761,10.6,35.8,46.4,23.5,7.1,4.6,14.2,21.1,107.2,3,82,19730,39.2,88.1,0.444,5.8,16.8,0.34199999999999997,33.4,71.3,0.468,17.7,23.4,0.756,10.6,34.6,45.3,20.4,7.8,4.9,14.5,22.3,101.8
2008,Houston Rockets,8,28.3,55,27,55,27,4.68,0.15000000000000002,4.83,106.8,101.6,5.2,90.4,0.276,0.255,0.528,NA,0.492,13,29.1,0.2,0.465,12.8,74.8,0.21400000000000002,,718524,17525,TRUE,82,19730,40.4,90.2,0.448,7.8,23,0.34199999999999997,32.6,67.2,0.48500000000000004,18.1,24.9,0.726,13.5,35.8,49.3,23.7,8.1,5.7,15.1,21.7,106.8,2,82,19730,38.4,88.8,0.43300000000000005,5.8,16,0.365,32.6,72.8,0.447,19,25.7,0.737,12,32.9,44.9,20.8,8.4,5.1,14.7,21.7,101.6
2008,Phoenix Suns,9,29.3,55,27,54,28,5.05,0.09,5.14,113.3,108.1,5.2,96.7,0.29200000000000004,0.26,0.59,NA,0.551,13.4,22.4,0.228,0.48800000000000004,11.8,70.9,0.191,,755302,18422,TRUE,82,19780,42.6,85.1,0.5,8.7,22.1,0.393,33.9,63,0.538,19.4,24.8,0.7829999999999999,9,33.7,42.7,27.5,6.7,6.5,14.9,20.5,113.3,16,82,19780,42.3,92.7,0.456,5.9,16.7,0.353,36.4,76,0.47900000000000004,17.7,23.6,0.749,13.8,31.4,45.2,20.2,7.5,3.9,13.8,21.7,108.1
2008,Dallas Mavericks,10,28.9,51,31,54,28,4.54,0.16,4.7,111.1,106.1,5,90.2,0.318,0.21500000000000002,0.554,NA,0.502,12.3,26.7,0.259,0.47400000000000003,11.7,75,0.252,,831738,20286,TRUE,82,19730,40.8,87.9,0.464,6.7,18.9,0.352,34.1,69,0.495,22.8,28,0.8140000000000001,11.9,35.7,47.6,23.2,6.6,5.4,14,24.1,111.1,9,82,19730,39.2,88.4,0.443,5.5,15.8,0.349,33.7,72.6,0.463,22.2,29.3,0.76,11.9,32.6,44.5,20.9,7.2,4.8,13.5,23.5,106.1
2008,Denver Nuggets,11,28.5,50,32,51,31,3.71,0.03,3.74,110,106.3,3.7,99.7,0.358,0.228,0.557,NA,0.51,12.9,25.5,0.269,0.499,14.1,72.1,0.203,,711962,17365,TRUE,82,19855,40.1,85.3,0.47000000000000003,6.9,19.4,0.355,33.2,65.8,0.504,22.9,30.5,0.751,11.1,32.7,43.8,24.5,9.1,6.7,14.6,21,110,10,82,19855,40.4,88.5,0.457,7.5,20.7,0.363,32.9,67.8,0.48500000000000004,17.9,24.6,0.73,12.6,32.5,45.1,25.5,7.8,4.8,16.3,23.6,106.3
2008,Toronto Raptors,12,26.3,41,41,49,33,2.9,-0.44,2.4699999999999998,110.2,107,3.2,90.2,0.24700000000000003,0.21700000000000003,0.551,NA,0.511,11.4,23.4,0.2,0.505,13.5,75,0.20500000000000002,,796835,19435,TRUE,82,19830,42.2,90.2,0.468,7.7,19.6,0.392,34.6,70.6,0.48900000000000005,18.1,22.2,0.812,10.6,33.5,44.1,26.2,7.6,4.5,12.9,21.4,110.2,13,82,19830,40.3,88.1,0.458,8.3,22.6,0.368,32,65.5,0.48900000000000005,18,23.2,0.776,11.1,34.6,45.8,24.1,6.3,4.5,15.4,20.2,107
2008,Golden State Warriors,13,25.5,48,34,47,35,2.21,0.17,2.38,111.8,109.5,2.3,98.8,0.276,0.29500000000000004,0.548,NA,0.511,11.5,27.2,0.20800000000000002,0.509,14.7,70.3,0.258,,804864,19631,FALSE,82,19780,41.8,90.9,0.459,9.3,26.8,0.348,32.4,64.1,0.506,18.9,25.1,0.752,12.8,30.6,43.5,22.5,9.1,4.6,13.3,23,111.8,23,82,19780,40.2,85.9,0.468,7,19.1,0.368,33.2,66.8,0.496,22.2,29.2,0.759,12.9,34.4,47.3,23.8,7,5.1,17,21.3,109.5
2008,Philadelphia 76ers,14,25.3,40,42,42,40,0.41000000000000003,-0.23,0.19,106.4,106,0.4,90.4,0.321,0.14300000000000002,0.522,NA,0.48200000000000004,13.4,31.8,0.227,0.504,15.1,72,0.20500000000000002,,609675,14870,TRUE,82,19755,41.1,89.3,0.46,4.1,12.8,0.317,37,76.5,0.48300000000000004,20.3,28.7,0.706,14.3,31.8,46.2,22.5,9.6,5.4,15.7,21.8,106.4,8,82,19755,40.3,87.4,0.461,7.5,20.8,0.36,32.8,66.6,0.493,17.9,23.2,0.772,12.4,30.8,43.2,25.6,7.4,5.6,17.3,22.9,106
2008,Washington Wizards,15,27.2,43,39,40,42,-0.32999999999999996,-0.28,-0.61,109.2,109.6,-0.4,89.5,0.29700000000000004,0.24100000000000002,0.535,NA,0.48900000000000005,12.5,28.9,0.233,0.513,13.5,72.8,0.21700000000000003,,736461,17962,TRUE,82,19905,40.2,90.2,0.446,7.8,21.8,0.356,32.5,68.5,0.47500000000000003,21,26.8,0.7819999999999999,13.6,32.4,46,21.7,8.5,5.3,14.6,21.6,109.2,24,82,19905,40.6,88.1,0.461,9.2,23.8,0.386,31.4,64.3,0.48900000000000005,19.1,25.3,0.754,12.1,33.4,45.5,26.4,7.1,4.9,15.5,22.3,109.6
2008,Cleveland Cavaliers,16,27.1,45,37,40,42,-0.35,-0.17,-0.53,106,106.4,-0.4,90.2,0.308,0.231,0.52,NA,0.48000000000000004,13.1,30.4,0.221,0.494,12.9,75.9,0.24000000000000002,,839074,20465,TRUE,82,19855,39.4,89.8,0.43900000000000006,7.4,20.7,0.358,32,69.1,0.463,19.8,27.6,0.717,14.6,34.4,49,22,7.8,5.7,15.4,23,106,11,82,19855,39.4,86.6,0.455,6.8,19,0.357,32.6,67.6,0.48200000000000004,20.8,27.8,0.748,10.9,33.5,44.4,23.1,7.5,5.2,14.6,22.3,106.4
2008,Portland Trail Blazers,17,24.1,41,41,38,44,-0.98,0.45,-0.52,107.3,108.4,-1.1,87.9,0.281,0.21800000000000003,0.532,NA,0.48900000000000005,12.6,26.8,0.21600000000000003,0.491,12.1,71.8,0.21200000000000002,,801566,19550,FALSE,82,19905,40.3,89.8,0.448,7.4,19.6,0.377,32.9,70.2,0.468,19.4,25.3,0.767,12.4,33.4,45.8,23.8,6.2,4.9,14.5,22.5,107.3,17,82,19905,40.9,90.7,0.451,7.3,20.6,0.356,33.6,70.2,0.47900000000000004,19.2,25.1,0.766,13.1,33.8,46.9,23.5,6.7,4.1,14.1,22.7,108.4
2008,Indiana Pacers,18,26.7,36,46,37,45,-1.4,-0.46,-1.87,106,107.5,-1.5,97.7,0.29200000000000004,0.28900000000000003,0.54,NA,0.498,13.5,24.4,0.224,0.498,14.1,73.9,0.271,,501092,12222,FALSE,82,19755,38.6,87,0.444,9.4,25.1,0.374,29.2,61.8,0.47200000000000003,19.5,25.4,0.768,11.2,32.7,44,23.2,7.7,5.1,15.4,23.9,106,15,82,19755,38.5,84.8,0.454,7.5,19.5,0.386,30.9,65.2,0.47400000000000003,23,30.4,0.757,11.6,34.8,46.4,22.6,8.2,5.2,16.1,22.2,107.5
2008,Atlanta Hawks,19,24.2,37,45,36,46,-1.82,-0.41000000000000003,-2.23,106.9,108.9,-2,91.1,0.33999999999999997,0.165,0.535,NA,0.48300000000000004,14,29.7,0.263,0.501,12.9,71.7,0.21700000000000003,,667518,16281,TRUE,82,19855,39.5,87,0.454,5.1,14.3,0.356,34.4,72.7,0.47300000000000003,22.8,29.6,0.772,13.4,32.6,46,23.9,8,5.9,16.2,22.2,106.9,18,82,19855,41.3,89.4,0.463,6.8,18.8,0.362,34.6,70.6,0.48900000000000005,19.4,25.8,0.752,12.8,31.7,44.5,24.2,8.2,5.6,14.9,23.8,108.9
2008,Sacramento Kings,20,27.3,38,44,35,47,-2.2600000000000002,0.4,-1.86,107.5,109.9,-2.4,94.7,0.346,0.20800000000000002,0.556,NA,0.503,14.8,25.2,0.276,0.51,13.9,71.7,0.256,,580181,14151,FALSE,82,19830,38.9,83.8,0.464,6.5,17.5,0.373,32.4,66.4,0.48800000000000004,23.2,29,0.7979999999999999,10.6,31.4,42,20,8.3,4.3,16.8,23.5,107.5,25,82,19830,40.1,86.1,0.466,7.6,20.5,0.373,32.5,65.6,0.495,22,29.2,0.753,12.4,31.5,43.9,24,8.5,5.8,16,24.2,109.9
2008,Chicago Bulls,21,25.7,33,49,32,50,-3.09,-0.11,-3.19,103.9,107.2,-3.3,93,0.29600000000000004,0.19,0.515,NA,0.47000000000000003,13.4,28.9,0.223,0.496,14.2,73.1,0.258,,901502,21988,FALSE,82,19805,38.9,89.4,0.43500000000000005,6.2,17,0.363,32.7,72.4,0.452,20,26.4,0.756,13.7,32.3,45.9,23.6,8.3,5.6,15.6,23.2,103.9,14,82,19805,38.8,85.7,0.453,7.4,19.8,0.375,31.4,65.9,0.47600000000000003,22.1,28.9,0.766,11.9,33.6,45.5,23.4,8.4,6.1,16.3,22.7,107.2
2008,Charlotte Bobcats,22,26.3,32,50,29,53,-4.38,-0.11,-4.49,104.6,109.4,-4.8,91.8,0.323,0.22,0.532,NA,0.492,13.9,25.6,0.23,0.505,13.4,71,0.23500000000000001,,603403,14717,FALSE,82,19880,38.9,86.2,0.452,7,19,0.367,32,67.2,0.47600000000000003,19.9,27.8,0.714,11.7,32.1,43.8,23,8.1,5.3,15.8,23.4,104.6,21,82,19880,41,87.9,0.466,6.8,19.1,0.355,34.2,68.7,0.497,20.7,27.6,0.747,13.1,34,47.2,23.5,8.2,6.3,15.5,22.6,109.4
2008,New Jersey Nets,23,27.4,34,48,27,55,-5.06,-0.09,-5.1499999999999995,104,109.4,-5.4,91.5,0.347,0.222,0.528,NA,0.48100000000000004,14.2,26.6,0.255,0.497,12.7,73.8,0.271,,641921,15657,FALSE,82,19830,37.8,85.3,0.443,6.6,18.9,0.348,31.2,66.4,0.47000000000000003,21.8,29.6,0.736,12.1,33.3,45.4,25.5,6.9,5.2,16.3,24.5,104,20,82,19830,39.5,86.6,0.456,7.1,19.2,0.369,32.4,67.4,0.48000000000000004,23.5,30.6,0.768,11.9,33.3,45.2,23.9,8.8,4.8,14.5,24.3,109.4
2008,Memphis Grizzlies,24,24.5,22,60,25,57,-6.21,0.45,-5.76,105,111.4,-6.4,95.3,0.311,0.264,0.539,NA,0.5,14,23.8,0.225,0.521,12.2,73.4,0.196,,523578,12770,FALSE,82,19805,38.9,85.7,0.454,7.9,22.6,0.349,31,63,0.492,19.3,26.7,0.723,10.8,32.6,43.4,20,6.4,4.9,15.9,20.2,105,28,82,19805,43.2,90,0.48000000000000004,7.5,20.7,0.364,35.6,69.3,0.514,17.6,22.8,0.774,11.8,34.6,46.4,25,9,5.1,13.9,23.4,111.4
2008,New York Knicks,25,25.7,23,59,23,59,-6.609999999999999,0.06,-6.55,104.7,111.9,-7.2,91.6,0.31,0.21500000000000002,0.518,NA,0.47500000000000003,13.4,28.6,0.226,0.518,12.1,72.7,0.229,,783739,19116,FALSE,82,19880,39.1,89,0.43900000000000006,6.5,19.2,0.33699999999999997,32.6,69.9,0.467,20.1,27.6,0.727,13.6,32.4,45.9,20.2,6.9,2.8,15.6,23.2,104.7,29,82,19880,41.9,88.4,0.47400000000000003,7.7,21,0.369,34.2,67.4,0.507,20.2,27.4,0.739,12.2,33.9,46.1,23.4,8.2,5.7,13.8,21.9,111.9
2008,Minnesota Timberwolves,26,24.6,22,60,23,59,-6.78,0.52,-6.26,103.8,111.2,-7.4,91.9,0.24800000000000003,0.185,0.518,NA,0.48400000000000004,13.6,27.5,0.183,0.513,12.9,73.6,0.269,,593537,14477,FALSE,82,19730,40.7,90.3,0.451,5.8,16.7,0.35,34.9,73.6,0.47400000000000003,16.5,22.4,0.736,12.8,32.1,44.9,21.6,8.2,4.1,15.7,25,103.8,27,82,19730,40.5,85.8,0.47200000000000003,7.2,20.1,0.357,33.3,65.7,0.507,23.1,30,0.769,11.5,33.7,45.2,25.1,8.1,6.2,14.6,19,111.2
2008,Milwaukee Bucks,27,25.8,26,56,23,59,-6.89,-0.03,-6.92,105.3,112.8,-7.5,91.3,0.29400000000000004,0.195,0.522,NA,0.48200000000000004,13.7,30,0.21500000000000002,0.524,13,73,0.25,,639421,15596,FALSE,82,19855,40,89.3,0.449,6,17.4,0.344,34.1,71.9,0.47400000000000003,19.2,26.2,0.733,14,31.3,45.2,23.3,7.2,4.8,16,23.1,105.3,30,82,19855,41.6,86.8,0.48000000000000004,7.8,20.2,0.384,33.9,66.6,0.509,21.7,28.3,0.766,11.5,32.6,44.1,25.3,8.6,5.3,14.9,22.9,112.8
2008,Los Angeles Clippers,28,28.5,23,59,21,61,-7.2700000000000005,0.71,-6.56,101.2,109.1,-7.9,92.1,0.33799999999999997,0.167,0.519,NA,0.465,13.7,23.1,0.264,0.503,12.8,73.1,0.23600000000000002,,692408,16888,FALSE,82,19805,37.1,84.8,0.43800000000000006,4.6,14.2,0.324,32.5,70.6,0.46,22.4,28.7,0.7809999999999999,10.5,32.8,43.3,22.8,7.3,5.2,15.5,23,101.2,19,82,19805,41,87.8,0.467,6.4,18.3,0.349,34.6,69.5,0.498,20.7,27.6,0.751,12.1,35,47,24.1,7.8,5.1,14.6,23.3,109.1
2008,Seattle SuperSonics,29,25.4,20,62,19,63,-8.76,0.72,-8.04,100.5,109.5,-9,96.3,0.265,0.134,0.509,NA,0.467,14.3,26.8,0.20400000000000001,0.503,11.9,73.7,0.21500000000000002,,547556,13355,FALSE,82,19830,39.3,88.3,0.444,3.9,11.8,0.33299999999999996,35.3,76.5,0.462,18,23.4,0.77,12.2,33.8,46,22,6.7,5,16.5,21.1,100.5,22,82,19830,41.3,89.6,0.461,7.6,19.8,0.385,33.7,69.8,0.48200000000000004,19.3,25.7,0.749,12.1,33.4,45.4,25.1,8.9,5.5,13.6,20.2,109.5
2008,Miami Heat,30,27.4,15,67,18,64,-8.65,0.11,-8.53,100.5,110,-9.5,90.2,0.3,0.21700000000000003,0.522,NA,0.48200000000000004,14.4,22.1,0.21800000000000003,0.51,13.6,71.9,0.24500000000000002,,798004,19464,FALSE,82,19830,37.7,85,0.443,6.6,18.4,0.358,31.1,66.6,0.467,18.6,25.5,0.727,10,31.4,41.4,22,7.9,4.8,16.1,22.4,100.5,26,82,19830,40.6,86.9,0.468,7.4,20.1,0.369,33.2,66.8,0.497,21.3,28.2,0.755,12.3,35.1,47.4,24.4,8.5,4.6,15.6,22.1,110
2009,Cleveland Cavaliers,1,26.6,66,16,65,17,8.93,-0.25,8.68,112.4,102.4,10,88.7,0.312,0.259,0.56,NA,0.519,12.5,27.7,0.23600000000000002,0.468,13.5,74.6,0.226,,841000,20512,TRUE,82,19780,41.3,88.3,0.468,9,22.8,0.393,32.4,65.4,0.495,20.8,27.5,0.757,12.1,35.2,47.3,22.7,8.1,5.9,14.3,22.7,112.4,3,82,19780,37.9,88.1,0.43100000000000005,6.6,19.8,0.33299999999999996,31.4,68.3,0.459,20,25.9,0.77,12,31.6,43.6,21.4,7.1,4.6,15.5,22.8,102.4
2009,Boston Celtics,2,27.8,62,20,61,21,7.51,-0.07,7.44,110.5,102.3,8.2,90.4,0.328,0.21400000000000002,0.5710000000000001,NA,0.528,15,27.9,0.251,0.47000000000000003,14,75.6,0.253,,763584,18624,TRUE,82,19880,41.1,84.6,0.48600000000000004,7.2,18.1,0.397,33.9,66.5,0.51,21.2,27.7,0.765,11.6,34.5,46.1,24.9,8.3,5.2,17.1,25.3,110.5,2,82,19880,36.9,85.7,0.43100000000000005,6.8,19.4,0.349,30.1,66.3,0.454,21.7,28.2,0.771,11.1,30,41.2,20.7,7.8,5.2,16,24.3,102.3
2009,Los Angeles Lakers,3,27.4,65,17,61,21,7.659999999999999,-0.55,7.109999999999999,112.8,104.7,8.1,94.3,0.29900000000000004,0.21700000000000003,0.555,NA,0.513,12.3,29.4,0.23,0.49,14.2,73,0.21300000000000002,,778877,18997,TRUE,82,19780,42.6,89.8,0.47400000000000003,7,19.5,0.361,35.5,70.3,0.505,20.7,26.9,0.77,13.1,33.3,46.3,24.5,9.2,5.4,14.2,21.8,112.8,6,82,19780,39.2,87.8,0.447,7.5,21.9,0.345,31.7,65.9,0.48100000000000004,18.7,24.8,0.753,12.3,31.4,43.7,23.9,8.2,5,16.4,23.4,104.7
2009,Orlando Magic,4,27.3,59,23,59,23,6.7,-0.21000000000000002,6.48,109.2,101.9,7.3,92.3,0.351,0.33499999999999996,0.559,NA,0.52,13.4,24,0.251,0.465,12.3,75.9,0.20900000000000002,,698768,17043,TRUE,82,19730,38.6,84.5,0.457,10.8,28.3,0.381,27.8,56.2,0.495,21.2,29.7,0.715,10.8,35.9,46.7,21,7.5,5.8,15,21.9,109.2,1,82,19730,38.7,89.4,0.43300000000000005,5.8,17.1,0.34199999999999997,32.8,72.3,0.454,18.7,24.8,0.755,11.4,34.1,45.5,19.6,7.4,4.1,14.1,24.2,101.9
2009,Portland Trail Blazers,5,24,54,28,56,26,5.34,-0.35,5,113.9,107.8,6.1,86.6,0.306,0.23900000000000002,0.553,NA,0.511,12.5,32.6,0.234,0.499,13.2,75,0.227,,841499,20524,TRUE,82,19830,42.2,90.7,0.465,8.3,21.7,0.383,33.8,69,0.49,21.2,27.8,0.765,14.8,33,47.8,23.3,7.7,5.6,14.7,23.3,113.9,13,82,19830,40.5,88,0.46,6.8,18.2,0.374,33.7,69.9,0.48200000000000004,20,24.9,0.803,11,30.6,41.6,22.2,7.2,4.5,15.1,24.2,107.8
2009,Houston Rockets,6,27.9,53,29,53,29,4,-0.27,3.73,108.4,104,4.4,90.2,0.29200000000000004,0.254,0.548,NA,0.501,13.6,26.4,0.23500000000000001,0.47900000000000004,11.9,75.3,0.192,,717669,17504,TRUE,82,19805,39.8,87.7,0.453,8.3,22.2,0.375,31.4,65.4,0.48000000000000004,20.6,25.6,0.805,11.6,35.8,47.3,22.3,7.4,4.8,15.6,20.9,108.4,4,82,19805,40.2,90.5,0.444,6.2,17.4,0.357,34,73,0.465,17.4,23.2,0.749,11.7,32.2,44,21.8,7.9,5.8,13.6,22.7,104
2009,San Antonio Spurs,7,30.4,54,28,52,30,3.7600000000000002,-0.4,3.36,108.5,104.3,4.2,88.4,0.251,0.24800000000000003,0.548,NA,0.513,11.7,22.1,0.191,0.48700000000000004,11.7,78,0.191,,749048,18269,TRUE,82,19905,41.5,89.1,0.466,8.5,22.1,0.386,33,67,0.492,17,22.4,0.761,9.9,36,45.9,23.7,6.5,4.5,13.1,21.1,108.5,5,82,19905,40.5,89.6,0.453,6.1,16.1,0.379,34.5,73.5,0.46900000000000003,17.1,22.3,0.769,10.2,35.1,45.2,20.2,7.2,4.8,13.1,20.6,104.3
2009,Denver Nuggets,8,27.7,54,28,50,32,3.4099999999999997,-0.29000000000000004,3.13,110.4,106.8,3.6,94.3,0.382,0.227,0.5630000000000001,NA,0.512,14.2,27.5,0.29000000000000004,0.48500000000000004,14.1,71.7,0.259,,706165,17224,TRUE,82,19730,39.5,84,0.47000000000000003,7.1,19.1,0.371,32.4,64.9,0.499,24.4,32.1,0.76,11.7,32.4,44,23.5,9.2,6.3,16.2,24.2,110.4,8,82,19730,38.3,87,0.44,7.8,21.2,0.366,30.5,65.7,0.464,22.5,28.8,0.7819999999999999,12.8,30.9,43.6,22.7,8.4,5.8,16.3,25.1,106.8
2009,Utah Jazz,9,25.5,48,34,48,34,2.65,-0.33999999999999997,2.3099999999999996,110.1,107.3,2.8,93.1,0.355,0.169,0.554,NA,0.504,13.6,28.2,0.274,0.505,15,72.7,0.262,,816042,19903,TRUE,82,19880,40.7,85.8,0.47500000000000003,5.1,14.5,0.349,35.7,71.3,0.5,23.5,30.5,0.771,12.2,31.4,43.6,26.2,9.3,4.8,15.7,23.7,110.1,10,82,19880,39.1,84.4,0.464,6.9,19.2,0.361,32.2,65.2,0.494,22.1,28.9,0.763,11.8,31,42.8,21.3,8.5,5.5,17.1,25.6,107.3
2009,Dallas Mavericks,10,29,50,32,47,35,1.98,-0.3,1.6800000000000002,110.5,108.4,2.1,91.5,0.274,0.24100000000000002,0.55,NA,0.504,12.1,26.6,0.224,0.493,12.3,74.6,0.225,,821723,20042,TRUE,82,19805,41.4,89.7,0.462,7.6,21.6,0.35,33.9,68.1,0.498,20.1,24.5,0.8190000000000001,12,34.4,46.4,23.6,7.8,5.7,13.8,21.2,110.5,17,82,19805,40.7,89.5,0.455,6.8,18.3,0.375,33.8,71.2,0.47500000000000003,20.2,25.3,0.7979999999999999,11.7,33.2,45,21.3,7.8,4.4,14.1,21.8,108.4
2009,Phoenix Suns,11,29.5,46,36,46,36,1.93,-0.31,1.62,113.6,111.6,2,96,0.33599999999999997,0.21600000000000003,0.584,NA,0.545,14.4,27.7,0.25,0.511,12.8,71.7,0.233,,755302,18422,FALSE,82,19755,42.7,84.7,0.504,7,18.3,0.383,35.7,66.5,0.537,21.2,28.5,0.744,11.4,31.9,43.3,24.1,7.5,5.3,16.3,21.4,113.6,26,82,19755,41.5,88.9,0.467,7.9,20.7,0.383,33.6,68.2,0.492,20.7,26.7,0.775,12.6,29.8,42.3,22,8.9,4.7,14.7,23.8,111.6
2009,Atlanta Hawks,12,25.8,47,35,46,36,1.57,0.13,1.7,109.3,107.6,1.7,89.6,0.323,0.253,0.546,NA,0.504,12.5,26,0.23800000000000002,0.494,13.2,71.6,0.21000000000000002,,686688,16748,TRUE,82,19705,40.2,87.7,0.458,8.1,22.2,0.366,32.1,65.5,0.49,20.9,28.3,0.737,11.8,32.8,44.6,22.5,8.2,5.1,14.2,21.9,109.3,11,82,19705,40.8,89.8,0.454,7.2,20.3,0.353,33.6,69.5,0.48400000000000004,18.8,24.5,0.769,13,33.7,46.7,23.2,7.2,4.8,15.2,22.8,107.6
2009,New Orleans Hornets,13,28.2,49,33,46,36,1.55,-0.14,1.41,108.7,107,1.7,87.8,0.28800000000000003,0.24000000000000002,0.548,NA,0.501,12.5,24.6,0.232,0.496,13.2,74.9,0.23,,695727,16969,TRUE,82,19755,40.3,88.1,0.457,7.7,21.1,0.364,32.6,67,0.48700000000000004,20.5,25.4,0.807,11.1,33.9,45,22.3,8.2,4.7,14.2,23,108.7,9,82,19755,39.4,87.6,0.45,8,22.5,0.354,31.5,65.1,0.48400000000000004,20.1,26,0.773,11.4,34,45.4,22.8,6.6,4,15.1,23.2,107
2009,Miami Heat,14,25.6,43,39,42,40,0.26,0.23,0.49,107.8,107.6,0.2,89.9,0.28200000000000003,0.24500000000000002,0.54,NA,0.5,12.1,24.6,0.21200000000000002,0.501,14.5,72.9,0.251,,748778,18263,TRUE,82,19955,40.6,88.9,0.457,7.8,21.8,0.357,32.8,67.1,0.48900000000000005,18.9,25,0.754,11.1,32.3,43.3,22.4,8.7,6,13.7,22.7,107.8,12,82,19955,39.1,85.8,0.455,7.9,20.3,0.389,31.2,65.5,0.47600000000000003,21.5,27.9,0.771,12,33.9,45.9,22,7.1,4.5,16.7,21.8,107.6
2009,Philadelphia 76ers,15,26.1,41,41,41,41,0.07,0.09,0.16,107.9,107.8,0.1,90,0.33899999999999997,0.164,0.532,NA,0.48500000000000004,13.4,31.3,0.253,0.507,14.9,71.4,0.21600000000000003,,647898,15802,TRUE,82,19755,40.5,88.2,0.459,4.6,14.5,0.318,35.9,73.7,0.48600000000000004,22.3,29.9,0.745,14,31.5,45.6,22.2,8.9,5.6,15.6,22.3,107.9,14,82,19755,40.5,87.6,0.462,7.9,21.5,0.367,32.6,66.1,0.493,18.9,24.2,0.7819999999999999,12.6,30.9,43.5,24.3,7.8,5.4,17.3,24.1,107.8
2009,Chicago Bulls,16,24.9,41,41,40,42,-0.28,0.12000000000000001,-0.16,108.4,108.7,-0.3,93.1,0.3,0.189,0.541,NA,0.493,13.3,28,0.23900000000000002,0.493,13.1,70.9,0.23800000000000002,,868667,21187,TRUE,82,19930,40.4,88.6,0.457,6.4,16.7,0.381,34.1,71.9,0.47400000000000003,21.1,26.6,0.7959999999999999,12.6,32.1,44.7,22.4,8,5.9,15.4,22.1,108.4,18,82,19930,40.6,88.8,0.458,6.3,18.1,0.347,34.4,70.7,0.48600000000000004,21.1,26.9,0.7859999999999999,13.2,32.2,45.4,22.3,8,5.8,15.2,22.1,108.7
2009,Detroit Pistons,17,28.2,39,43,40,42,-0.49,0.13,-0.36,107.4,108,-0.6,86.7,0.28200000000000003,0.165,0.524,NA,0.48300000000000004,11.7,27.9,0.21200000000000002,0.48500000000000004,11.7,74,0.24800000000000003,,896971,21877,TRUE,82,19905,41.4,91.2,0.454,5.2,15,0.349,36.2,76.2,0.47500000000000003,19.3,25.7,0.751,13.2,34,47.2,23.5,6.9,5.2,13.5,23.8,107.4,16,82,19905,40,88.7,0.451,6,17.1,0.354,33.9,71.6,0.47400000000000003,22,28.3,0.775,12,34.1,46.1,23,6.4,4.8,13.4,22.4,108
2009,Indiana Pacers,18,26.5,36,46,38,44,-1.11,0.35,-0.76,108.1,109.2,-1.1,96.5,0.267,0.24400000000000002,0.545,NA,0.501,13.1,25.4,0.21500000000000002,0.499,12.7,74.5,0.271,,581472,14182,FALSE,82,19830,40.4,88.8,0.455,8.2,21.6,0.378,32.2,67.2,0.48000000000000004,19.1,23.7,0.807,11.6,33.4,45,22.3,7.2,5.4,14.9,23.8,108.1,19,82,19830,39.4,86.1,0.458,7.1,19.1,0.375,32.3,67,0.48100000000000004,23.3,30.5,0.764,11.4,34,45.4,21.7,8,5.6,14.4,21.2,109.2
2009,Milwaukee Bucks,19,26.3,34,48,38,44,-1.09,0.21000000000000002,-0.88,106.7,107.9,-1.2,92.6,0.306,0.20800000000000002,0.531,NA,0.48300000000000004,13.1,27.8,0.23900000000000002,0.503,15.6,74,0.315,,630976,15390,FALSE,82,19780,39.4,88.5,0.445,6.7,18.5,0.363,32.7,70.1,0.467,21.1,27.1,0.7799999999999999,12.8,31,43.8,23.6,8,4,15.1,26,106.7,15,82,19780,37.4,81.7,0.458,7.4,19.5,0.378,30,62.2,0.48300000000000004,25.7,32.5,0.7909999999999999,10.9,33.1,44,22.7,8.1,4.9,17.7,24.1,107.9
2009,Charlotte Bobcats,20,25.8,35,47,37,45,-1.27,0.07,-1.2,104.7,106.1,-1.4,88.3,0.312,0.21300000000000002,0.536,NA,0.494,15.1,27.7,0.231,0.498,14.4,73,0.229,,597548,14574,FALSE,82,19930,39.1,85.9,0.455,6.7,18.3,0.366,32.4,67.6,0.47900000000000004,19.8,26.8,0.74,12.1,32.3,44.3,23.7,7.9,5.4,17.4,23.9,104.7,7,82,19930,39.3,86.6,0.454,7.6,20.8,0.366,31.7,65.8,0.48200000000000004,19.9,26.3,0.756,12,31.5,43.5,21.9,8.5,6.7,16.4,23.4,106.1
2009,New York Knicks,21,25.7,32,50,34,48,-2.61,0.28,-2.3299999999999996,108.1,110.8,-2.7,96.7,0.268,0.322,0.544,NA,0.503,12.9,24.4,0.21000000000000002,0.52,13,72.7,0.21500000000000002,,790801,19288,FALSE,82,19805,39.6,88.9,0.445,10.3,28.6,0.36,29.3,60.2,0.48600000000000004,18.7,23.8,0.7839999999999999,11.4,31.9,43.3,21.8,7.6,2.6,14.7,21,108.1,23,82,19805,42.3,88.2,0.48000000000000004,7.2,20.4,0.351,35.2,67.9,0.518,19,25,0.758,12,35.4,47.4,22.2,8.2,5.5,14.9,20,110.8
2009,New Jersey Nets,22,25.7,34,48,34,48,-2.44,0.13,-2.3099999999999996,108.3,111,-2.7,89.9,0.303,0.265,0.543,NA,0.497,12.7,25.2,0.23600000000000002,0.509,13,73.5,0.272,,621062,15148,FALSE,82,19830,39.4,88,0.448,8.8,23.4,0.376,30.6,64.6,0.47300000000000003,20.8,26.7,0.779,11.4,32.5,44,22,7.5,5.3,14.5,24.7,108.3,24,82,19830,39.8,86,0.462,8.1,20.7,0.391,31.7,65.3,0.48500000000000004,23.4,30.7,0.762,11.7,34,45.7,24.1,7.6,5.3,14.8,22.6,111
2009,Toronto Raptors,23,27,33,49,33,49,-2.82,0.28,-2.54,107,110,-3,92,0.279,0.193,0.542,NA,0.494,12.8,24,0.23,0.511,12.6,73.7,0.202,,769707,18773,FALSE,82,19805,40.2,87.9,0.458,6.3,17,0.372,33.9,70.9,0.47800000000000004,20.2,24.5,0.8240000000000001,10.6,33.1,43.7,24.2,6.9,5.1,14.5,21,107,22,82,19805,41.8,89.9,0.465,8.3,22.6,0.367,33.5,67.3,0.498,18.2,23.2,0.7839999999999999,11.8,33.4,45.2,24.9,6.9,5.1,14.4,21.7,110
2009,Golden State Warriors,24,25,29,53,31,51,-3.74,-0.06,-3.8,109.5,113.3,-3.8,98.2,0.33899999999999997,0.20900000000000002,0.549,NA,0.497,12.9,26.1,0.268,0.508,12.9,68.1,0.251,,776660,18943,FALSE,82,19880,39.7,86.8,0.458,6.8,18.1,0.373,33,68.6,0.48000000000000004,23.3,29.4,0.7909999999999999,11.7,30.6,42.4,21,7.8,6.5,14.8,22.7,109.5,28,82,19880,41.8,89.4,0.468,7.2,18.8,0.38,34.7,70.6,0.491,22.5,28.8,0.779,14.3,33.1,47.5,24.3,8,5.1,15.1,23.7,113.3
2009,Minnesota Timberwolves,25,25.4,24,58,27,55,-4.91,0.18,-4.74,106.1,111.4,-5.3,91.6,0.28900000000000003,0.227,0.526,NA,0.48100000000000004,13.3,27.7,0.222,0.515,12,75,0.254,,595013,14513,FALSE,82,19805,39.5,89.5,0.441,7.2,20.4,0.353,32.3,69.2,0.467,19.9,25.9,0.769,12.9,32.3,45.2,22.1,6.8,4.3,15.4,23.6,106.1,25,82,19805,41.1,86.8,0.47400000000000003,7.1,18.8,0.377,34,68,0.5,22.1,28.4,0.778,10.8,33.6,44.4,23.4,8.1,6.4,13.6,21.7,111.4
2009,Memphis Grizzlies,26,23.3,24,58,26,56,-5.46,0.24000000000000002,-5.23,103.5,109.5,-6,90.1,0.329,0.17500000000000002,0.533,NA,0.48600000000000004,14.8,25.8,0.24900000000000003,0.515,14.1,73.5,0.24700000000000003,,519895,12680,FALSE,82,19805,38.5,84.8,0.454,5.4,14.9,0.36,33.2,70,0.47400000000000003,21.1,27.9,0.756,11.4,31.4,42.8,19.1,8.3,5.2,16.8,23.9,103.5,21,82,19805,40.6,85.7,0.47300000000000003,7.2,20.3,0.355,33.4,65.4,0.51,21.2,27.5,0.77,11.3,32.7,44,23.3,8.5,6,16.1,24,109.5
2009,Oklahoma City Thunder,27,24.5,23,59,24,58,-6.1,0.06,-6.04,102.9,109.4,-6.5,93.6,0.308,0.14100000000000001,0.521,NA,0.47100000000000003,14.8,28.6,0.24200000000000002,0.514,13,73.9,0.21600000000000003,,766868,18704,FALSE,82,19805,38.8,86.9,0.447,4.2,12.3,0.346,34.6,74.7,0.463,21,26.8,0.7859999999999999,12.9,32.3,45.3,21.5,7.9,4.8,17.2,21.4,102.9,20,82,19805,41.8,88,0.47500000000000003,6.8,18.6,0.364,35,69.4,0.505,19,25,0.761,11.4,32.3,43.8,22.9,9,5.3,14.8,21.4,109.4
2009,Washington Wizards,28,26.9,19,63,21,61,-7.46,0.48000000000000004,-6.98,105.4,113.6,-8.2,91,0.29300000000000004,0.18,0.524,NA,0.48000000000000004,13.2,27.7,0.224,0.533,13.3,71.4,0.227,,681119,16613,FALSE,82,19705,40.1,89.1,0.45,5.3,16,0.32999999999999996,34.8,73,0.47600000000000003,20,26.1,0.767,12.8,31.2,44,22,8.3,4.9,15.3,22.5,105.4,29,82,19705,42.4,87.9,0.48200000000000004,9,23.3,0.387,33.3,64.6,0.516,19.9,26.2,0.759,12.5,33.3,45.8,27,7.9,5.8,15.3,21.9,113.6
2009,Sacramento Kings,29,26.3,17,65,19,63,-8.76,0.16,-8.6,105.5,114.7,-9.2,94.2,0.315,0.23800000000000002,0.542,NA,0.491,14.3,24.5,0.252,0.526,13,69.9,0.269,,520169,12687,FALSE,82,19905,38.3,85.5,0.447,7.5,20.4,0.368,30.8,65.1,0.47200000000000003,21.5,27,0.7979999999999999,10.7,30.3,41,20.7,7.3,4.5,16.2,24.4,105.5,30,82,19905,42,86.9,0.48300000000000004,7.4,18.3,0.406,34.6,68.6,0.504,23.3,30.9,0.756,13,33.2,46.2,23,9,5.4,15.1,22.2,114.7
2009,Los Angeles Clippers,30,26.6,19,63,18,64,-8.77,0.3,-8.47,102.3,111.7,-9.4,92.1,0.275,0.226,0.52,NA,0.48100000000000004,14,25.1,0.202,0.512,12.4,71.2,0.227,,663587,16185,FALSE,82,19880,38.7,87.8,0.441,7,19.8,0.354,31.7,68,0.467,17.8,24.1,0.736,11.7,31.2,42.8,22.6,7.5,6.3,16,21.6,102.3,27,82,19880,42.2,89.2,0.47300000000000003,7,18.8,0.375,35.2,70.5,0.499,20.3,26.7,0.76,12.6,34.8,47.4,25.6,8.5,5.4,14.3,21.1,111.7
2010,Orlando Magic,1,27.9,59,23,61,21,7.49,-0.37,7.119999999999999,111.4,103.3,8.1,92,0.33999999999999997,0.35,0.5730000000000001,NA,0.536,13.6,24.6,0.24600000000000002,0.47700000000000004,12.2,77.4,0.20500000000000002,,715901,17461,TRUE,82,19730,39.7,84.5,0.47000000000000003,11.1,29.6,0.375,28.6,54.9,0.521,20.8,28.8,0.724,10.7,36.2,46.9,21.3,6.8,6,15.3,21.5,111.4,3,82,19730,39.1,89.1,0.43800000000000006,6.9,19,0.363,32.2,70.1,0.459,18.2,24.2,0.754,10.6,32.8,43.4,20.5,7.3,3.8,13.9,24,103.3
2010,Cleveland Cavaliers,2,28,61,21,59,23,6.52,-0.36,6.17,111.2,104.1,7.1,91.4,0.34099999999999997,0.24800000000000003,0.5700000000000001,NA,0.532,13.4,25.1,0.24600000000000002,0.48200000000000004,12.3,77.2,0.21800000000000003,,843042,20562,TRUE,82,19780,41.2,84.9,0.48500000000000004,8,21,0.381,33.2,63.9,0.52,20.8,29,0.72,10.5,35.8,46.3,24.4,7.5,5.6,15.1,21.1,111.2,6,82,19780,39,88.1,0.442,7,20.1,0.347,32,68,0.47100000000000003,19.2,25.3,0.757,10.5,31.4,42,22.1,7.2,4.3,13.9,22.7,104.1
2010,Utah Jazz,3,25.6,53,29,55,27,5.34,-0.01,5.33,110.7,105,5.7,93.8,0.33999999999999997,0.184,0.5650000000000001,NA,0.524,14.2,26.8,0.252,0.492,14.2,75.6,0.269,,794512,19378,TRUE,82,19755,41.8,85.1,0.491,5.7,15.6,0.364,36.1,69.5,0.519,21.4,28.9,0.741,11.3,33.5,44.8,28.3,8.7,5.2,16.1,24.1,110.7,10,82,19755,37.7,83.8,0.449,7.1,20.2,0.354,30.5,63.6,0.48000000000000004,22.5,29.6,0.762,10.8,30.8,41.6,21.1,8.2,5.8,16,23.5,105
2010,San Antonio Spurs,4,28.7,50,32,55,27,5.09,-0.02,5.07,110,104.5,5.5,91.7,0.29600000000000004,0.232,0.552,NA,0.515,12.9,26.8,0.21900000000000003,0.48300000000000004,12.1,76.3,0.21400000000000002,,741676,18090,TRUE,82,19780,41.7,88.1,0.47300000000000003,7.3,20.5,0.358,34.4,67.7,0.508,19.3,26.1,0.74,11.7,34.7,46.4,24.2,6.8,5,14.8,22.1,110,8,82,19780,40,88.6,0.452,5.5,15.9,0.34299999999999997,34.6,72.7,0.47600000000000003,19,25.1,0.756,10.8,32.1,42.9,20.9,7.5,5.5,13.7,22.1,104.5
2010,Atlanta Hawks,5,26.5,53,29,54,28,4.659999999999999,-0.22,4.44,111.9,106.7,5.2,90.1,0.281,0.21400000000000002,0.545,NA,0.506,11.4,28.2,0.21300000000000002,0.496,13.2,72.7,0.20800000000000002,,678375,16546,TRUE,82,19855,42.7,91.2,0.468,7,19.5,0.36,35.6,71.7,0.497,19.5,25.7,0.759,13,32.9,45.9,24,7.9,5.5,13.1,21.9,111.9,13,82,19855,40.9,88.8,0.46,6.4,18.7,0.345,34.4,70.2,0.491,18.5,24.8,0.745,12.4,33.1,45.5,23.1,6.8,4.8,15.2,21.2,106.7
2010,Phoenix Suns,6,28.5,54,28,54,28,4.9,-0.23,4.67,115.3,110.2,5.1,95.3,0.312,0.261,0.585,NA,0.546,13.6,27.6,0.24000000000000002,0.491,11.6,70.8,0.224,,723582,17648,TRUE,82,19730,42.6,86.6,0.492,9.3,22.6,0.41200000000000003,33.3,64,0.52,20.8,27,0.77,11.6,33.4,45,24.4,6.1,5.3,15.4,21.9,115.3,23,82,19730,41.3,91.4,0.452,7.2,20.2,0.355,34.1,71.2,0.47900000000000004,20.5,27,0.76,13.8,30.5,44.3,21.7,8.2,4.7,13.6,22.8,110.2
2010,Los Angeles Lakers,7,28.4,57,25,54,28,4.72,0.06,4.78,108.8,103.7,5.1,92.8,0.28900000000000003,0.227,0.538,NA,0.496,12.4,27.6,0.221,0.48400000000000004,13.2,74.4,0.195,,778877,18997,TRUE,82,19830,41,89.7,0.457,6.9,20.4,0.34099999999999997,34.1,69.3,0.492,19.8,25.9,0.765,12.7,34.7,47.4,22.6,8,5.2,14.3,20.8,108.8,4,82,19830,39.8,89.2,0.446,6.8,20.7,0.328,33,68.5,0.48100000000000004,17.4,23.2,0.75,11.9,33.2,45.1,23.4,7.5,4.7,15.1,22.7,103.7
2010,Denver Nuggets,8,27.7,53,29,52,30,4.09,0.06,4.1499999999999995,111.8,107.5,4.3,94.8,0.376,0.227,0.561,NA,0.509,12.7,26.1,0.29000000000000004,0.495,13.8,72.4,0.251,,737301,17983,TRUE,82,19780,40,85.5,0.468,7,19.4,0.359,33,66.1,0.5,24.8,32.1,0.772,11.4,32.1,43.5,22,8.7,5.3,14.5,23.6,111.8,16,82,19780,39.5,86.6,0.456,6.7,19.2,0.349,32.8,67.4,0.48700000000000004,21.7,28.3,0.768,12.2,32.2,44.4,22.1,7.4,5.6,15.8,24.9,107.5
2010,Boston Celtics,9,29.4,50,32,52,30,3.66,-0.29000000000000004,3.3699999999999997,107.7,103.8,3.9,91.6,0.33199999999999996,0.228,0.5640000000000001,NA,0.522,14.5,22.8,0.24800000000000003,0.48700000000000004,14.9,73.8,0.251,,763584,18624,TRUE,82,19780,40.2,83.3,0.48300000000000004,6.6,19,0.348,33.6,64.4,0.523,20.6,27.7,0.746,9.5,32.4,41.9,25.6,9.3,5.3,16.1,24,107.7,5,82,19780,38.1,84.6,0.451,6.2,18.2,0.34199999999999997,31.9,66.4,0.48100000000000004,21.3,28.5,0.746,11.5,32,43.5,21,7.7,5.1,17,23.5,103.8
2010,Portland Trail Blazers,10,26.6,50,32,51,31,3.3,-0.13,3.18,110.8,107.1,3.7,87.7,0.315,0.21500000000000002,0.547,NA,0.499,12.1,28.2,0.24900000000000003,0.502,13.3,74.8,0.21900000000000003,,840371,20497,TRUE,82,19855,41,88.9,0.461,6.8,19.1,0.354,34.2,69.8,0.49,22.1,28,0.7899999999999999,12.6,32.8,45.4,23.1,7.2,4.8,13.9,23.6,110.8,15,82,19855,40.6,87.5,0.464,6.6,19.3,0.34299999999999997,34,68.2,0.499,19.2,25.8,0.745,11,32,43,21.8,6.7,4.6,15.2,24.3,107.1
2010,Oklahoma City Thunder,11,23.2,50,32,51,31,3.4899999999999998,0.06,3.55,108.3,104.6,3.7,93.1,0.33299999999999996,0.185,0.547,NA,0.494,13.9,28.6,0.268,0.48300000000000004,14,73.6,0.229,,738149,18004,TRUE,82,19805,39.9,86.3,0.462,5.4,16,0.33999999999999997,34.4,70.3,0.49,23.1,28.8,0.805,12.5,33.9,46.4,21.3,8.5,6.3,16,22.7,108.3,9,82,19805,39.1,87.5,0.448,6.3,18.4,0.33999999999999997,32.9,69.1,0.47600000000000003,20.1,26.3,0.764,12.2,31.2,43.4,21.1,8,5,16.1,22.8,104.6
2010,Dallas Mavericks,12,30.7,55,27,49,33,2.72,-0.06,2.66,109.2,106.3,2.9,92.5,0.277,0.222,0.552,NA,0.506,12.3,24.3,0.226,0.495,13.6,73.7,0.20600000000000002,,819770,19994,TRUE,82,19880,41,88.2,0.464,7.3,19.6,0.372,33.7,68.7,0.491,19.9,24.4,0.8160000000000001,10.9,33.8,44.6,25,8.1,5.9,13.8,20.4,109.2,12,82,19880,40.6,88.8,0.457,6.9,19.8,0.347,33.7,69,0.48800000000000004,18.3,24.1,0.758,12,33.8,45.9,21.7,7.3,4.4,15.6,21.6,106.3
2010,Miami Heat,13,27.1,47,35,48,34,2.2800000000000002,-0.29000000000000004,1.99,106.6,104.1,2.5,89.6,0.29600000000000004,0.21900000000000003,0.537,NA,0.496,12.8,26.1,0.223,0.48000000000000004,13.9,74.9,0.24600000000000002,,726935,17730,TRUE,82,19880,40.2,87.8,0.458,6.7,19.2,0.346,33.5,68.6,0.48900000000000005,19.6,26,0.752,11.8,34.4,46.2,20.9,8.2,6.2,14.5,23,106.6,7,82,19880,37.9,86.3,0.43900000000000006,7.1,20.6,0.34199999999999997,30.8,65.7,0.46900000000000003,21.2,28.2,0.754,11.5,33.4,45,20.8,7,4.8,15.9,22.1,104.1
2010,Milwaukee Bucks,14,26.4,46,36,46,36,1.7,-0.32,1.37,104.9,103.1,1.8,91.7,0.23900000000000002,0.259,0.518,NA,0.48200000000000004,12.3,26.2,0.181,0.48600000000000004,14.6,76.4,0.266,,619453,15109,TRUE,82,19980,40,91.7,0.43600000000000005,8.5,23.8,0.356,31.5,67.9,0.464,16.6,21.9,0.755,12.6,33.5,46.2,22.8,7.6,5,14.2,23.9,104.9,2,82,19980,37.6,83.3,0.451,5.7,16.7,0.34299999999999997,31.9,66.6,0.47800000000000004,22.2,29,0.765,10.3,35.7,46,20.7,7.5,5.5,16.4,21.8,103.1
2010,Charlotte Bobcats,15,27.4,44,38,45,37,1.46,-0.17,1.3,104.4,102.8,1.6,90.4,0.346,0.21100000000000002,0.538,NA,0.49,15.1,26.5,0.26,0.491,14.7,74.2,0.194,,648520,15818,TRUE,82,19880,38.2,84.3,0.453,6.1,17.8,0.346,32,66.5,0.48200000000000004,21.9,29.1,0.751,11.5,33.3,44.7,22.2,8.4,6,17.2,21.3,104.4,1,82,19880,39.1,87.3,0.448,7.7,22.7,0.33799999999999997,31.4,64.7,0.48600000000000004,17,22.8,0.743,11.6,31.8,43.4,22.3,8.2,6.7,16.8,24.1,102.8
2010,Houston Rockets,16,26,42,40,40,42,-0.37,0.35,-0.02,107.6,108,-0.4,94,0.29200000000000004,0.265,0.537,NA,0.494,13.2,26.9,0.225,0.511,13.6,73.8,0.21500000000000002,,677658,16528,FALSE,82,19905,39.7,88.8,0.447,8.3,23.6,0.351,31.4,65.2,0.48100000000000004,20,25.9,0.772,12.4,31.7,44.1,22.9,7.5,4.1,15.2,21.9,107.6,17,82,19905,41.5,87.3,0.47500000000000003,6.3,17.2,0.364,35.2,70.1,0.503,18.8,24.6,0.764,11.2,33.7,45,22,7.7,6.8,15.5,23.6,108
2010,Memphis Grizzlies,17,24.1,40,42,37,45,-1.51,0.13,-1.3900000000000001,108.3,109.9,-1.6,93.6,0.32,0.14800000000000002,0.536,NA,0.494,13.7,31.3,0.23500000000000001,0.52,13.2,73.3,0.20500000000000002,,552914,13486,FALSE,82,19905,41.5,88.6,0.46900000000000003,4.4,13.1,0.33699999999999997,37.1,75.5,0.492,20.8,28.4,0.733,13.8,32.2,46,19.9,8.3,5.1,16.1,21.3,108.3,19,82,19905,42.2,88.3,0.47800000000000004,7.4,20.9,0.354,34.9,67.4,0.517,18.1,23.9,0.755,11.7,30.3,42,24.2,8.2,6.5,15,23.7,109.9
2010,Chicago Bulls,18,26.2,41,41,36,46,-1.6300000000000001,0,-1.6400000000000001,103.5,105.3,-1.8,93.1,0.28700000000000003,0.15600000000000003,0.52,NA,0.47700000000000004,13.3,26.6,0.21700000000000003,0.48400000000000004,12.3,74.8,0.21200000000000002,,849760,20726,TRUE,82,19905,39.9,88.4,0.451,4.6,13.8,0.32999999999999996,35.3,74.6,0.47400000000000003,19.2,25.4,0.754,12.1,35.2,47.3,22.1,6.9,6.2,15.2,21.3,103.5,11,82,19905,39.4,89.2,0.442,7.6,21.8,0.348,31.8,67.4,0.47200000000000003,18.9,25.4,0.744,11.9,33.5,45.4,22.2,7.5,5.7,14.1,21.3,105.3
2010,Toronto Raptors,19,25.2,40,42,36,46,-1.78,-0.05,-1.83,111.3,113.2,-1.9,93.1,0.319,0.21100000000000002,0.5640000000000001,NA,0.521,12.7,24.7,0.24400000000000002,0.513,11.8,72.9,0.24700000000000003,,733784,17897,FALSE,82,19780,41.7,86.5,0.48200000000000004,6.8,18.2,0.371,35,68.2,0.512,21.1,27.6,0.764,10.5,32.7,43.2,23.5,6.1,5,14.3,23.7,111.3,30,82,19780,41.6,89,0.468,7.9,21.7,0.366,33.7,67.3,0.501,21.9,28,0.7839999999999999,12.2,32,44.1,24.6,7.6,4.7,13.6,22.6,113.2
2010,New Orleans Hornets,20,27.5,37,45,34,48,-2.46,0.19,-2.27,107.4,110.1,-2.7,92.6,0.24300000000000002,0.23,0.543,NA,0.506,12.7,24.8,0.189,0.523,13.5,73.8,0.20500000000000002,,617366,15058,FALSE,82,19830,41.5,89.4,0.464,7.5,20.5,0.363,34.1,68.9,0.495,16.9,21.7,0.778,11.1,32,43.1,23.9,8.2,3.9,14.4,21,107.4,21,82,19830,42.5,87.9,0.48300000000000004,7,19.8,0.355,35.4,68.1,0.52,18.1,24.1,0.751,11.4,33.8,45.2,25.2,7.5,4.8,15.4,20.9,110.1
2010,Indiana Pacers,21,26.6,32,50,33,49,-3.01,-0.1,-3.11,103.7,106.8,-3.1,97.1,0.29600000000000004,0.278,0.536,NA,0.491,13.8,21.6,0.229,0.49,13.4,73,0.258,,582295,14202,FALSE,82,19705,37.9,85.6,0.443,8.3,23.8,0.348,29.6,61.8,0.47900000000000004,19.6,25.3,0.775,9.9,32.9,42.7,21.7,7.3,5.5,15.5,23.2,103.7,14,82,19705,39.1,86.3,0.453,6.4,17.6,0.363,32.7,68.6,0.47600000000000003,22.3,29.4,0.756,12.2,35.8,48,21.3,8.2,5.2,15.4,21.4,106.8
2010,Golden State Warriors,22,25.1,26,56,32,50,-3.6,0.32,-3.2800000000000002,108.1,111.7,-3.6,100.4,0.29400000000000004,0.23800000000000002,0.557,NA,0.514,13.1,20.9,0.23,0.525,15.1,68.5,0.26,,739120,18027,FALSE,82,19730,40.4,86,0.46900000000000003,7.7,20.4,0.375,32.7,65.5,0.499,19.8,25.3,0.7819999999999999,9.1,29.1,38.2,22.3,9.2,4.1,14.6,22.9,108.1,29,82,19730,41.3,85.3,0.48500000000000004,6.9,18.4,0.375,34.4,66.9,0.515,22.2,29,0.767,13.3,34.4,47.8,24,7.8,4.9,17.5,21.3,111.7
2010,New York Knicks,23,25.4,29,53,31,51,-3.82,-0.19,-4.01,107.6,111.6,-4,94,0.256,0.312,0.547,NA,0.509,13,23.5,0.2,0.526,13.3,72.1,0.20700000000000002,,799550,19501,FALSE,82,19880,40.2,88.3,0.455,9.5,27.6,0.346,30.6,60.8,0.504,17.7,22.6,0.7819999999999999,10.7,31.8,42.6,22.8,7.5,3.9,14.7,21,107.6,27,82,19880,43.1,88.7,0.48600000000000004,7.1,20.2,0.352,36,68.5,0.525,18.4,24.4,0.754,12.3,35,47.3,22.1,7.5,4.7,15.2,20.2,111.6
2010,Philadelphia 76ers,24,25.4,27,55,30,52,-3.9,-0.03,-3.9299999999999997,106.1,110.3,-4.2,91.6,0.27,0.20600000000000002,0.534,NA,0.496,13.7,27.6,0.20400000000000001,0.518,13.8,73.2,0.231,,583219,14225,FALSE,82,19805,40.9,88.7,0.46,6.3,18.3,0.34299999999999997,34.6,70.5,0.491,18.1,23.9,0.756,12.5,32,44.5,22.8,8.8,5.8,15.8,22.2,106.1,24,82,19805,41.1,87,0.47200000000000003,8,20.4,0.393,33.1,66.6,0.497,20.1,26.2,0.766,11.8,32.7,44.4,24,8.2,4.4,15.7,20.3,110.3
2010,Sacramento Kings,25,24.1,25,57,29,53,-4.37,0.3,-4.06,105.3,109.9,-4.6,94,0.28600000000000003,0.201,0.528,NA,0.491,13.6,27.8,0.20700000000000002,0.505,12.6,73.5,0.24400000000000002,,543416,13254,FALSE,82,19880,40.4,88.6,0.456,6.2,17.8,0.349,34.2,70.8,0.48300000000000004,18.4,25.3,0.726,12.5,32.3,44.9,21.6,7.2,4.7,15.7,23.5,105.3,20,82,19880,41.1,87.7,0.46900000000000003,6.4,17.9,0.357,34.7,69.8,0.497,21.4,27.6,0.774,11.7,32.6,44.3,21.6,7.5,6,14.4,21.2,109.9
2010,Washington Wizards,26,27.6,26,56,28,54,-4.78,0.06,-4.72,104.2,109.4,-5.2,91.6,0.28300000000000003,0.183,0.524,NA,0.48100000000000004,13.9,27.6,0.21600000000000003,0.502,12.8,72.4,0.23900000000000002,,664398,16205,FALSE,82,19830,39.7,88.5,0.449,5.7,16.2,0.353,34,72.3,0.47100000000000003,19.1,25,0.762,12.8,32.5,45.2,20.6,6.5,5.6,16.1,23.1,104.2,18,82,19830,40.7,88,0.463,7,19.4,0.36,33.7,68.6,0.492,21,27.6,0.761,12.3,33.4,45.8,23.4,7.5,5.5,14.7,22.2,109.4
2010,Detroit Pistons,27,26.7,27,55,26,56,-5.109999999999999,0.09,-5.02,105.6,111.4,-5.8,88.5,0.303,0.18,0.515,NA,0.47400000000000003,12.8,30.3,0.22,0.526,14.2,73.4,0.264,,768826,18752,FALSE,82,19780,40.3,90.5,0.445,5.1,16.3,0.314,35.2,74.2,0.47400000000000003,19.9,27.4,0.728,14.4,30.7,45.2,21.8,8.2,4.3,15.1,25,105.6,26,82,19780,40.6,84.6,0.48000000000000004,7.8,20.7,0.375,32.8,63.8,0.515,22.3,29.1,0.767,11.2,33.2,44.3,26,7.5,5.5,16.1,23.3,111.4
2010,Los Angeles Clippers,28,27.3,29,53,24,58,-6.35,0.33999999999999997,-6.01,103.3,110.1,-6.8,92.6,0.28300000000000003,0.221,0.529,NA,0.491,14.8,27.1,0.20600000000000002,0.509,12.2,74,0.21400000000000002,,670063,16343,FALSE,82,19705,39.5,86.8,0.455,6.4,19.2,0.33199999999999996,33.1,67.7,0.49,17.9,24.6,0.73,12.2,32.9,45.1,23.8,7,6.1,16.9,20.8,103.3,22,82,19705,42,89.4,0.47000000000000003,7,19.2,0.363,35,70.2,0.499,19.1,25.1,0.762,11.6,32.8,44.3,25.3,9,4.8,13.9,20.9,110.1
2010,Minnesota Timberwolves,29,24.1,15,67,17,65,-9.6,0.54,-9.06,101.7,111.6,-9.9,96.1,0.278,0.171,0.518,NA,0.47800000000000004,14.6,26.7,0.20700000000000002,0.525,13,73.6,0.22,,619170,15102,FALSE,82,19780,39.2,87.4,0.449,5.1,14.9,0.34099999999999997,34.1,72.5,0.47100000000000003,18.1,24.3,0.746,12.1,32.3,44.4,20.5,7.5,3.9,16.8,21.5,101.7,28,82,19780,42.2,87.9,0.48000000000000004,7.8,21.3,0.366,34.4,66.6,0.517,19.4,25,0.774,11.6,33.3,44.9,26.6,9.1,5.6,14.8,21.3,111.6
2010,New Jersey Nets,30,24.8,12,70,17,65,-9.12,0.19,-8.93,100.6,110.5,-9.9,91.4,0.307,0.181,0.509,NA,0.458,13.7,25.1,0.24000000000000002,0.517,13.3,71.8,0.229,,537230,13103,FALSE,82,19780,37.4,87,0.42900000000000005,5,15.7,0.318,32.4,71.3,0.454,20.9,26.8,0.7799999999999999,11.9,31.3,43.2,20.5,7.6,5.2,15.7,21.8,100.6,25,82,19780,42.1,87.6,0.48100000000000004,6.2,17,0.366,35.9,70.6,0.509,20.1,26.8,0.748,12.3,35.6,47.9,26,8.5,5.6,15.3,21.9,110.5
2011,Miami Heat,1,29,58,24,61,21,7.46,-0.71,6.76,111.7,103.5,8.2,90.9,0.363,0.23500000000000001,0.5730000000000001,NA,0.524,13.5,25.2,0.279,0.47500000000000003,12.6,75.5,0.223,,810930,19779,TRUE,82,19780,40.5,84.1,0.48100000000000004,7.3,19.7,0.37,33.2,64.4,0.515,23.5,30.5,0.769,10.5,35.6,46.1,21.9,7.3,5.7,15.2,22.3,111.7,5,82,19780,38.3,88.3,0.43400000000000005,7.3,21.1,0.345,31,67.1,0.462,19.7,26.4,0.744,11.5,31.4,42.9,22,7.7,3.3,14.4,23.9,103.5
2011,Chicago Bulls,2,26.4,62,20,61,21,7.319999999999999,-0.7899999999999999,6.53,108.3,100.3,8,90.4,0.305,0.21500000000000002,0.541,NA,0.501,13.5,29.4,0.227,0.463,13.6,76.2,0.222,,893462,21792,TRUE,82,19830,40.7,88.2,0.462,6.8,19,0.361,33.9,69.3,0.48900000000000005,20,26.9,0.743,13,35.5,48.5,24.5,7.9,6.3,15.6,22,108.3,2,82,19830,37.6,87.4,0.43000000000000005,5.7,17.5,0.326,31.9,69.9,0.456,19.4,25.4,0.764,11.1,31.1,42.2,20.8,7.6,6.4,15.5,22,100.3
2011,Los Angeles Lakers,3,30.2,57,25,58,24,6.109999999999999,-0.1,6.01,111,104.3,6.7,90.7,0.29300000000000004,0.22,0.545,NA,0.502,12.3,29.2,0.228,0.47700000000000004,12.8,72.3,0.181,,778877,18997,TRUE,82,19830,41.7,90.1,0.463,7,19.8,0.352,34.7,70.3,0.494,20.6,26.4,0.779,13.2,34.9,48.1,24,8,5.6,14.3,20.7,111,6,82,19830,40.1,91.9,0.43700000000000006,7.4,22.2,0.33499999999999996,32.7,69.6,0.46900000000000003,16.6,21.7,0.765,13.4,32,45.4,24.4,7.8,5,14.9,22.7,104.3
2011,San Antonio Spurs,4,28.8,61,21,56,26,5.71,0.16,5.859999999999999,111.8,105.6,6.2,92.3,0.29900000000000004,0.261,0.5670000000000001,NA,0.527,12.8,24.9,0.229,0.491,12.6,74.6,0.19,,750879,18314,TRUE,82,19780,41.4,87.1,0.47500000000000003,9,22.7,0.397,32.4,64.4,0.503,20,26.1,0.767,10.9,34.2,45.1,24.1,7.9,4.9,14.5,20.5,111.8,11,82,19780,41.1,90.2,0.456,6.3,17.2,0.367,34.8,73,0.47700000000000004,17.1,22.3,0.766,11.6,32.8,44.4,22.1,7.5,4.9,14.4,22.4,105.6
2011,Boston Celtics,5,29.5,56,26,57,25,5.37,-0.54,4.83,106.2,100.3,5.9,90.4,0.305,0.18,0.561,NA,0.519,14.5,21.1,0.23500000000000001,0.46900000000000003,14.8,74.7,0.23500000000000001,,763584,18624,TRUE,82,19780,40.6,83.5,0.48600000000000004,5.5,15,0.365,35.1,68.5,0.513,19.6,25.4,0.77,8.6,34.1,42.7,25.8,9.1,4.6,16,22.5,106.2,1,82,19780,37.2,85.5,0.43400000000000005,5.9,17.5,0.33999999999999997,31.2,68,0.459,20.1,26.5,0.756,11.6,32,43.6,20.6,7.7,4.9,16.9,22.3,100.3
2011,Orlando Magic,6,27.6,52,30,56,26,5.46,-0.54,4.92,107.9,102,5.9,91.2,0.328,0.328,0.554,NA,0.521,14.3,26.1,0.227,0.47500000000000003,13.3,76.9,0.21900000000000003,,777852,18972,TRUE,82,19830,39.2,85,0.461,10.2,27.9,0.366,29,57.1,0.507,19.3,27.9,0.692,11.5,35.5,47,21.7,7.3,5.1,16.2,21.8,107.9,3,82,19830,38,87.1,0.43600000000000005,6.8,19.6,0.35,31.2,67.6,0.461,19.1,25.7,0.743,10.7,32.5,43.2,21.8,8,4.1,15.1,23.8,102
2011,Denver Nuggets,7,27.3,50,32,54,28,4.76,0.05,4.81,112.3,107.3,5,95.6,0.367,0.258,0.5740000000000001,NA,0.526,13.1,23.9,0.281,0.5,12.7,75.4,0.224,,696568,16989,TRUE,82,19705,40.1,84.3,0.47600000000000003,8.4,21.7,0.388,31.6,62.6,0.506,23.7,31,0.765,10.1,33.8,43.9,23.1,7.7,4.5,14.7,21.9,112.3,16,82,19705,40.2,87.6,0.459,7.3,21.3,0.344,32.8,66.3,0.495,19.6,25.9,0.756,11,32.2,43.2,23.2,7.8,6.2,14.4,23.8,107.3
2011,Dallas Mavericks,8,30.9,57,25,53,29,4.23,0.18,4.41,109.7,105,4.7,91.3,0.28600000000000003,0.274,0.5650000000000001,NA,0.525,13.6,24.1,0.222,0.48800000000000004,13,74.8,0.20600000000000002,,824162,20102,TRUE,82,19705,40.9,86.2,0.47500000000000003,8.6,23.6,0.365,32.3,62.6,0.516,19.2,24.7,0.777,10.4,34.9,45.3,26.1,7.4,4.7,15.3,21,109.7,7,82,19705,40,88.8,0.45,6.8,19.7,0.34299999999999997,33.2,69.1,0.48100000000000004,18.3,24.4,0.75,11.7,32.8,44.5,22.5,8.3,4,14.9,22,105
2011,Oklahoma City Thunder,9,23.7,55,27,51,31,3.79,0.02,3.8099999999999996,111.2,107.2,4,92.7,0.363,0.21200000000000002,0.561,NA,0.501,13.1,27.4,0.29900000000000004,0.493,12.9,73.6,0.228,,744068,18148,TRUE,82,20005,39.7,85.5,0.464,6.3,18.2,0.347,33.4,67.4,0.495,25.6,31.1,0.8230000000000001,11.7,33.7,45.4,21.6,8.5,6.3,15,23.8,111.2,15,82,20005,40.4,88.3,0.458,6.2,17.3,0.361,34.2,71,0.48100000000000004,20.1,27.1,0.744,12.1,31,43.1,22.2,7.6,4.6,14.9,22.9,107.2
2011,Memphis Grizzlies,10,25.2,46,36,48,34,2.34,0.2,2.55,107.6,105.1,2.5,91.9,0.29100000000000004,0.136,0.534,NA,0.493,13,28.9,0.21800000000000003,0.502,15.7,72.5,0.228,,600687,14651,TRUE,82,19880,42,89.3,0.47100000000000003,4.1,12.2,0.33399999999999996,38,77.2,0.492,19.5,26,0.75,12.7,31.4,44.1,22.2,10.1,5.8,15,22.4,107.6,9,82,19880,39,85.2,0.457,7.7,20.9,0.369,31.3,64.3,0.48600000000000004,19.5,25.6,0.761,11.9,31.4,43.2,22.6,8.1,6.6,18,23,105.1
2011,Houston Rockets,11,26.5,43,39,47,35,2.18,0.19,2.3699999999999997,111.3,109,2.3,94.2,0.29900000000000004,0.264,0.55,NA,0.503,12.3,27.4,0.23900000000000002,0.5,12.6,72.7,0.21900000000000003,,663839,16191,FALSE,82,19880,40.6,89.4,0.454,8.7,23.6,0.367,31.9,65.8,0.48600000000000004,21.4,26.7,0.801,12.3,32.7,45,25.1,7.4,4.8,14.2,21,111.3,20,82,19880,41.9,89.4,0.468,5.7,16,0.358,36.1,73.4,0.492,19.6,25,0.7809999999999999,12.2,32.7,44.9,21.9,7.5,5.8,14.4,22.5,109
2011,Portland Trail Blazers,12,26.7,48,34,46,36,1.52,0.32,1.85,108.8,107.1,1.7,87.9,0.278,0.228,0.533,NA,0.48600000000000004,12.6,29.5,0.224,0.51,15.4,72,0.231,,840924,20510,TRUE,82,19805,40.7,91,0.447,7.1,20.7,0.345,33.5,70.2,0.47700000000000004,20.3,25.3,0.804,13.7,30.7,44.5,23.9,9.1,4.9,14.7,21.8,108.8,14,82,19805,40,85.7,0.467,7.3,19.8,0.367,32.7,65.9,0.497,19.8,25.8,0.767,12,32.9,44.8,21.7,7.8,4.7,17.7,24,107.1
2011,Philadelphia 76ers,13,24.7,41,41,45,37,1.5,-0.5,1.01,106.6,105,1.6,91.7,0.273,0.184,0.535,NA,0.494,12.3,24.6,0.21000000000000002,0.48700000000000004,13.5,74.5,0.231,,604823,14752,TRUE,82,19930,41,89,0.461,5.8,16.4,0.355,35.2,72.6,0.48500000000000004,18.7,24.3,0.77,11.2,33.9,45,24.4,8.2,4.7,14,20.9,106.6,8,82,19930,39.4,87.2,0.451,6.1,18.1,0.33999999999999997,33.2,69.1,0.48000000000000004,20.2,26.1,0.773,11.6,34.3,45.8,23.1,7.7,4.9,15.3,20.3,105
2011,New Orleans Hornets,14,26.3,46,36,44,38,0.89,0.39,1.28,106.2,105.2,1,88.7,0.29600000000000004,0.192,0.537,NA,0.493,12.8,25.1,0.226,0.501,14.4,76.2,0.22,,603088,14709,TRUE,82,19830,40.2,87.5,0.459,6.1,16.8,0.36,34.1,70.7,0.48200000000000004,19.8,25.9,0.765,11.2,33.7,44.9,23.1,8.5,4.9,14.6,23.5,106.2,10,82,19830,39.3,86,0.457,7.6,21.3,0.357,31.7,64.7,0.49,19,24.6,0.77,10.5,33.5,44,23.7,6.8,5.4,16.3,22.8,105.2
2011,New York Knicks,15,25.3,42,40,43,39,0.7799999999999999,-0.3,0.48000000000000004,110.9,110.1,0.8,95.6,0.304,0.303,0.561,NA,0.513,12.6,24.2,0.24600000000000002,0.511,13.8,71.9,0.24000000000000002,,808879,19729,TRUE,82,19780,39.9,87.2,0.457,9.7,26.4,0.368,30.2,60.8,0.496,21.4,26.5,0.809,10.8,31.4,42.1,22.3,7.9,6,14.3,22.1,110.9,22,82,19780,41.2,87.2,0.47200000000000003,6.8,18.3,0.372,34.4,68.9,0.499,20.9,27.5,0.762,12.2,33.6,45.8,21.4,7.4,4.6,15.9,21.6,110.1
2011,Milwaukee Bucks,16,26.7,35,47,38,44,-0.8400000000000001,-0.17,-1.02,101.6,102.5,-0.9,89.8,0.28700000000000003,0.21600000000000003,0.511,NA,0.467,13,24.7,0.21700000000000003,0.48100000000000004,14.7,74.8,0.23600000000000002,,631912,15412,FALSE,82,19830,37.9,88.2,0.43000000000000005,6.5,19.1,0.34199999999999997,31.4,69.2,0.454,19.2,25.4,0.757,11.6,33.4,45.1,20.8,8.3,5.4,14.9,22.7,101.6,4,82,19830,38.2,85.5,0.447,5.9,17.6,0.33399999999999996,32.3,67.9,0.47600000000000003,20.2,26.2,0.77,11.3,35.4,46.7,22.3,6.8,5.3,16.8,22.8,102.5
2011,Phoenix Suns,17,29.6,40,42,39,43,-0.89,0.43000000000000005,-0.46,109.5,110.4,-0.9,94.4,0.28300000000000003,0.271,0.559,NA,0.522,13.2,23.7,0.21500000000000002,0.513,13.1,71.6,0.21100000000000002,,720249,17567,FALSE,82,20005,40.9,87,0.47000000000000003,8.9,23.6,0.377,32,63.4,0.505,18.7,24.6,0.759,10.4,31.5,41.9,24.7,6.9,4.5,14.9,21.2,109.5,25,82,20005,42.1,89.2,0.47200000000000003,7.4,20.3,0.367,34.6,68.9,0.502,18.8,25,0.754,12.5,33.6,46.2,24,8.2,4.5,15.1,22.1,110.4
2011,Atlanta Hawks,18,27.4,44,38,39,43,-0.8200000000000001,-0.28,-1.1,106.1,107,-0.9,89.3,0.269,0.222,0.542,NA,0.501,13.5,23.4,0.20900000000000002,0.495,12.3,74.6,0.21100000000000002,,641596,15649,TRUE,82,19730,40.5,87.6,0.462,6.8,19.4,0.352,33.6,68.1,0.494,18.3,23.5,0.779,10.4,33.5,43.9,24.5,6.8,4.6,15.2,21.2,106.1,13,82,19730,41,89,0.46,6.3,18.5,0.33799999999999997,34.7,70.5,0.492,18.8,24.3,0.774,11.4,33.9,45.3,23.8,7.5,4.7,14,20.7,107
2011,Indiana Pacers,19,25.9,37,45,38,44,-1.07,-0.3,-1.3800000000000001,104.8,106,-1.2,94.7,0.3,0.24400000000000002,0.533,NA,0.48600000000000004,14.1,25.9,0.23500000000000001,0.48700000000000004,12.8,74.1,0.23700000000000002,,555077,13538,TRUE,82,19780,38.5,86.9,0.442,7.5,21.2,0.354,31,65.8,0.47100000000000003,20.4,26.1,0.7819999999999999,11.7,34,45.7,20.6,7.5,5.8,16.2,22.8,104.8,12,82,19780,39.3,87.6,0.449,6.5,18.2,0.359,32.8,69.4,0.47300000000000003,20.7,27.6,0.75,11.9,33.5,45.5,21.4,7.9,6,14.6,22.5,106
2011,Utah Jazz,20,26.8,39,43,36,46,-1.83,0.39,-1.44,108.1,110.1,-2,91,0.313,0.191,0.544,NA,0.498,13.5,27,0.24100000000000002,0.505,13.8,71.7,0.275,,799982,19512,FALSE,82,19880,40.6,87.4,0.465,5.8,16.7,0.346,34.9,70.7,0.493,21.1,27.3,0.771,11.9,31,42.9,25.5,8.3,6.4,15.6,24.7,108.1,23,82,19880,39.3,85.7,0.459,7.8,20.9,0.376,31.5,64.8,0.48600000000000004,23.6,30.3,0.778,12.3,32.2,44.4,22.5,8.1,5.4,15.9,23.9,110.1
2011,Golden State Warriors,21,25.2,36,46,35,47,-2.3299999999999996,0.32999999999999996,-2,108.2,110.7,-2.5,94.8,0.24100000000000002,0.24800000000000003,0.544,NA,0.51,13.3,26.7,0.183,0.509,14.5,69.3,0.259,,766398,18693,FALSE,82,19830,41.5,90,0.461,8.7,22.3,0.392,32.8,67.6,0.48400000000000004,16.5,21.6,0.761,12.2,30.3,42.4,23.6,9.4,5.2,15.3,23.1,108.2,26,82,19830,40.5,86.7,0.467,7.2,20.2,0.358,33.3,66.4,0.501,22.4,28.9,0.776,13.4,33.5,46.9,25.9,8.6,4.5,16.9,19.3,110.7
2011,Los Angeles Clippers,22,24.6,32,50,32,50,-3.13,0.42000000000000004,-2.71,105.3,108.7,-3.4,92.8,0.33199999999999996,0.23,0.535,NA,0.496,15.1,28.4,0.234,0.499,12.8,73.2,0.25,,727462,17743,FALSE,82,19855,39.3,85.8,0.457,6.7,19.8,0.33799999999999997,32.6,66.1,0.493,20.1,28.5,0.707,12.4,32.6,45,23.6,7.6,5.2,17.5,22.6,105.3,18,82,19855,39.7,87.1,0.455,7.6,20.8,0.365,32.1,66.3,0.48400000000000004,21.7,28.2,0.771,11.9,31.4,43.3,23.8,8.6,5.3,14.6,23.6,108.7
2011,Detroit Pistons,23,27.2,30,52,31,51,-3.6,-0.18,-3.7800000000000002,107.7,111.7,-4,89.2,0.279,0.189,0.533,NA,0.495,12.5,27.4,0.20600000000000002,0.526,13.8,72.1,0.23500000000000001,,683080,16660,FALSE,82,19880,41.4,90,0.46,6.4,17,0.376,35,73,0.47900000000000004,18.5,25.1,0.737,12.6,30.3,42.9,23.4,8.1,4.4,14.4,22.1,107.7,28,82,19880,42.1,86.7,0.48600000000000004,7.1,19.8,0.358,35,66.9,0.523,20.4,26.6,0.766,11.7,33.4,45.2,25.9,7.7,5.2,15.7,20.9,111.7
2011,Charlotte Bobcats,24,26.9,34,48,29,53,-4,-0.08,-4.08,103.4,107.8,-4.4,89.6,0.314,0.189,0.528,NA,0.48200000000000004,14.1,25.7,0.23700000000000002,0.5,12.9,75.2,0.229,,649694,15846,FALSE,82,19805,38.8,86,0.451,5.3,16.3,0.327,33.5,69.8,0.48000000000000004,20.4,27,0.756,11.5,33,44.5,23.4,7.1,5.9,16.1,22.1,103.4,17,82,19805,40,87.8,0.455,7.8,21.8,0.359,32.2,66,0.48700000000000004,20.1,25.8,0.7799999999999999,10.9,33.1,43.9,24,8.1,6.7,14.6,23.4,107.8
2011,Sacramento Kings,25,24.8,24,58,27,55,-5.34,0.54,-4.8,103.5,109,-5.5,95.2,0.28400000000000003,0.183,0.519,NA,0.48000000000000004,14.4,29.9,0.20800000000000002,0.513,13.5,74.4,0.233,,569496,13890,FALSE,82,19855,39.8,88.6,0.449,5.4,16.2,0.33499999999999996,34.4,72.4,0.47500000000000003,18.5,25.2,0.734,13.6,32.1,45.7,21.3,7.7,5,16.8,22.9,103.5,19,82,19855,41.4,86.7,0.47800000000000004,6.1,17.2,0.355,35.3,69.5,0.508,20.2,26.5,0.762,11,31.8,42.9,22.6,8.5,5.9,15.3,21.9,109
2011,New Jersey Nets,26,24.8,24,58,24,58,-6.24,-0.04,-6.28,103.1,109.9,-6.8,89.9,0.28300000000000003,0.201,0.517,NA,0.47400000000000003,13.4,26.1,0.21500000000000002,0.503,11.8,74.2,0.24100000000000002,,581378,13949,FALSE,82,20005,38.9,88.6,0.44,6.1,17.8,0.34299999999999997,32.8,70.7,0.464,19,25.1,0.759,12.1,32.6,44.7,23,6.1,5.1,15.4,24.1,103.1,21,82,20005,41,88.1,0.465,6.8,18.6,0.364,34.2,69.5,0.492,21.2,28.2,0.751,11.3,34.4,45.7,24.3,7.5,5,13.5,21.9,109.9
2011,Toronto Raptors,27,24.5,22,60,24,58,-6.28,0.01,-6.28,106.1,112.9,-6.8,92.9,0.29300000000000004,0.162,0.533,NA,0.491,13.7,28.2,0.221,0.522,13,72,0.251,,680255,16592,FALSE,82,19780,41.1,88.3,0.465,4.5,14.3,0.316,36.6,74,0.494,19.5,25.8,0.755,12.6,30.6,43.2,23.5,7.6,4.6,15.8,23.6,106.1,30,82,19780,42,87.1,0.48200000000000004,7.1,18.8,0.376,34.9,68.3,0.511,21.8,28.4,0.769,11.9,32.1,44,24.2,8.2,6,14.9,21.2,112.9
2011,Minnesota Timberwolves,28,23.8,17,65,24,58,-6.63,0.6699999999999999,-5.970000000000001,104.2,111.1,-6.9,96.5,0.28200000000000003,0.223,0.526,NA,0.48300000000000004,15.1,29.6,0.21700000000000003,0.514,13.1,73.7,0.251,,624960,15243,FALSE,82,19780,38.9,88.2,0.441,7.4,19.7,0.376,31.5,68.5,0.459,19.1,24.9,0.768,13.6,32.1,45.8,20.8,7.4,5.3,17.6,23,104.2,27,82,19780,40.6,86.8,0.468,8,21.5,0.374,32.6,65.3,0.499,21.8,28,0.778,11.5,32.4,43.9,25.5,9.8,5.6,14.9,21.6,111.1
2011,Washington Wizards,29,24.9,23,59,22,60,-7.4,0.11,-7.3,102.4,110.2,-7.8,93.8,0.29000000000000004,0.17200000000000001,0.513,NA,0.47100000000000003,13.9,28,0.21600000000000003,0.512,14.4,70.5,0.24900000000000003,,688466,16792,FALSE,82,19930,39.1,88.4,0.443,5,15.2,0.33199999999999996,34.1,73.2,0.465,19.1,25.7,0.745,13,30.5,43.5,20.4,8.5,6.4,16.1,23.7,102.4,24,82,19930,40.7,86.5,0.47100000000000003,7.2,19.3,0.373,33.5,67.3,0.499,21.5,28.3,0.761,12.8,33.5,46.2,24.4,8,5.3,16.6,21.3,110.2
2011,Cleveland Cavaliers,30,26.6,19,63,18,64,-9.01,0.14,-8.88,102.2,111.8,-9.6,93,0.312,0.224,0.518,NA,0.47200000000000003,13.4,24.2,0.233,0.524,12.7,73.3,0.21100000000000002,,824595,20112,FALSE,82,19755,37.7,86.8,0.43400000000000005,6.6,19.4,0.34199999999999997,31,67.3,0.461,20.2,27.1,0.745,11.2,32,43.2,22.5,7.1,4.5,15.2,21.5,102.2,29,82,19755,42.2,88.8,0.47500000000000003,8.7,21.1,0.41100000000000003,33.5,67.8,0.495,18.8,24.7,0.759,11.7,34.9,46.6,25.9,8.1,6.4,14.5,22.8,111.8
2012,Chicago Bulls,1,27.1,50,16,51,15,8.18,-0.76,7.430000000000001,107.4,98.3,9.1,89.1,0.255,0.20500000000000002,0.523,NA,0.49,13.2,32.6,0.184,0.45,12.8,74.3,0.17500000000000002,,731326,22161,TRUE,66,15940,41.7,92.3,0.452,7.1,18.9,0.375,34.6,73.4,0.47100000000000003,17,23.5,0.722,15.5,36.6,52,25.8,7.7,6.6,15.6,19.2,107.4,2,66,15940,38.6,91.5,0.42100000000000004,5.2,15.9,0.325,33.4,75.7,0.442,16,21.6,0.74,12.7,31.9,44.6,21,8.3,5.8,14.8,19.7,98.3
2012,San Antonio Spurs,2,27.5,50,16,48,18,7.17,0.11,7.28,110.9,103.2,7.7,92.9,0.261,0.257,0.562,NA,0.528,12.8,25.1,0.195,0.48900000000000005,12.9,76,0.168,,607095,18397,TRUE,66,15940,42.3,88.5,0.47800000000000004,8.9,22.8,0.393,33.4,65.8,0.507,17.3,23.1,0.748,11.1,34.9,46,24.8,7.9,4.7,14.5,18.5,110.9,10,66,15940,40.7,90.1,0.452,6.7,18.9,0.353,34,71.2,0.47800000000000004,15.1,20,0.756,11,33,44.1,20.9,7.9,5.3,14.7,20.2,103.2
2012,Oklahoma City Thunder,3,25.1,47,19,46,20,6.119999999999999,0.32,6.44,109.8,103.2,6.6,93,0.33399999999999996,0.252,0.5670000000000001,NA,0.516,15.3,27.8,0.269,0.465,13,72.1,0.20700000000000002,,600699,18203,TRUE,66,15990,39.7,84.4,0.47100000000000003,7.6,21.3,0.358,32.1,63.1,0.509,22.7,28.1,0.806,11.7,34.8,46.5,19.8,8,8.7,17.4,21.8,109.8,11,66,15990,38.8,90.8,0.42700000000000005,6.8,19.9,0.34199999999999997,32,71,0.451,18.8,24.5,0.768,13.5,30.5,44,21.2,8.7,5.2,15.1,21.3,103.2
2012,Miami Heat,4,28.3,46,20,47,19,5.98,-0.27,5.72,106.6,100.2,6.4,91.2,0.307,0.198,0.549,NA,0.505,14.5,26.6,0.23800000000000002,0.47900000000000004,15.8,73.9,0.2,,657855,19935,TRUE,66,16040,40.1,85.5,0.46900000000000003,6.1,16.9,0.359,34.1,68.6,0.496,20.3,26.2,0.775,11.3,33.8,45,21.6,9.6,5.8,16.4,21,106.6,4,66,16040,37.5,86.4,0.43400000000000005,7.9,21.6,0.363,29.6,64.8,0.457,17.3,23.9,0.725,11.9,31.1,43,21.3,9,4.6,18.2,22.2,100.2
2012,Philadelphia 76ers,5,24.9,35,31,43,23,4.24,-0.65,3.59,103.9,99.2,4.7,89.7,0.21700000000000003,0.17500000000000002,0.511,NA,0.48000000000000004,10.9,24.4,0.161,0.46,13.5,75.2,0.192,,577597,17503,TRUE,66,15915,41.6,92.8,0.448,5.9,16.2,0.362,35.7,76.6,0.466,14.9,20.1,0.742,11.8,36.1,47.9,24.4,8.8,5.7,12.4,19.5,103.9,3,66,15915,38.1,89.2,0.42700000000000005,6,18,0.33399999999999996,32.1,71.2,0.45,17.1,22.7,0.752,11.9,36.7,48.5,21.7,6.6,5.3,15.4,18,99.2
2012,Atlanta Hawks,6,27.9,40,26,41,25,3.44,-0.77,2.67,104.9,101.2,3.7,90.2,0.259,0.24900000000000003,0.535,NA,0.5,13.4,23.9,0.192,0.48000000000000004,14.4,74.4,0.186,,501593,15200,TRUE,66,16165,40,88,0.454,8.1,21.9,0.37,31.9,66.1,0.48200000000000004,16.9,22.8,0.74,10.7,34,44.7,24.4,8.8,5,15.2,19.4,104.9,6,66,16165,39.2,88.3,0.444,6.4,18.7,0.344,32.7,69.6,0.47000000000000003,16.4,21.8,0.753,11.7,34.2,45.9,22.3,8.1,5.2,16.4,20.8,101.2
2012,Indiana Pacers,7,26.3,42,24,41,25,3.3,-0.71,2.6,106.7,103.1,3.6,90.7,0.321,0.198,0.526,NA,0.47400000000000003,13.1,29.2,0.251,0.47600000000000003,14.1,72.3,0.222,,467561,14169,TRUE,66,15990,38.9,88.9,0.43800000000000006,6.5,17.6,0.368,32.5,71.3,0.455,22.3,28.5,0.7819999999999999,13.7,34.2,47.9,20.3,8.7,5.9,15.3,23.7,106.7,9,66,15990,38.1,87.7,0.43500000000000005,7.3,20.8,0.351,30.8,66.9,0.461,19.5,26.7,0.729,13.1,33.1,46.2,21.4,7.2,6.6,16.3,23.6,103.1
2012,New York Knicks,8,26.3,36,30,41,25,3.2,-0.81,2.3899999999999997,104.4,101,3.4,93.2,0.306,0.28800000000000003,0.533,NA,0.492,14.9,26.6,0.227,0.48500000000000004,15.9,73.7,0.224,,652179,19763,TRUE,66,15940,38.2,86.2,0.443,8.4,24.9,0.33599999999999997,29.9,61.4,0.48700000000000004,19.6,26.4,0.741,12,32.5,44.5,21.5,10.1,4.5,17.1,22.5,104.4,5,66,15940,37.4,84.7,0.442,7.2,20,0.359,30.3,64.6,0.468,18.9,25.7,0.736,11.6,33,44.6,20.2,8.7,5.4,18.2,23.2,101
2012,Denver Nuggets,9,26.6,38,28,39,27,2.88,0.29000000000000004,3.16,109.2,106.2,3,94.2,0.326,0.24300000000000002,0.556,NA,0.516,14.1,27.7,0.23900000000000002,0.508,14.3,74.3,0.185,,561966,17029,TRUE,66,16040,40.9,85.9,0.47600000000000003,6.9,20.8,0.33199999999999996,33.9,65,0.522,20.5,28,0.735,11.7,33.4,45.2,25.1,8.6,5.2,16.1,20.6,109.2,20,66,16040,40.4,88.5,0.456,9.1,23.7,0.383,31.3,64.8,0.48300000000000004,16.3,21.5,0.759,11.6,30.6,42.2,24.3,8.3,7,16.3,23.1,106.2
2012,Boston Celtics,10,29.3,39,27,39,27,2.52,-0.26,2.2600000000000002,101,98.2,2.8,90.4,0.257,0.194,0.535,NA,0.496,14.7,19.7,0.2,0.452,14.9,72.4,0.21600000000000003,,614592,18624,TRUE,66,15940,39,84.7,0.46,6,16.5,0.367,33,68.3,0.48300000000000004,16.9,21.8,0.778,8.5,34.2,42.7,25.9,8.3,6,16.3,21.9,101,1,66,15940,36.8,87.7,0.41900000000000004,5.7,18.6,0.308,31,69.1,0.449,19,25,0.76,13,34.5,47.5,20.5,8.6,5.1,17.2,20.3,98.2
2012,Los Angeles Clippers,11,27.3,40,26,39,27,2.56,0.26,2.82,108.5,105.7,2.8,89.2,0.28700000000000003,0.269,0.533,NA,0.502,12.7,29.5,0.195,0.492,14.2,73.2,0.24500000000000002,,634237,19219,TRUE,66,15965,41.1,90.5,0.455,8.7,24.3,0.357,32.5,66.2,0.49,17.6,25.9,0.6799999999999999,13.5,32.8,46.2,23.3,9.4,5.3,14.8,23.6,108.5,18,66,15965,38.4,85.9,0.447,7.8,21.3,0.365,30.7,64.7,0.47400000000000003,21.1,28.3,0.746,12,32.3,44.3,23.1,6.7,5,16.3,23.6,105.7
2012,Memphis Grizzlies,12,25.6,41,25,38,28,2.02,0.42000000000000004,2.4299999999999997,104,101.8,2.2,90.8,0.277,0.15700000000000003,0.515,NA,0.47300000000000003,13.6,29.8,0.21100000000000002,0.48500000000000004,16.3,72.7,0.227,,518446,15710,TRUE,66,15940,40.2,89.9,0.447,4.6,14.1,0.326,35.6,75.8,0.47000000000000003,18.9,24.9,0.759,13.8,32.2,46,21.4,10.5,5.7,15.8,21.8,104,7,66,15940,37.8,85.1,0.444,6.9,20.1,0.345,30.9,65.1,0.47400000000000003,19.3,25.2,0.764,12.1,32.4,44.5,21.1,8.6,6,18.7,21.1,101.8
2012,Los Angeles Lakers,13,29.7,41,25,36,30,1.42,0.54,1.96,106,104.4,1.6,90.5,0.29900000000000004,0.20900000000000002,0.534,NA,0.491,14.2,29.1,0.226,0.47600000000000003,10.7,74.8,0.15800000000000003,,626901,18997,TRUE,66,16065,40.1,87.8,0.457,6,18.3,0.326,34.1,69.4,0.491,19.8,26.2,0.756,13.2,37.1,50.3,24.5,6.4,5.8,16.5,18.3,106,13,66,16065,41.1,94.1,0.43700000000000006,7.3,21,0.348,33.8,73.1,0.463,14.9,20,0.742,12.5,32.1,44.6,23.9,9.2,5,12.3,22,104.4
2012,Dallas Mavericks,14,31.3,36,30,35,31,0.9500000000000001,0.8300000000000001,1.78,103.3,102.3,1,91.4,0.24600000000000002,0.271,0.527,NA,0.48900000000000005,13.4,23.4,0.19,0.47900000000000004,13.9,74.8,0.203,,671050,20335,TRUE,66,16065,39.2,88.4,0.443,8.1,23.9,0.33899999999999997,31.1,64.5,0.48200000000000004,16.8,21.8,0.771,10.9,35.2,46.1,22.5,9.2,5.5,15.1,20,103.3,8,66,16065,38.3,88.1,0.43500000000000005,7.7,22.4,0.346,30.6,65.7,0.466,17.8,23.8,0.75,11.8,35.5,47.4,22.1,9.2,4.3,15.9,19.8,102.3
2012,Orlando Magic,15,27.5,37,29,35,31,0.7899999999999999,-0.32999999999999996,0.46,105,104.1,0.9,89,0.29200000000000004,0.346,0.533,NA,0.506,14.5,26.5,0.193,0.48800000000000004,12.9,75.5,0.19,,623587,18897,TRUE,66,15965,38.4,87.2,0.441,11.3,30.1,0.375,27.1,57,0.47500000000000003,16.8,25.5,0.6599999999999999,12.5,34.8,47.3,22.3,7.6,4.6,16.6,19.7,105,12,66,15965,40.1,89.3,0.449,7,20.1,0.347,33.1,69.2,0.47800000000000004,17,22,0.772,11.3,34.8,46.1,22.8,8.4,4.6,14.6,22.1,104.1
2012,Utah Jazz,16,25.6,36,30,34,32,0.62,0.3,0.92,106.8,106.1,0.7,91.4,0.302,0.15300000000000002,0.525,NA,0.48100000000000004,13,30.2,0.227,0.493,13.8,73.8,0.24500000000000002,,637124,19307,TRUE,66,16165,41,89.8,0.456,4.4,13.7,0.323,36.5,76.1,0.48000000000000004,20.4,27.1,0.754,14,33.4,47.4,23.4,8.8,6.3,15.2,23.4,106.8,19,66,16165,39,86.2,0.453,6.9,20.4,0.33999999999999997,32.1,65.8,0.48800000000000004,21.1,28,0.754,11.8,32.3,44.1,22,8,6.1,15.7,22.2,106.1
2012,Milwaukee Bucks,17,26.2,31,35,34,32,0.27,-0.5,-0.23,105.5,105.2,0.3,93.7,0.25,0.224,0.521,NA,0.48100000000000004,12.9,27.7,0.194,0.48900000000000005,14.6,70.9,0.21700000000000003,,485717,14719,FALSE,66,15865,40.4,91.2,0.443,7,20.4,0.345,33.3,70.8,0.47100000000000003,17.7,22.8,0.774,13.2,32,45.2,25,8.8,5.4,15,20.5,105.5,16,66,15865,39.5,88,0.449,7.1,20.1,0.351,32.5,67.9,0.47800000000000004,19.1,24.8,0.769,13.1,34.5,47.6,23.1,8.1,4.8,16.9,20.6,105.2
2012,Houston Rockets,18,26.2,34,32,34,32,0.23,0.35,0.5700000000000001,105.5,105.2,0.3,91.7,0.23500000000000001,0.24000000000000002,0.529,NA,0.492,13.5,27.5,0.184,0.49,13.8,73.4,0.21000000000000002,,506994,15363,FALSE,66,16065,40.6,90.3,0.449,7.8,21.7,0.359,32.8,68.6,0.47700000000000004,16.6,21.2,0.7819999999999999,12.5,32.8,45.3,22.9,8.1,5.2,15.6,21.9,105.5,17,66,16065,40.3,88.4,0.456,6,18.5,0.325,34.3,69.9,0.491,18.6,24.3,0.766,11.9,33,44.9,21.5,8.1,5.5,15.8,19.8,105.2
2012,Phoenix Suns,19,28.9,33,33,32,34,-0.24000000000000002,0.53,0.29000000000000004,106.2,106.5,-0.3,92.6,0.257,0.23800000000000002,0.536,NA,0.499,13.3,25.8,0.194,0.491,13.1,71.7,0.2,,514718,15598,FALSE,66,15840,40.8,89.1,0.458,7.3,21.2,0.34299999999999997,33.6,67.9,0.494,17.3,22.9,0.757,11.7,33.3,45,24.3,7.1,6,15.2,20.2,106.2,24,66,15840,41,90.1,0.455,6.5,18.5,0.352,34.5,71.6,0.48100000000000004,18,23.6,0.762,13.1,33.8,46.9,23.2,8.6,4.7,15.2,21.2,106.5
2012,Portland Trail Blazers,20,27.5,28,38,32,34,-0.62,0.41000000000000003,-0.22,105.7,106.4,-0.7,91.2,0.263,0.255,0.531,NA,0.48800000000000004,13.4,26.3,0.20900000000000002,0.504,14.1,72.8,0.199,,676384,20496,FALSE,66,15965,39.6,89.3,0.443,7.9,22.8,0.346,31.7,66.5,0.47700000000000004,18.7,23.5,0.7959999999999999,12.1,32.1,44.2,22.2,8.7,5.3,15.4,20.6,105.7,23,66,15965,40.8,88.2,0.463,7.3,20.1,0.363,33.5,68.1,0.492,17.5,23.4,0.747,12,34,46,22.9,8.2,5.2,16.2,21.5,106.4
2012,Minnesota Timberwolves,21,24.4,26,40,28,38,-2.2,0.37,-1.83,104.3,106.6,-2.3,93.3,0.306,0.262,0.524,NA,0.47700000000000004,14,27.5,0.23600000000000002,0.491,12.2,73,0.187,,577197,17491,FALSE,66,15940,38,87.7,0.43300000000000005,7.6,23,0.33199999999999996,30.4,64.7,0.46900000000000003,20.7,26.8,0.771,12.9,33.7,46.6,20.8,7,4.7,16.2,19.6,104.3,25,66,15940,41.5,91.3,0.455,6.6,19.3,0.33999999999999997,35,72,0.48600000000000004,17.1,22.6,0.755,12.4,33.8,46.3,22.9,8.9,6.1,14.1,23.2,106.6
2012,Golden State Warriors,22,25.3,23,43,25,41,-3.4099999999999997,0.62,-2.79,105.4,109.1,-3.7,92.3,0.227,0.24800000000000003,0.539,NA,0.505,13.3,22.9,0.17500000000000002,0.496,13.6,69.1,0.23700000000000002,,622311,18858,FALSE,66,15915,40.6,88.9,0.457,8.6,22.1,0.388,32.1,66.8,0.48000000000000004,15.5,20.2,0.77,10.5,31.8,42.2,24,8.6,5.9,14.9,23,105.4,27,66,15915,40.2,88.7,0.453,7.6,20.9,0.365,32.5,67.8,0.48000000000000004,21,28.2,0.747,14.2,35.2,49.4,24.9,8.1,5.4,16,17.9,109.1
2012,Toronto Raptors,23,25.7,23,43,25,41,-3.3,-0.36,-3.67,100.8,104.5,-3.7,89.3,0.274,0.20900000000000002,0.518,NA,0.47500000000000003,14.8,25.9,0.21100000000000002,0.47500000000000003,12.8,75.4,0.26,,555584,16836,FALSE,66,15965,38.2,86.8,0.44,6.1,18.1,0.33999999999999997,32,68.7,0.467,18.3,23.7,0.77,11.7,34.9,46.7,23.3,7.2,5.4,16.9,25.8,100.8,14,66,15965,37.6,86.4,0.43500000000000005,6.8,20.6,0.328,30.9,65.8,0.46900000000000003,22.5,30.2,0.744,11.4,33.6,45,22.3,8.1,5.4,14.7,20.4,104.5
2012,New Orleans Hornets,24,25.5,21,45,24,42,-3.7600000000000002,0.65,-3.11,100.9,105.1,-4.2,88.3,0.274,0.15200000000000002,0.517,NA,0.47600000000000003,15.2,27.5,0.20700000000000002,0.48500000000000004,13.5,73.1,0.21800000000000003,,498618,15110,FALSE,66,15940,39.2,87,0.451,4.4,13.2,0.33299999999999996,34.8,73.8,0.47200000000000003,18,23.8,0.757,12.3,33.9,46.3,23.3,8.3,5.4,17.5,22.6,100.9,15,66,15940,39.3,88.5,0.444,7.2,22.9,0.317,32.1,65.6,0.48900000000000005,19.2,25.4,0.759,12.5,32.6,45,23.5,8.9,6.5,15.6,21.1,105.1
2012,Washington Wizards,25,24.2,20,46,22,44,-4.8,-0.33999999999999997,-5.14,101,106.2,-5.2,92.5,0.253,0.196,0.508,NA,0.47200000000000003,14.2,27.3,0.184,0.492,14.2,70.9,0.229,,552038,16728,FALSE,66,15865,39.5,89.5,0.441,5.6,17.6,0.32,33.8,71.9,0.47000000000000003,16.5,22.7,0.727,12.7,32.3,45,20.6,8.6,6.8,16.5,23,101,21,66,15865,39.6,87.5,0.453,7,19.9,0.35,32.6,67.6,0.48300000000000004,20.1,26.5,0.758,13.3,33.7,47,23.2,8.5,4.9,16.4,20.1,106.2
2012,Detroit Pistons,26,26.3,25,41,22,44,-4.79,-0.4,-5.1899999999999995,101,106.3,-5.3,89.2,0.279,0.17500000000000002,0.51,NA,0.468,15,28.1,0.21000000000000002,0.5,14.2,72.8,0.226,,475638,14413,FALSE,66,15965,38.6,88.1,0.43800000000000006,5.3,15.4,0.346,33.3,72.7,0.457,18.5,24.6,0.752,13.1,31.7,44.8,20.8,7.7,4.7,17.4,21.8,101,22,66,15965,40.1,86.7,0.462,6.7,18.8,0.355,33.4,67.9,0.492,19.6,25.6,0.765,11.8,33.4,45.3,25,9.5,5.9,16.2,21.6,106.3
2012,Sacramento Kings,27,24.3,22,44,21,45,-5.68,0.73,-4.95,103.8,109.8,-6,94.7,0.268,0.228,0.51,NA,0.47200000000000003,13,29.1,0.197,0.515,13.9,70.5,0.199,,478764,14508,FALSE,66,15915,39.7,91,0.43600000000000005,6.5,20.7,0.316,33.1,70.3,0.47100000000000003,18,24.4,0.736,14,31,45.1,20.2,8.9,5.1,15.2,20.5,103.8,29,66,15915,42.5,89.3,0.47600000000000003,7,19.7,0.355,35.5,69.7,0.51,17.8,23.4,0.762,13,34.3,47.3,25,8.3,6.7,16.2,20.9,109.8
2012,New Jersey Nets,28,26.1,22,44,19,47,-5.98,-0.39,-6.37,102.9,109.6,-6.7,90.1,0.269,0.278,0.516,NA,0.47300000000000003,14.3,27.8,0.20900000000000002,0.513,13.7,70.7,0.20900000000000002,,460719,13961,FALSE,66,15890,37.9,89.1,0.42500000000000004,8.5,24.8,0.34199999999999997,29.4,64.3,0.457,18.6,24,0.777,13.1,31.5,44.6,22,8.3,4.4,16.7,21.2,102.9,28,66,15890,41.9,88.7,0.47200000000000003,7.2,19.3,0.374,34.7,69.4,0.5,18.5,25,0.74,13.1,34,47.1,25.8,8.8,5.5,15.8,21.3,109.6
2012,Cleveland Cavaliers,29,26,21,45,17,49,-7.2,-0.14,-7.34,101.1,108.9,-7.8,91.3,0.307,0.23800000000000002,0.505,NA,0.463,14.3,28.9,0.22,0.508,13.1,72.2,0.202,,525577,15927,FALSE,66,15965,37.2,88.2,0.42200000000000004,7.2,21,0.346,30,67.3,0.446,19.4,27.1,0.716,13.8,32.1,45.9,21.5,7.7,4.3,16.7,21.7,101.1,26,66,15965,41.7,89.4,0.467,7.4,20.3,0.362,34.4,69.1,0.498,18,24.1,0.748,12.4,34.1,46.5,25.1,8.6,6.7,15.1,22.7,108.9
2012,Charlotte Bobcats,30,24.5,7,59,7,59,-13.91,-0.05,-13.96,95.2,110.4,-15.2,91.1,0.276,0.169,0.48300000000000004,NA,0.43900000000000006,13.9,23.6,0.20600000000000002,0.512,12.8,70.9,0.20600000000000002,,486984,14757,FALSE,66,15890,36.4,87.8,0.41400000000000003,4.4,14.8,0.29500000000000004,32,73,0.43900000000000006,18.1,24.2,0.746,11.2,31.4,42.6,22,6.6,6,15.9,20.7,95.2,30,66,15890,42.6,89.7,0.47500000000000003,6.7,18.9,0.356,35.8,70.8,0.506,18.5,24.6,0.75,12.9,36.4,49.3,25.5,8.3,6.3,14.8,22.2,110.4
2013,Oklahoma City Thunder,1,26,60,22,64,18,9.209999999999999,-0.06,9.15,112.4,102.6,9.8,93.3,0.33799999999999997,0.24400000000000002,0.58,NA,0.527,14.4,26.7,0.28,0.46900000000000003,13.5,73.4,0.197,,746323,18203,TRUE,82,19830,40.5,84.3,0.48100000000000004,7.8,20.6,0.377,32.8,63.7,0.514,23.6,28.5,0.8280000000000001,11.1,35.3,46.4,22.7,8.8,8.1,16.2,21.4,112.4,4,82,19830,38.5,90.4,0.42500000000000004,7.9,22.8,0.346,30.5,67.6,0.452,17.8,23,0.774,12.8,30.5,43.3,21.8,8.7,4.2,15.7,22,102.6
2013,Miami Heat,2,30.3,66,16,62,20,7.87,-0.8400000000000001,7.03,112.3,103.7,8.6,90.7,0.29700000000000004,0.28500000000000003,0.588,NA,0.552,13.7,22.2,0.224,0.48700000000000004,14.8,73,0.2,,819290,19983,TRUE,82,19880,41.9,84.5,0.496,9.5,24.1,0.396,32.4,60.4,0.536,18.9,25.1,0.754,9,33.2,42.2,25.2,9.5,5.9,15.2,20.4,112.3,9,82,19880,38.9,88.3,0.44,8.3,23.7,0.35,30.6,64.6,0.47300000000000003,17.7,23.1,0.766,12.3,31.5,43.8,22,8.6,3.5,17,22.3,103.7
2013,Los Angeles Clippers,3,28.8,56,26,59,23,6.45,-0.02,6.430000000000001,110.6,103.6,7,91.1,0.28600000000000003,0.265,0.557,NA,0.526,13.9,28.8,0.203,0.492,15.4,73.5,0.229,,788293,19227,TRUE,82,19730,42.2,88.2,0.47800000000000004,8.4,23.4,0.358,33.8,64.8,0.522,17.9,25.2,0.711,12.5,33,45.6,26.1,10.5,6.2,16,22.9,110.6,8,82,19730,37.8,85.4,0.443,8.4,22.4,0.373,29.5,62.9,0.468,19.6,26.1,0.749,11.9,30.9,42.8,24.2,8.1,4.5,17.6,22.8,103.6
2013,San Antonio Spurs,4,28.6,58,24,58,24,6.4,0.27,6.67,108.3,101.6,6.7,94.2,0.258,0.264,0.5680000000000001,NA,0.531,14,20.5,0.20400000000000001,0.48000000000000004,13.7,74.9,0.17900000000000002,,755700,18432,TRUE,82,19880,41.1,85.6,0.48100000000000004,8.5,22.6,0.376,32.6,62.9,0.519,17.5,22.1,0.7909999999999999,8.5,34.9,43.4,26.4,8.9,5.7,15.5,18.3,108.3,3,82,19880,39.5,89.2,0.442,6.7,18.9,0.353,32.8,70.4,0.466,16,21,0.76,11.7,33,44.7,22.5,8.7,5.2,15.7,20.1,101.6
2013,Denver Nuggets,5,26.1,57,25,55,27,5.09,0.28,5.37,110.4,105.1,5.3,95.1,0.308,0.21700000000000003,0.549,NA,0.515,13.6,31.4,0.21600000000000003,0.493,14.3,71.8,0.193,,730616,17820,TRUE,82,19905,42.3,88.6,0.47800000000000004,6.6,19.3,0.34299999999999997,35.7,69.3,0.516,19.1,27.2,0.701,13.8,33,46.8,25.4,9.7,6.8,15.9,21.3,110.4,11,82,19905,39.6,89.1,0.444,8.7,24,0.363,30.9,65.1,0.47400000000000003,17.2,23.6,0.731,12.9,30.3,43.3,24.6,8.3,7,16.6,22.5,105.1
2013,New York Knicks,6,30.2,54,28,53,29,4.23,-0.5,3.73,111.1,106.3,4.8,89.8,0.258,0.354,0.55,NA,0.515,11.7,25.6,0.196,0.508,14.8,74.7,0.21600000000000003,,780353,19033,TRUE,82,19730,40.6,90.6,0.448,12.1,32.1,0.376,28.5,58.5,0.48700000000000004,17.8,23.4,0.759,12.1,33,45.1,21.4,9.1,4,13.4,22.4,111.1,18,82,19730,39.5,86.2,0.458,8.7,24.2,0.357,30.9,62,0.498,18.7,24.7,0.757,11.2,35.1,46.3,21.4,7.1,4.4,16.8,21.4,106.3
2013,Memphis Grizzlies,7,27,56,26,54,28,4.1499999999999995,0.18,4.319999999999999,104.9,100.3,4.6,88.4,0.261,0.166,0.514,NA,0.47200000000000003,13.3,31,0.202,0.47500000000000003,15.2,74.3,0.20900000000000002,,681613,16625,TRUE,82,19805,40.6,91.5,0.444,5.2,15.2,0.345,35.4,76.4,0.463,18.5,23.9,0.773,14.5,33.5,48,23.5,9.6,6,15.7,22.7,104.9,2,82,19805,37.7,86.5,0.43500000000000005,6.9,20.4,0.33799999999999997,30.7,66.1,0.465,18.1,24.2,0.748,11.6,32.3,43.9,21.9,8.2,6.2,17.4,22.5,100.3
2013,Indiana Pacers,8,25.7,49,32,52,29,4.02,-0.69,3.34,104.3,99.8,4.5,90.2,0.29300000000000004,0.24500000000000002,0.521,NA,0.47900000000000004,14.3,30.3,0.21900000000000003,0.453,12.9,74.6,0.197,,626069,15270,TRUE,81,19590,38.7,88.6,0.43600000000000005,7.5,21.7,0.347,31.1,66.9,0.465,19.4,26,0.746,14.2,36.3,50.5,22.3,7.9,7,16.7,22.1,104.3,1,81,19590,38,90.4,0.42000000000000004,6,18.3,0.327,32,72.2,0.444,17.9,23.5,0.76,12.3,32.6,45,21.1,8.3,6.2,14.9,24.1,99.8
2013,Houston Rockets,9,24.4,45,37,50,32,3.48,0.22,3.69,109.7,106.1,3.6,96.1,0.308,0.349,0.5640000000000001,NA,0.525,14.9,26.4,0.232,0.502,13.5,75.2,0.196,,683564,16672,TRUE,82,19780,39.4,85.6,0.461,10.9,29.9,0.366,28.5,55.7,0.511,19.9,26.3,0.754,11.5,33.5,45,24,8.6,4.5,17,21,109.7,16,82,19780,40.2,88.5,0.454,8.3,22.7,0.368,31.9,65.8,0.48400000000000004,17.3,22.4,0.776,11.1,32.1,43.1,23.5,8.7,6.3,15.3,21.1,106.1
2013,Brooklyn Nets,10,28.6,49,33,46,36,1.78,-0.53,1.25,108.2,106.2,2,88.8,0.29900000000000004,0.269,0.536,NA,0.498,14,30.9,0.21900000000000003,0.503,13.1,73.7,0.17400000000000002,,704702,17188,TRUE,82,19855,40.1,89.1,0.45,8.6,24,0.357,31.5,65.1,0.48400000000000004,19.5,26.7,0.731,14.3,33.5,47.8,22.7,8.2,5.3,16.4,20.4,108.2,17,82,19855,41.8,90.1,0.464,7.1,19.3,0.366,34.7,70.8,0.49,15.6,21.4,0.731,12,31.8,43.8,23.9,8.4,5.3,15,23.8,106.2
2013,Los Angeles Lakers,11,30.7,45,37,44,38,1.1600000000000001,0.32,1.48,107.8,106.6,1.2,94.4,0.345,0.303,0.548,NA,0.512,13.9,27,0.23900000000000002,0.496,11.9,74.3,0.163,,778877,18997,TRUE,82,19755,39.1,85.4,0.458,9.2,25.9,0.355,29.9,59.5,0.503,20.4,29.4,0.692,12.1,35.1,47.3,23.4,7.4,5.5,15.8,18.9,107.8,20,82,19755,41.8,92.4,0.453,7.9,22.1,0.357,34,70.3,0.48300000000000004,15,20.5,0.732,12.2,32.8,45,24.7,9,5.1,13.6,24.3,106.6
2013,Golden State Warriors,12,25.3,47,35,44,38,0.89,0.42000000000000004,1.32,106.4,105.5,0.9,94.5,0.255,0.23900000000000002,0.545,NA,0.506,14,25.4,0.201,0.48600000000000004,12.4,75.5,0.21100000000000002,,794320,19374,TRUE,82,19805,40.2,87.7,0.458,8.4,20.9,0.403,31.7,66.8,0.47500000000000003,17.7,22.4,0.7899999999999999,11.4,35.9,47.3,23.7,7.3,4.4,15.9,22.5,106.4,14,82,19805,39.1,89.2,0.43900000000000006,8.4,24.3,0.347,30.7,64.9,0.47300000000000003,18.8,25.1,0.748,11.6,33.3,44.9,24.8,8.6,5.1,14.2,20.2,105.5
2013,Atlanta Hawks,13,27.1,44,38,42,40,0.4,-0.48000000000000004,-0.08,104.8,104.4,0.4,92.6,0.24400000000000002,0.28600000000000003,0.546,NA,0.517,14.2,22.2,0.17400000000000002,0.496,14.2,73.6,0.181,,620146,15126,TRUE,82,19855,40.2,86.7,0.464,9.2,24.8,0.371,31,61.9,0.501,15.1,21.1,0.715,9.9,33.8,43.7,26.2,8.7,4.8,15.9,19.2,104.8,10,82,19855,40.1,89,0.45,8.1,21.3,0.379,32,67.7,0.47300000000000003,16.1,21.1,0.763,12.1,34.7,46.8,23.8,9,4.6,16.3,20.1,104.4
2013,Chicago Bulls,14,28,45,37,42,40,0.32,-0.32999999999999996,-0.02,103.5,103.2,0.3,89.3,0.259,0.189,0.512,NA,0.47000000000000003,13.6,29.4,0.201,0.47700000000000004,13.2,73.6,0.20600000000000002,,896944,21877,TRUE,82,19830,39.6,90.7,0.43700000000000006,6,17.1,0.353,33.6,73.6,0.456,18.2,23.5,0.773,13.9,34.1,48,25.5,8,5.6,15.9,21.9,103.5,6,82,19830,39.4,88.9,0.443,6.1,17.7,0.346,33.2,71.2,0.467,18.3,24.7,0.739,12.2,33.4,45.6,20.9,8.1,6.5,15.2,21.8,103.2
2013,Utah Jazz,15,26.3,43,39,41,41,-0.09,0.38,0.3,106.7,106.8,-0.1,90.9,0.281,0.20600000000000002,0.533,NA,0.492,13.8,28.8,0.21400000000000002,0.501,14,73.2,0.226,,763915,18632,FALSE,82,19880,40.4,89.1,0.454,6.7,18.4,0.366,33.7,70.7,0.47700000000000004,19.1,25,0.764,13.1,32.6,45.8,24.7,9.2,6.8,16.1,23.2,106.7,21,82,19880,39.9,87,0.458,7.4,20.1,0.37,32.4,66.9,0.48500000000000004,19.6,25.9,0.757,12,32.5,44.4,22.4,8.5,6.4,16,22.2,106.8
2013,Boston Celtics,16,29.1,41,40,40,41,-0.22,-0.4,-0.62,103.1,103.3,-0.2,91.7,0.263,0.21500000000000002,0.542,NA,0.503,14.1,20.1,0.20400000000000001,0.48200000000000004,14.2,73.3,0.21600000000000003,,744960,18624,TRUE,81,19840,39.6,85.2,0.465,6.6,18.3,0.358,33,66.8,0.494,17.4,22.4,0.776,8.6,33.4,42,24.3,8.8,4.8,15.6,22.6,103.1,7,81,19840,38.6,87.5,0.441,7.3,21.2,0.34199999999999997,31.3,66.3,0.47200000000000003,18.9,25.5,0.74,12.2,34.3,46.5,23.1,8.4,5,16.3,20.8,103.3
2013,Dallas Mavericks,17,29.5,41,41,39,43,-0.6,0.36,-0.24000000000000002,105.9,106.5,-0.6,94.1,0.24200000000000002,0.23600000000000002,0.544,NA,0.506,13,21.8,0.192,0.492,13.3,73.1,0.227,,821490,20036,FALSE,82,19980,40.6,88,0.462,7.7,20.8,0.372,32.9,67.2,0.48900000000000005,16.9,21.3,0.7929999999999999,9.8,34.1,43.9,24.3,8.3,5.8,14.6,21.7,105.9,19,82,19980,39.2,88,0.445,8.2,22.8,0.359,31,65.1,0.47500000000000003,20,26.6,0.753,12.6,35.1,47.7,23.1,8.9,4.3,15.4,19.8,106.5
2013,Milwaukee Bucks,18,26.4,38,44,37,45,-1.5,-0.32999999999999996,-1.83,103.6,105.2,-1.6,94.7,0.23600000000000002,0.232,0.51,NA,0.47600000000000003,12.7,27.9,0.17400000000000002,0.492,14.4,71.3,0.201,,616469,15036,TRUE,82,19830,40,92,0.43500000000000005,7.7,21.3,0.36,32.3,70.6,0.457,16,21.7,0.736,13.7,32.4,46.1,24,8.8,7,14.8,19.9,103.6,12,82,19830,40.3,88.8,0.454,6.8,19.4,0.348,33.5,69.4,0.48300000000000004,17.9,23.5,0.759,13,35.2,48.3,24.2,8.4,4.6,16.7,20,105.2
2013,Toronto Raptors,19,25.4,34,48,37,45,-1.48,-0.48000000000000004,-1.96,105.9,107.5,-1.6,90.4,0.274,0.24900000000000003,0.532,NA,0.48800000000000004,13,25.5,0.21600000000000003,0.5,13.6,73.4,0.24700000000000003,,743936,18145,FALSE,82,19980,39.6,88.8,0.446,7.6,22.1,0.34299999999999997,32,66.7,0.48000000000000004,19.2,24.3,0.7879999999999999,11.6,32.2,43.8,23.5,7.9,5.2,14.9,24.4,105.9,22,82,19980,39.5,86.3,0.458,7.3,20.1,0.361,32.2,66.2,0.48700000000000004,21.3,28.5,0.747,11.7,33.8,45.5,23.9,7.7,5.1,15.5,21.9,107.5
2013,Minnesota Timberwolves,20,26.4,31,51,34,48,-2.3699999999999997,0.54,-1.83,102.9,105.4,-2.5,92.8,0.305,0.22,0.516,NA,0.47300000000000003,13.8,27.4,0.226,0.511,15,74,0.187,,669956,16340,FALSE,82,19730,38.6,87.8,0.43900000000000006,5.9,19.3,0.305,32.7,68.5,0.47700000000000004,19.9,26.8,0.742,12.7,32.4,45.2,24.1,9.2,5.1,15.9,19.8,102.9,13,82,19730,40.8,87.2,0.468,7.5,20.4,0.369,33.2,66.8,0.498,16.3,21.6,0.752,11.4,33.8,45.3,24,8.7,6.3,17.1,24.2,105.4
2013,Washington Wizards,21,25.4,29,53,33,49,-2.54,-0.25,-2.7800000000000002,100.2,103,-2.8,92.2,0.261,0.223,0.512,NA,0.47500000000000003,14.2,24.6,0.191,0.48300000000000004,13.7,74.6,0.20600000000000002,,670070,16343,FALSE,82,19855,38.2,87.8,0.43500000000000005,7.1,19.6,0.365,31,68.2,0.455,16.8,22.9,0.733,11.6,34.8,46.4,23.3,7.8,4.9,16.2,22,100.2,5,82,19855,38.6,87.8,0.44,7.7,22,0.349,30.9,65.8,0.47000000000000003,18.1,24.5,0.738,11.8,35.7,47.5,23.2,8.4,4.7,15.6,20.6,103
2013,Portland Trail Blazers,22,24.4,33,49,32,50,-3.17,0.65,-2.53,105.8,109.2,-3.4,91.4,0.25,0.28400000000000003,0.536,NA,0.498,13.9,25.3,0.194,0.512,12.5,73.3,0.189,,813012,19830,FALSE,82,19855,39.8,88.8,0.448,8.9,25.2,0.353,30.9,63.6,0.48600000000000004,17.2,22.2,0.776,11.6,32.7,44.3,23.6,7.1,4.7,15.9,20.1,105.8,26,82,19855,42.6,90,0.47400000000000003,6.9,20.3,0.33999999999999997,35.8,69.8,0.512,17,22.4,0.761,11.9,34.1,46,25.7,9.1,4.7,14.2,20.3,109.2
2013,Philadelphia 76ers,23,25.2,34,48,31,51,-3.34,-0.17,-3.51,102,105.7,-3.7,91,0.2,0.20900000000000002,0.509,NA,0.48100000000000004,12.5,24.9,0.14600000000000002,0.495,13.7,73.4,0.2,,685412,16717,FALSE,82,19755,40.8,92,0.444,6.9,19.2,0.36,33.9,72.9,0.466,13.4,18.4,0.729,12,33.3,45.2,24.9,8.1,5.1,14.3,20.1,102,15,82,19755,40.3,88.7,0.454,7.3,21,0.349,32.9,67.7,0.48700000000000004,17.8,23.4,0.76,12.1,36.1,48.2,25,7.9,5.3,15.7,17.8,105.7
2013,Detroit Pistons,24,25.3,29,53,29,53,-3.9899999999999998,-0.33999999999999997,-4.33,103.8,108.1,-4.3,90.8,0.28200000000000003,0.21700000000000003,0.521,NA,0.48700000000000004,14.3,28.3,0.197,0.505,13.1,73,0.20900000000000002,,606094,14685,FALSE,82,19805,39.7,88.6,0.449,6.8,19.2,0.356,32.9,69.4,0.47400000000000003,17.4,24.9,0.699,13.2,32.9,46.1,23.2,7.7,5.3,16.6,21.7,103.8,23,82,19805,40.8,88.8,0.459,8.1,22.4,0.36,32.7,66.4,0.492,18.5,24.3,0.762,12.2,33.5,45.7,24.5,9.2,6.3,15,21.7,108.1
2013,New Orleans Hornets,25,24,27,55,30,52,-3.8699999999999997,0.75,-3.12,105.7,110.1,-4.4,88.5,0.24800000000000003,0.224,0.528,NA,0.48900000000000005,14,29.2,0.193,0.52,13.1,74.4,0.20800000000000002,,565930,13803,FALSE,82,19780,40.5,90.3,0.448,7.3,20.2,0.363,33.2,70.1,0.47300000000000003,17.4,22.4,0.776,13.5,33.2,46.8,23.6,7.1,6,16.4,22.9,105.7,28,82,19780,41.5,88.2,0.47100000000000003,8.7,23.1,0.374,32.9,65.1,0.505,18.4,24.2,0.759,11.4,32.8,44.2,26.2,8.9,6.7,14.9,21,110.1
2013,Cleveland Cavaliers,26,24.1,24,58,28,54,-4.68,-0.19,-4.87,104.3,109.4,-5.1,92.3,0.265,0.229,0.514,NA,0.47300000000000003,13,28.1,0.2,0.523,14.4,72.6,0.225,,663882,16192,FALSE,82,19730,39.5,91,0.43400000000000005,7.2,20.8,0.346,32.2,70.1,0.46,18.2,24.1,0.756,13.2,31.1,44.3,22.3,8.5,4.4,15.1,22.9,104.3,27,82,19730,41,86,0.47600000000000003,8,21.6,0.372,32.9,64.4,0.511,19.4,26.2,0.739,11.7,33.8,45.5,25.9,8.2,7.4,16.5,21.3,109.4
2013,Sacramento Kings,27,25.6,28,54,28,54,-4.88,0.62,-4.26,106.2,111.4,-5.2,93.6,0.271,0.24300000000000002,0.532,NA,0.491,13.4,26.6,0.20800000000000002,0.517,13.6,71,0.227,,563743,13750,FALSE,82,19830,39.9,89.2,0.447,7.9,21.7,0.363,32,67.5,0.47400000000000003,18.6,24.2,0.769,12.2,30.8,43,22.1,8.7,4.4,15.5,22.2,106.2,29,82,19830,41.6,88.3,0.47200000000000003,8.1,22.8,0.355,33.6,65.5,0.512,20,25.6,0.7829999999999999,12.6,33.6,46.2,26.6,8.1,6.7,15.6,21.1,111.4
2013,Phoenix Suns,28,26.9,25,57,23,59,-6.46,0.71,-5.75,101.2,108.1,-6.9,93.4,0.234,0.21000000000000002,0.512,NA,0.47700000000000004,14.3,27,0.17400000000000002,0.512,14.2,71.9,0.20800000000000002,,632913,15437,FALSE,82,19805,39.7,89.7,0.443,6.2,18.9,0.32999999999999996,33.5,70.8,0.47300000000000003,15.6,21,0.744,12.4,31.8,44.3,24.1,8.5,5.6,16.6,21.9,101.2,24,82,19805,41.3,87.8,0.47000000000000003,7.4,19,0.388,33.9,68.8,0.492,18.2,24.1,0.757,12.4,33.7,46.1,24.3,8.9,5.5,16.3,19.6,108.1
2013,Orlando Magic,29,24.6,20,62,22,60,-6.99,-0.14,-7.119999999999999,101.6,109.1,-7.5,92.2,0.197,0.223,0.514,NA,0.48500000000000004,13.7,25.4,0.14900000000000002,0.508,11.8,74.6,0.195,,722716,17627,FALSE,82,19780,40.7,90.9,0.448,6.7,20.2,0.329,34.1,70.6,0.48200000000000004,13.5,17.9,0.755,11.7,34.4,46.1,24.6,7,4.7,15.7,20.9,101.6,25,82,19780,41.7,90.1,0.463,8.1,22.7,0.359,33.6,67.4,0.498,17.6,23.8,0.738,11.7,34.5,46.2,25.6,7.8,5.7,13.4,17.8,109.1
2013,Charlotte Bobcats,30,24.4,21,61,17,65,-9.229999999999999,-0.06,-9.29,101.5,111.5,-10,91.5,0.31,0.21000000000000002,0.507,NA,0.46,13.2,25.7,0.233,0.524,13.2,71.1,0.197,,628293,15324,FALSE,82,19805,37.4,88.1,0.42500000000000004,6.2,18.5,0.33499999999999996,31.2,69.6,0.448,20.5,27.3,0.75,12.2,31.7,43.8,21,7.8,6.3,15.3,20.7,101.5,30,82,19805,42.2,89.6,0.47100000000000003,9.5,24.5,0.388,32.7,65.1,0.502,17.6,23.6,0.747,12.9,35,47.9,27.4,7.5,7.5,15.3,23.1,111.5
2014,San Antonio Spurs,1,28.9,62,20,61,21,7.72,0.28,8,110.5,102.4,8.1,95,0.24000000000000002,0.257,0.5710000000000001,NA,0.537,13.5,22.7,0.188,0.48200000000000004,12.8,76.4,0.184,,755031,18415,TRUE,82,19755,42.5,87.5,0.48600000000000004,8.9,22.5,0.397,33.6,65.1,0.517,16.5,21,0.7849999999999999,9.7,35.6,45.4,26.4,7.7,5.4,15.1,19.1,110.5,3,82,19755,39.6,89.2,0.444,6.8,19.2,0.353,32.8,70,0.46900000000000003,16.4,21.6,0.76,11,33.3,44.3,21.3,8,4.8,14.5,20.3,102.4
2014,Los Angeles Clippers,2,28.1,57,25,59,23,6.98,0.3,7.2700000000000005,112.1,104.8,7.3,95.9,0.353,0.29100000000000004,0.5670000000000001,NA,0.526,12.7,25,0.258,0.48400000000000004,13.8,72.5,0.222,,787692,19212,TRUE,82,19755,40.6,85.6,0.47400000000000003,8.8,24.9,0.352,31.8,60.7,0.525,22,30.2,0.73,10.9,33.8,44.6,25.5,8.9,5,14.4,22.4,112.1,9,82,19755,38.8,88.1,0.441,7.5,22.7,0.33199999999999996,31.3,65.4,0.47900000000000004,19.6,25.9,0.755,12.8,32.6,45.4,24.2,7.2,3.6,16,24.3,104.8
2014,Oklahoma City Thunder,3,26.2,59,23,58,24,6.34,0.32,6.659999999999999,110.5,103.9,6.6,95.4,0.303,0.271,0.5660000000000001,NA,0.52,14,26.5,0.24400000000000002,0.48800000000000004,13.9,75.6,0.221,,746323,18203,TRUE,82,19805,40.6,86.1,0.47100000000000003,8.4,23.3,0.361,32.1,62.8,0.512,21,26.1,0.806,11.3,35.3,46.6,22.8,8.6,6.4,15.9,23.6,110.5,6,82,19805,37.9,86.9,0.43600000000000005,9,25,0.358,28.9,61.9,0.468,19.2,26.4,0.727,11.4,31.2,42.6,22.7,8.5,3.8,15.8,21.2,103.9
2014,Miami Heat,4,30.6,54,28,54,28,4.76,-0.61,4.1499999999999995,110.9,105.8,5.1,91.2,0.3,0.29200000000000004,0.59,NA,0.554,14.6,20.6,0.228,0.511,15.8,73,0.21200000000000002,,811036,19781,TRUE,82,19880,41.6,83,0.501,8.8,24.2,0.364,32.8,58.8,0.558,18.9,24.9,0.76,8.3,31.7,40,24.4,9.7,4.9,16,21.1,110.9,11,82,19880,39.2,85.7,0.457,9.2,25.4,0.362,30,60.3,0.497,18.2,24.2,0.75,11.7,32,43.8,23.2,8.8,3.4,18.1,22.2,105.8
2014,Golden State Warriors,5,26.3,51,31,54,28,4.8,0.33999999999999997,5.1499999999999995,107.5,102.6,4.9,96.2,0.24700000000000003,0.29100000000000004,0.55,NA,0.517,13.8,25.1,0.186,0.47700000000000004,13.6,76.3,0.224,,803436,19596,TRUE,82,19830,40.7,88.1,0.462,9.7,25.6,0.38,31,62.5,0.496,16.4,21.8,0.753,11.3,35.5,46.7,24,8.1,5.1,15.7,22.4,107.5,4,82,19830,38,87,0.43600000000000005,7.2,20.8,0.344,30.8,66.2,0.465,19.5,25.4,0.765,11,33.6,44.6,21.2,8.2,4.3,15.5,19.9,102.6
2014,Indiana Pacers,6,27.2,56,26,54,28,4.4,-0.77,3.63,104.1,99.3,4.8,92.5,0.29000000000000004,0.23500000000000001,0.535,NA,0.49,14.3,24.9,0.226,0.46,12.9,76.8,0.197,,717542,17501,TRUE,82,19780,38.7,86.2,0.449,7.2,20.2,0.357,31.5,66,0.47700000000000004,19.5,25,0.779,10.9,37.1,48.1,21.7,7.2,5.9,16.2,22,104.1,1,82,19780,37.4,89,0.42000000000000004,7.1,20.5,0.345,30.3,68.5,0.443,17.5,23.2,0.755,11.2,33.1,44.3,20,7.8,5,14.7,23.5,99.3
2014,Houston Rockets,7,25.4,54,28,53,29,4.56,0.5,5.06,111,106.3,4.7,96.3,0.386,0.32999999999999996,0.5710000000000001,NA,0.531,14.6,27.4,0.275,0.48900000000000005,12.5,74.1,0.193,,743082,18124,TRUE,82,19830,39.2,83,0.47200000000000003,9.8,27.4,0.358,29.4,55.6,0.529,22.8,32,0.712,11.6,35.1,46.7,22.1,7.8,5.8,16.6,21.1,111,13,82,19830,40.2,90.7,0.443,8.4,23.7,0.353,31.8,67,0.47500000000000003,17.5,23.2,0.757,12.3,30.7,42.9,22.9,8.8,5.8,14.4,25,106.3
2014,Portland Trail Blazers,8,25.8,54,28,52,30,3.9899999999999998,0.45,4.44,111.5,107.4,4.1,94.9,0.27,0.29000000000000004,0.548,NA,0.504,12.4,28,0.22,0.48800000000000004,10.9,74.7,0.194,,809612,19747,TRUE,82,19855,40.9,90.9,0.45,9.8,26.4,0.372,31.1,64.5,0.48100000000000004,20,24.5,0.8150000000000001,13,35.5,48.5,24.3,5.8,4.9,14.3,20.1,111.5,16,82,19855,41.4,91.8,0.451,6.8,19.2,0.355,34.6,72.6,0.47600000000000003,17.8,23.2,0.766,12,33.4,45.4,21.3,8.1,3.9,12.5,21.6,107.4
2014,Toronto Raptors,9,25.6,48,34,50,32,3.24,-0.69,2.55,108.8,105.3,3.5,91.8,0.306,0.28500000000000003,0.545,NA,0.498,13.2,27.2,0.23900000000000002,0.493,14.1,74.9,0.23700000000000002,,748339,18252,TRUE,82,19955,39.2,88,0.445,9.3,25.1,0.372,29.8,62.9,0.47500000000000003,21.1,26.9,0.7819999999999999,12.2,33.4,45.7,22.7,7.6,4.5,15.2,24.6,108.8,10,82,19955,38.7,86.1,0.45,7.4,20.7,0.36,31.3,65.4,0.47800000000000004,20.4,27.1,0.752,11.2,32.8,44,22.5,7.8,4.6,16,23.8,105.3
2014,Phoenix Suns,10,26.2,48,34,48,34,2.63,0.39,3.02,109.5,106.7,2.8,95.8,0.29300000000000004,0.3,0.558,NA,0.519,14,26.4,0.222,0.496,13.9,73.7,0.23700000000000002,,650739,15872,FALSE,82,19755,40.2,86.8,0.463,9.7,26.1,0.372,30.5,60.8,0.503,19.3,25.4,0.758,11.8,33,44.8,19.8,8.7,4.7,16,22.8,109.5,15,82,19755,39.6,86.8,0.456,7.1,20.7,0.34099999999999997,32.5,66.1,0.492,20.6,26.8,0.766,11.7,32.8,44.6,21.1,7.8,4.2,16,22.2,106.7
2014,Minnesota Timberwolves,11,26.3,40,42,48,34,2.67,0.43000000000000005,3.1,108.9,106.2,2.7,97.3,0.321,0.24500000000000002,0.535,NA,0.48600000000000004,12.2,27.4,0.24900000000000003,0.518,14.8,74.4,0.17700000000000002,,597157,14565,FALSE,82,19855,39.6,89.1,0.444,7.5,21.8,0.34099999999999997,32.2,67.3,0.47800000000000004,22.2,28.6,0.778,12.7,32.8,45.6,24.4,8.9,3.7,14.2,18.7,108.9,12,82,19855,41.2,87.5,0.47100000000000003,8.2,22.6,0.364,33,64.9,0.508,15.5,20.4,0.756,11.3,33.7,45,23.3,8,5.7,16.7,24,106.2
2014,Dallas Mavericks,12,30.6,49,33,48,34,2.4,0.5,2.9099999999999997,111.2,108.7,2.5,93.5,0.253,0.274,0.5640000000000001,NA,0.526,12.7,24.6,0.201,0.515,14.8,72.7,0.229,,817982,19951,TRUE,82,19830,42,88.7,0.47400000000000003,9.3,24.3,0.384,32.7,64.4,0.508,17.8,22.4,0.7949999999999999,10.9,32.5,43.4,25,9.1,4.6,14.4,21.2,111.2,22,82,19830,40.1,86.3,0.464,8.8,24.4,0.359,31.3,61.9,0.505,19.8,26.1,0.758,12.2,33.2,45.4,23.4,8.2,3.7,17,21.1,108.7
2014,Chicago Bulls,13,28.6,48,34,47,35,1.85,-0.6599999999999999,1.2,102.5,100.5,2,90.2,0.29000000000000004,0.222,0.518,NA,0.47100000000000003,14.2,27.2,0.226,0.47100000000000003,13.7,75.4,0.189,,890370,21716,TRUE,82,19930,38,87.8,0.43200000000000005,6.8,19.5,0.348,31.2,68.3,0.456,19.8,25.5,0.779,12.5,35.8,48.3,24.8,7.9,5.7,16.3,20.9,102.5,2,82,19930,38.3,88.9,0.43000000000000005,7.2,20.5,0.351,31.1,68.5,0.454,16.8,22.3,0.753,11.7,33.5,45.2,21.4,8.3,6.5,15.7,22.9,100.5
2014,Memphis Grizzlies,14,28.5,50,32,46,36,1.57,0.61,2.18,106.3,104.6,1.7,89.9,0.24800000000000003,0.171,0.529,NA,0.494,13.1,28.3,0.184,0.497,13.8,75.7,0.199,,685458,16718,TRUE,82,19805,42.1,90.7,0.464,5.5,15.5,0.353,36.6,75.2,0.48700000000000004,16.7,22.5,0.741,12.8,34.1,46.9,24.2,8.5,5.1,15.2,21.1,106.3,8,82,19805,39.4,87.7,0.45,8.3,23.3,0.355,31.1,64.3,0.48400000000000004,17.4,22.7,0.766,10.9,32.4,43.3,22,8,5.5,15.7,20.9,104.6
2014,Washington Wizards,15,26.3,44,38,45,37,1.27,-0.7899999999999999,0.48000000000000004,106,104.6,1.4,93.2,0.24800000000000003,0.24600000000000002,0.538,NA,0.506,13.6,25.2,0.181,0.504,15,75.7,0.22,,698068,17026,TRUE,82,20055,40.8,88.8,0.459,8.3,21.9,0.38,32.5,67,0.48500000000000004,16.1,22,0.731,11.4,33,44.4,24.5,8.6,4.8,15.5,21.5,106,7,82,20055,39,85.2,0.458,7.9,22.6,0.347,31.1,62.5,0.498,18.8,24.5,0.765,10.6,33.8,44.4,23.4,8.1,4.1,16.9,20.5,104.6
2014,Charlotte Bobcats,16,25.5,43,39,40,42,-0.22,-0.6699999999999999,-0.89,103.6,103.8,-0.2,92.4,0.29700000000000004,0.21900000000000003,0.522,NA,0.48100000000000004,11.7,21.9,0.21900000000000003,0.491,12.6,77.6,0.183,,636268,15519,TRUE,82,19905,38.8,87.8,0.442,6.7,19.2,0.351,32.1,68.6,0.468,19.2,26.1,0.737,10.1,35.5,45.6,23.2,6.5,5.5,13.2,19.5,103.6,5,82,19905,39.4,89.2,0.442,8.7,23.5,0.369,30.7,65.7,0.468,16.3,21.5,0.759,10.2,36.1,46.3,22.4,6.7,5.4,14.2,22.4,103.8
2014,Atlanta Hawks,17,27.5,38,44,40,42,-0.48000000000000004,-0.4,-0.88,105.9,106.4,-0.5,94.6,0.266,0.316,0.554,NA,0.515,14.3,21,0.20800000000000002,0.51,14,74.4,0.196,,587927,14231,TRUE,82,19830,39.1,85.5,0.458,9.8,27.1,0.363,29.3,58.5,0.502,17.8,22.8,0.7809999999999999,9.1,32.8,41.9,26.1,8.7,4.2,16,20.2,105.9,14,82,19830,40.5,87.5,0.462,8.4,22.9,0.365,32.1,64.6,0.497,17.2,22.9,0.748,11.3,34.4,45.7,24.3,8.6,4.5,15.9,21,106.4
2014,New York Knicks,18,28.3,37,45,39,43,-0.7899999999999999,-0.61,-1.4,108.3,109.1,-0.8,90.3,0.24800000000000003,0.302,0.541,NA,0.505,12.5,25.1,0.189,0.514,14,74.3,0.24500000000000002,,812292,19812,FALSE,82,19855,40.5,90.2,0.449,10.2,27.3,0.372,30.4,63,0.48200000000000004,17,22.4,0.761,11.7,32.6,44.3,22,8.5,4.9,14.2,24.3,108.3,24,82,19855,39.3,85.7,0.458,9.5,25.7,0.371,29.7,60,0.496,21,27.5,0.765,11.3,34.8,46.1,21.7,6.9,3.7,16,21.6,109.1
2014,Brooklyn Nets,19,30,44,38,38,44,-1,-0.58,-1.58,106.7,107.7,-1,91.4,0.313,0.301,0.555,NA,0.514,14.1,21.7,0.23600000000000002,0.509,14.9,72.3,0.23600000000000002,,707331,17252,TRUE,82,19880,38.7,84.4,0.459,9.4,25.4,0.369,29.3,59,0.497,19.9,26.4,0.753,9.5,31.8,41.3,22.6,9.3,4.1,15.7,23.5,106.7,19,82,19880,39.3,86,0.458,8.7,23.8,0.367,30.6,62.2,0.492,20.3,26.7,0.76,12.2,34.2,46.4,22.7,8,4.4,17.1,22.5,107.7
2014,Denver Nuggets,20,26,36,46,35,47,-2.15,0.75,-1.4,106,108.2,-2.2,98.1,0.306,0.278,0.536,NA,0.497,14,27.5,0.222,0.5,12.8,74.5,0.233,,692898,16900,FALSE,82,19755,39,87.2,0.447,8.7,24.3,0.358,30.3,63,0.48100000000000004,19.4,26.7,0.726,12.5,33.7,46.2,22.8,7.6,5.7,16.2,23.4,106,21,82,19755,40.1,87.8,0.457,7.5,21.4,0.351,32.6,66.4,0.491,20.5,26.9,0.763,11.5,33,44.5,22.8,8.6,5.7,14.6,22,108.2
2014,New Orleans Pelicans,21,24.3,34,48,33,49,-2.71,0.73,-1.98,107.2,110.1,-2.9,92.2,0.28600000000000003,0.193,0.537,NA,0.495,12.9,26.9,0.22,0.515,13.6,73.8,0.24900000000000003,,672029,16391,FALSE,82,19855,40.7,88.7,0.459,6.4,17.1,0.373,34.3,71.6,0.47900000000000004,19.5,25.4,0.769,12.2,32.6,44.8,22.9,8.5,6.9,14.8,24.4,107.2,27,82,19855,40.1,86.1,0.465,8.6,24,0.357,31.5,62.2,0.507,21.5,28.5,0.752,11.6,33.3,44.8,24.2,7.6,6.6,15.5,21.8,110.1
2014,Sacramento Kings,22,24.9,28,54,33,49,-2.9,0.8200000000000001,-2.08,105.7,108.8,-3.1,94.4,0.33099999999999996,0.21800000000000003,0.532,NA,0.48400000000000004,13.9,27.8,0.251,0.512,12.7,76.6,0.234,,667949,16291,FALSE,82,19830,38.8,86.8,0.447,6.3,18.9,0.33299999999999996,32.5,67.9,0.47900000000000004,21.8,28.7,0.759,12.7,34.1,46.8,19.8,7.5,4.1,16,23.7,105.7,23,82,19830,39.8,86.4,0.461,8.9,23.5,0.38,30.9,62.9,0.491,20.2,27.4,0.737,10.4,32.9,43.4,24.7,8.2,5.9,14.3,24.3,108.8
2014,Cleveland Cavaliers,23,24.9,33,49,32,50,-3.29,-0.5700000000000001,-3.86,104.2,107.7,-3.5,93.1,0.268,0.23600000000000002,0.518,NA,0.47900000000000004,13,27.2,0.201,0.508,13,75.8,0.199,,710522,17330,FALSE,82,19930,39.3,90,0.43700000000000006,7.6,21.2,0.356,31.7,68.7,0.461,18.1,24.1,0.751,12.8,34,46.8,22.5,7.5,3.9,15,21.2,104.2,20,82,19930,40.1,88.6,0.452,9.9,26.9,0.367,30.2,61.6,0.49,17.7,23.3,0.757,10.9,34.3,45.1,26.3,7.6,6,14.8,20.7,107.7
2014,Detroit Pistons,24,24.7,29,53,31,51,-3.66,-0.48000000000000004,-4.13,105.9,109.7,-3.8,94.9,0.29600000000000004,0.222,0.514,NA,0.48200000000000004,12.9,31.4,0.199,0.52,13.8,73.4,0.21800000000000003,,616005,15025,FALSE,82,19780,40.7,91.1,0.447,6.5,20.2,0.321,34.2,70.9,0.48300000000000004,18.1,27,0.6699999999999999,15.3,32.3,47.6,21.9,8.8,5,15.2,21.3,105.9,25,82,19780,41,87.2,0.47000000000000003,8.7,23.9,0.365,32.3,63.2,0.51,19,25.1,0.756,11.7,33.4,45.1,25.6,8.6,5.2,15.7,21.7,109.7
2014,Boston Celtics,25,25.4,25,57,28,54,-4.46,-0.51,-4.970000000000001,102.9,107.7,-4.8,93.3,0.24800000000000003,0.251,0.517,NA,0.47700000000000004,14.2,27.4,0.193,0.505,13.4,74.2,0.227,,742400,18107,FALSE,82,19730,39.1,89.7,0.43500000000000005,7.5,22.5,0.33299999999999996,31.6,67.2,0.47000000000000003,17.3,22.2,0.777,12.8,32.7,45.4,22.5,7.6,4.5,16.4,22.7,102.9,18,82,19730,40.4,87,0.465,7,20.2,0.347,33.4,66.8,0.5,19.8,26,0.761,11.4,33.8,45.2,23.6,7.9,4.9,15.2,20.4,107.7
2014,Orlando Magic,26,24.6,23,59,26,56,-5.44,-0.44,-5.88,101.7,107.4,-5.7,93.6,0.253,0.23500000000000001,0.525,NA,0.48700000000000004,13.9,22.4,0.193,0.504,13,75.5,0.21100000000000002,,666046,16245,FALSE,82,19955,38.8,87.1,0.445,7.2,20.5,0.353,31.6,66.6,0.47400000000000003,16.8,22,0.763,10.2,34.1,44.3,22.2,8.1,4.5,15.7,21.6,101.7,17,82,19955,40.2,88.1,0.456,8.5,22.8,0.371,31.7,65.3,0.48500000000000004,18.6,24.2,0.77,11,35.3,46.3,23.7,7.5,5.7,14.7,19.3,107.4
2014,Los Angeles Lakers,27,26.8,27,55,25,57,-6.29,0.96,-5.33,104.2,110.6,-6.4,98.7,0.263,0.29100000000000004,0.542,NA,0.505,13.7,20.2,0.199,0.513,12.4,71,0.192,,771974,18829,FALSE,82,19705,38.7,86.2,0.45,9.6,25.1,0.381,29.2,61.1,0.47800000000000004,17.2,22.6,0.757,9.2,32.3,41.5,24.8,7.5,5.5,15.3,20.1,104.2,28,82,19705,42.5,90.7,0.468,8.2,22.7,0.361,34.2,68,0.504,17.4,24,0.727,13.2,36.4,49.6,26.1,9.8,4.8,14.4,19.5,110.6
2014,Utah Jazz,28,24.5,25,57,22,60,-7.17,0.91,-6.2700000000000005,103.5,111.3,-7.8,91.4,0.271,0.23700000000000002,0.523,NA,0.48400000000000004,13.9,25.5,0.202,0.518,12.1,74.5,0.227,,745203,18176,FALSE,82,19780,39.2,88.3,0.444,7.2,20.9,0.344,32,67.4,0.47400000000000003,17.9,23.9,0.747,12,32.9,44.9,22.1,7.6,4.9,15.9,22.6,103.5,29,82,19780,41.7,88.2,0.47300000000000003,8,21.1,0.376,33.7,67,0.503,20,25.8,0.773,11.2,35.1,46.3,23.7,8.2,5.3,13.7,22.2,111.3
2014,Milwaukee Bucks,29,24.7,15,67,20,62,-8.18,-0.23,-8.41,103,111.8,-8.8,91.8,0.274,0.231,0.519,NA,0.47900000000000004,14.1,27.1,0.20400000000000001,0.52,13.2,71.4,0.225,,552067,13465,FALSE,82,19880,38.8,88.6,0.43800000000000006,7.2,20.4,0.353,31.6,68.2,0.464,18.1,24.2,0.747,12.8,31.6,44.3,23.2,7.1,5.3,16.3,22.5,103,30,82,19880,41.4,88.4,0.468,9.2,24,0.382,32.2,64.4,0.5,19.9,26.5,0.751,12.6,34.3,46.9,24.6,8.4,5.4,15.2,22.2,111.8
2014,Philadelphia 76ers,30,23.4,19,63,16,66,-10.450000000000001,-0.21000000000000002,-10.66,99.4,109.9,-10.5,99.2,0.268,0.258,0.51,NA,0.47500000000000003,14.8,24.8,0.19,0.524,14.9,72.4,0.24400000000000002,,568632,13869,FALSE,82,19855,37.9,87.2,0.43500000000000005,7,22.5,0.312,30.9,64.6,0.47700000000000004,16.6,23.4,0.71,11.6,31.2,42.7,21.8,9.3,4,16.9,22.5,99.4,26,82,19855,40,85,0.47100000000000003,9,24.4,0.37,31,60.7,0.511,20.8,27.6,0.754,11.9,35,46.9,26.1,9,6.8,17,20.6,109.9
2015,Golden State Warriors,1,26.6,67,15,65,17,10.1,-0.09,10.01,111.6,101.4,10.2,98.3,0.23900000000000002,0.311,0.5710000000000001,NA,0.54,13.1,24.1,0.184,0.47000000000000003,14.3,74.5,0.21700000000000003,,803436,19596,TRUE,82,19730,42.2,88.3,0.47800000000000004,10.9,27.4,0.398,31.3,60.9,0.514,16.3,21.2,0.768,10.6,34.8,45.4,27.8,9.4,6.1,14.7,20.2,111.6,1,82,19730,37.5,87.7,0.42800000000000005,7.3,21.7,0.33699999999999997,30.2,65.9,0.458,19,24.9,0.763,11.9,33.3,45.2,21.3,8.4,3.6,16.5,19.1,101.4
2015,Los Angeles Clippers,2,28.8,56,26,58,24,6.59,0.22,6.8,112.4,105.5,6.9,94.7,0.303,0.322,0.5650000000000001,NA,0.533,11.6,22.8,0.21500000000000002,0.493,13.2,75.7,0.231,,785892,19168,TRUE,82,19730,41.5,87.7,0.47300000000000003,10.6,28.3,0.376,30.8,59.4,0.519,18.9,26.5,0.71,10.1,34.8,44.9,26.1,8.2,5.3,13,22.5,112.4,16,82,19730,38.3,86.6,0.442,8.8,25.2,0.349,29.6,61.5,0.48100000000000004,20,27,0.741,11.1,34,45.2,24.5,7,3.1,15,22.7,105.5
2015,San Antonio Spurs,3,29.8,55,27,58,24,6.2,0.14,6.34,108.5,102,6.5,93.8,0.256,0.269,0.555,NA,0.517,13.1,23.4,0.2,0.48400000000000004,13.3,77.3,0.19,,762855,18606,TRUE,82,19955,41.1,87.9,0.468,8.7,23.7,0.367,32.5,64.2,0.505,17.5,22.5,0.7799999999999999,10.3,35.6,45.9,25.7,8.4,5.7,14.7,20.1,108.5,2,82,19955,39,88,0.444,7.2,19.9,0.36,31.9,68.1,0.468,16.8,22.5,0.745,10.4,33.9,44.3,21.8,8.3,4.6,15,20.7,102
2015,Atlanta Hawks,4,27.8,60,22,56,26,5.430000000000001,-0.6799999999999999,4.75,108.9,103.1,5.8,93.9,0.259,0.321,0.5630000000000001,NA,0.527,13.5,21.4,0.201,0.492,14.9,73.4,0.185,,713909,17412,TRUE,82,19730,40.4,86.7,0.466,10.6,27.9,0.38,29.8,58.9,0.506,17.5,22.5,0.778,9.3,33.8,43.1,27.3,9.6,4.9,15.1,18.9,108.9,6,82,19730,38.7,88.3,0.43900000000000006,9.3,27.3,0.34099999999999997,29.4,60.9,0.48300000000000004,16.3,21.4,0.764,12.3,34.1,46.3,25,7.8,5.2,17.1,20.9,103.1
2015,Cleveland Cavaliers,5,26.9,53,29,53,29,4.48,-0.4,4.08,111.1,106.3,4.8,92.3,0.28700000000000003,0.33399999999999996,0.557,NA,0.52,13.4,26.8,0.21600000000000003,0.502,12.6,74.7,0.17700000000000002,,843042,20562,TRUE,82,19780,40.6,88.6,0.458,10.9,29.6,0.367,29.7,58.9,0.504,19.1,25.4,0.751,12,34.3,46.3,23.8,7.9,4.5,15.4,19.8,111.1,18,82,19780,41,90,0.456,8.3,24.3,0.34299999999999997,32.7,65.7,0.497,16,21.4,0.745,11.6,32.7,44.3,25.9,8.4,4.8,14.3,22.1,106.3
2015,Portland Trail Blazers,6,27,51,31,53,29,4.23,0.18,4.41,108.2,103.7,4.5,94.2,0.225,0.316,0.544,NA,0.508,12.6,24.2,0.18,0.47600000000000003,11.3,76.2,0.182,,798368,19472,TRUE,82,19855,40.7,90.4,0.45,10.4,28.6,0.362,30.4,61.8,0.491,16.3,20.4,0.801,11.3,37,48.2,23.1,6.7,4.8,14.3,19.2,108.2,10,82,19855,40.2,91.4,0.43900000000000006,6.7,19.9,0.33799999999999997,33.4,71.5,0.468,16.7,22,0.758,11.6,35.3,46.9,21.4,8.4,3.8,12.8,19.7,103.7
2015,Houston Rockets,7,27.6,56,26,50,32,3.44,0.38,3.82,107,103.4,3.6,96.5,0.312,0.392,0.548,NA,0.512,15,26.8,0.223,0.48600000000000004,14.6,72.9,0.20800000000000002,,747412,18230,TRUE,82,19805,38.1,85.8,0.444,11.7,33.6,0.348,26.3,52.1,0.506,19.1,26.8,0.715,12,32.9,45,22.8,9.8,5.1,17.1,22.6,107,8,82,19805,38.8,87.6,0.443,7.6,23.6,0.322,31.2,64,0.48700000000000004,18.2,24.2,0.751,12.2,32.9,45.1,22,9.1,5.5,16.8,21.7,103.4
2015,Memphis Grizzlies,8,29.6,55,27,50,32,3.24,0.38,3.62,105.7,102.2,3.5,92,0.276,0.184,0.531,NA,0.48900000000000005,12.6,24.7,0.21400000000000002,0.492,14.5,75.3,0.183,,710502,17329,TRUE,82,19905,40.6,88.7,0.458,5.5,16.3,0.33899999999999997,35.1,72.3,0.48500000000000004,18.9,24.5,0.773,11.2,34.5,45.8,23.3,9.2,4.5,14.3,20.5,105.7,4,82,19905,38.7,87.6,0.442,8.7,24.8,0.351,30,62.9,0.47800000000000004,16.1,21.6,0.742,11.3,34.3,45.6,21.7,7.9,5.6,16.5,21.8,102.2
2015,Toronto Raptors,9,26.1,49,33,49,33,3.07,-0.62,2.4499999999999997,111,107.7,3.3,92.8,0.29500000000000004,0.302,0.553,NA,0.508,12,25.6,0.232,0.506,13.4,73.3,0.20800000000000002,,809824,19752,TRUE,82,19855,40.5,88.9,0.455,9.5,26.8,0.352,31,62.1,0.499,20.6,26.2,0.7869999999999999,11.5,32.9,44.4,22.1,8,4.6,13.8,22.3,111,25,82,19855,40.6,88.4,0.459,8.2,23.8,0.346,32.3,64.6,0.501,18.4,25,0.733,12,33.3,45.3,24.3,7.4,5.4,15.4,21.7,107.7
2015,Chicago Bulls,10,28.8,50,32,50,32,3,-0.46,2.54,107.5,104.3,3.2,92.8,0.304,0.269,0.536,NA,0.48900000000000005,12.9,27,0.23800000000000002,0.47300000000000003,11.3,74.4,0.182,,886612,21625,TRUE,82,19880,39,88.4,0.442,8.4,23.7,0.353,30.7,64.7,0.47400000000000003,21.1,26.9,0.7829999999999999,12.5,36.3,48.8,23.2,6.7,6.2,14.9,19.5,107.5,11,82,19880,40.3,92.5,0.43500000000000005,7,20.9,0.33499999999999996,33.3,71.6,0.465,16.8,22.4,0.749,12.5,33.8,46.3,21.6,8,5.8,13,22.6,104.3
2015,Dallas Mavericks,11,29.9,50,32,49,33,2.9,0.46,3.36,109.5,106.4,3.1,95.2,0.262,0.29600000000000004,0.55,NA,0.515,11.9,23.6,0.197,0.503,14.7,72.2,0.20400000000000001,,827702,20188,TRUE,82,19880,41.3,89.3,0.463,9.3,26.4,0.352,32,62.8,0.509,17.6,23.4,0.752,10.9,33.1,44,23.4,8.4,4.7,13.5,20.9,109.5,20,82,19880,39.5,87.9,0.45,9.4,25.8,0.364,30.1,62.1,0.48500000000000004,18,23.8,0.753,12.8,35.2,48,23.2,7.6,4,17,23,106.4
2015,Oklahoma City Thunder,12,25.4,45,37,47,35,2.18,0.28,2.4699999999999998,107.8,105.5,2.3,95.7,0.28400000000000003,0.262,0.532,NA,0.492,13.1,28.9,0.21400000000000002,0.48900000000000005,12.4,75.6,0.21300000000000002,,746323,18203,FALSE,82,19830,40.3,90,0.447,8,23.6,0.33899999999999997,32.3,66.4,0.48600000000000004,19.3,25.5,0.754,13.3,36,49.3,21.3,7.6,5.7,15.2,23.1,107.8,15,82,19830,39,88.6,0.44,8.6,25.1,0.34299999999999997,30.4,63.5,0.47900000000000004,18.9,25.3,0.745,11.6,32.7,44.3,22.9,8.1,4.8,14.1,21.2,105.5
2015,New Orleans Pelicans,13,25.3,45,37,43,39,0.7899999999999999,0.33999999999999997,1.1300000000000001,108.2,107.3,0.9,91.4,0.263,0.233,0.537,NA,0.501,12.5,27.1,0.198,0.496,11.7,75.1,0.195,,683757,16677,TRUE,82,19780,41.3,90.2,0.457,7.8,21,0.37,33.5,69.2,0.48400000000000004,17.9,23.8,0.751,12.5,34.8,47.3,24,7.3,6.8,14.4,20.3,108.2,22,82,19780,41.3,90.5,0.456,7.1,21.3,0.33499999999999996,34.1,69.2,0.494,17.7,23.3,0.759,11.6,33.7,45.2,22.6,7.4,6.3,13.3,20.4,107.3
2015,Washington Wizards,14,28.6,46,36,43,39,0.72,-0.55,0.17,103.7,103,0.7,93.7,0.259,0.203,0.534,NA,0.499,14,24.9,0.192,0.48100000000000004,12.9,77.3,0.21000000000000002,,747796,18239,TRUE,82,19955,40.3,87.2,0.462,6.4,17.7,0.36,33.9,69.4,0.48800000000000004,16.8,22.6,0.742,11.1,36,47,25.3,7.7,4.9,15.8,21.9,103.7,5,82,19955,38.1,87.9,0.43300000000000005,8.4,24.2,0.349,29.6,63.7,0.465,18.4,24.9,0.738,10.5,33.4,43.9,21,8.4,4.5,14.7,20.7,103
2015,Milwaukee Bucks,15,24.6,41,41,42,40,0.43000000000000005,-0.52,-0.09,102.7,102.2,0.5,94.1,0.258,0.223,0.536,NA,0.499,15.5,25.4,0.195,0.48700000000000004,15.9,73.3,0.221,,593910,14813,TRUE,82,19930,39.5,86,0.459,7,19.2,0.363,32.5,66.8,0.48600000000000004,16.8,22.2,0.757,11.2,32.9,44.2,24.7,10.1,5.2,17.6,23.2,102.7,3,82,19930,37.3,85.5,0.43700000000000006,8.7,25.3,0.34199999999999997,28.7,60.2,0.47600000000000003,18.9,25.5,0.742,12,33,45,23.4,9.1,5,18.2,21.1,102.2
2015,Indiana Pacers,16,28.3,38,44,42,40,0.28,-0.51,-0.23,103.5,103.2,0.3,93.2,0.266,0.255,0.523,NA,0.48400000000000004,13.1,24,0.201,0.47800000000000004,12,77.9,0.21700000000000003,,691434,16864,FALSE,82,19855,38.9,88.5,0.43900000000000006,7.9,22.6,0.352,31,66,0.46900000000000003,17.8,23.6,0.756,11.1,36.6,47.7,22.8,6.6,4.9,14.9,22.6,103.5,7,82,19855,38.3,88,0.43500000000000005,7.7,22.2,0.345,30.6,65.8,0.465,19.1,25.3,0.753,10.4,35.1,45.5,21.2,8,5,13.6,22.8,103.2
2015,Utah Jazz,17,23.4,38,44,42,40,0.22,0.49,0.71,105.1,104.9,0.2,90.4,0.29700000000000004,0.274,0.531,NA,0.494,14.6,29.1,0.21400000000000002,0.491,12.8,76.3,0.199,,772059,18831,FALSE,82,19705,39.1,87.5,0.447,8.2,24,0.34299999999999997,30.9,63.5,0.48600000000000004,18.7,26,0.721,13.3,35.3,48.6,22,8.4,6.6,16.9,21.3,105.1,14,82,19705,39.5,88.8,0.446,8.1,22.5,0.362,31.4,66.3,0.47400000000000003,17.6,23.7,0.744,10.9,32.4,43.3,21.5,9.1,5.1,14.5,21.6,104.9
2015,Boston Celtics,18,25,40,42,41,41,0.16,-0.56,-0.4,104.7,104.5,0.2,95.8,0.233,0.28,0.523,NA,0.48900000000000005,12.5,24.7,0.17600000000000002,0.494,13.7,75,0.20800000000000002,,721350,17594,TRUE,82,19880,40.2,90.8,0.443,8.3,25.5,0.327,31.9,65.4,0.48800000000000004,15.9,21.1,0.754,11.5,33.8,45.3,25.3,8.5,3.7,14.3,21.9,104.7,12,82,19880,39.4,87.5,0.45,7.6,22.7,0.33599999999999997,31.7,64.7,0.49,18.2,24,0.755,11.2,34.9,46.2,22.6,7.3,5.4,15.6,19.5,104.5
2015,Phoenix Suns,19,25.7,39,43,38,44,-0.9,0.52,-0.38,105.3,106.2,-0.9,96.3,0.251,0.29100000000000004,0.537,NA,0.501,13.7,24.5,0.191,0.497,14,73.5,0.221,,693862,16923,FALSE,82,19880,39.8,88.3,0.452,8.8,25.7,0.34099999999999997,31.1,62.6,0.497,16.8,22.2,0.76,11.2,33.1,44.4,20.8,8.8,4.8,15.5,21.9,105.3,17,82,19880,39.5,87.4,0.452,7.9,22.5,0.352,31.5,64.9,0.48600000000000004,19.3,25.5,0.759,11.9,34.7,46.6,21.7,8.2,4.2,16,20.9,106.2
2015,Detroit Pistons,20,25.9,32,50,38,44,-1,-0.39,-1.3900000000000001,105.3,106.4,-1.1,92.8,0.261,0.29000000000000004,0.515,NA,0.48200000000000004,12.3,27.7,0.184,0.502,13.2,75,0.192,,625917,15266,FALSE,82,19830,39.7,91.8,0.43200000000000005,9.2,26.6,0.344,30.5,65.1,0.468,16.8,24,0.703,13.7,34.3,48,23.1,8.1,5,14.3,20.3,105.3,19,82,19830,40.5,88.9,0.456,8.3,23.3,0.355,32.2,65.6,0.491,17.1,22.2,0.772,11.4,35.7,47.2,25.4,7.5,5.1,14.9,20.7,106.4
2015,Miami Heat,21,28.5,37,45,33,49,-2.6,-0.32,-2.92,103.9,106.7,-2.8,90.9,0.306,0.262,0.54,NA,0.5,14.5,23.2,0.227,0.505,14.2,73.4,0.21300000000000002,,808223,19713,FALSE,82,19730,38.6,84.7,0.456,7.4,22.2,0.33499999999999996,31.2,62.5,0.499,19.2,26,0.741,10,32.9,42.9,21.8,8.6,5,16.2,21.9,103.9,21,82,19730,39.6,87.3,0.454,8.9,25.2,0.353,30.7,62,0.495,18.6,25.5,0.73,12,33,45,23.4,8.6,4.8,16.3,22.9,106.7
2015,Brooklyn Nets,22,28.6,38,44,33,49,-2.88,-0.25,-3.13,104.4,107.4,-3,92.7,0.267,0.24000000000000002,0.529,NA,0.491,13,23.9,0.2,0.506,12.9,73.7,0.185,,698529,17037,TRUE,82,19930,39.9,88.4,0.451,7,21.2,0.33099999999999996,32.8,67.2,0.48900000000000005,17.6,23.6,0.748,11,34.1,45.1,22.3,7.5,4.4,14.7,20.5,104.4,23,82,19930,40.9,89.8,0.456,9,25.2,0.358,31.9,64.5,0.494,16.6,22.7,0.731,12.2,35.1,47.2,25.2,8.4,4.8,14.8,21.3,107.4
2015,Charlotte Hornets,23,26,33,49,32,50,-3.17,-0.27,-3.44,100.1,103.5,-3.4,93,0.269,0.226,0.498,NA,0.456,11.2,22.1,0.202,0.48700000000000004,12,79.3,0.188,,704886,17192,FALSE,82,19905,37.8,89.9,0.42000000000000004,6.5,20.3,0.318,31.3,69.6,0.45,18.1,24.2,0.748,10.6,36.2,46.9,21.5,6.5,5.8,12.7,19.4,100.1,9,82,19905,39.2,89,0.44,8.4,23.6,0.357,30.8,65.5,0.47000000000000003,16.8,21.7,0.772,9.4,37.5,46.9,23.5,6.5,5.7,13.4,22.2,103.5
2015,Denver Nuggets,24,26.4,30,52,31,51,-3.55,0.48000000000000004,-3.07,104.5,108.2,-3.7,96.1,0.278,0.28400000000000003,0.518,NA,0.47900000000000004,12.7,26.6,0.20400000000000001,0.504,13,74.7,0.23900000000000002,,602707,14700,FALSE,82,19880,38.9,89.9,0.43300000000000005,8.3,25.5,0.325,30.6,64.4,0.47600000000000003,18.4,25,0.734,12.7,33.3,46,22.5,8.1,4.6,14.6,23.6,104.5,26,82,19880,39.7,86.8,0.458,7.9,22.9,0.346,31.8,63.9,0.498,20.8,27.7,0.748,11.3,35.1,46.4,23.8,7.7,6.3,14.8,21.3,108.2
2015,Sacramento Kings,25,26,29,53,31,51,-3.71,0.64,-3.07,105.3,109.2,-3.9,95.4,0.363,0.20400000000000001,0.542,NA,0.49,14.8,26.5,0.276,0.507,11.8,75.2,0.2,,680049,16587,FALSE,82,19855,38.2,83.9,0.455,5.8,17.1,0.34099999999999997,32.3,66.8,0.48400000000000004,23.2,30.4,0.762,11.3,34.6,45.9,21.1,7,4.1,16.9,21.5,105.3,27,82,19855,41,89.9,0.456,9.1,26.1,0.349,31.9,63.9,0.5,18,24.1,0.748,11.4,31.4,42.8,24.2,9,6.4,13.4,24.8,109.2
2015,Orlando Magic,26,24.3,25,57,25,57,-5.72,-0.15000000000000002,-5.87,101.6,107.7,-6.1,93.8,0.23,0.23500000000000001,0.524,NA,0.494,14,23.1,0.168,0.514,13.6,76,0.21000000000000002,,688194,16785,FALSE,82,19755,39.8,87.9,0.453,7.2,20.7,0.347,32.6,67.2,0.48600000000000004,14.8,20.3,0.729,10.6,33.7,44.4,21.9,8.4,4.1,15.8,22.2,101.6,24,82,19755,40.3,87,0.463,8.8,24,0.368,31.5,63,0.499,18.3,24.3,0.751,10.7,35.5,46.1,24.9,8.2,5.7,15.3,19,107.7
2015,Los Angeles Lakers,27,27,21,61,23,59,-6.84,0.6699999999999999,-6.17,103.4,110.6,-7.2,94,0.276,0.22,0.513,NA,0.47300000000000003,12.1,25.4,0.20400000000000001,0.518,12.1,76.3,0.231,,768244,18738,FALSE,82,19930,39.1,89.9,0.43500000000000005,6.8,19.8,0.344,32.3,70.1,0.461,18.4,24.8,0.741,12.2,33.9,46.1,22,7.4,4.7,13.9,22.3,103.4,29,82,19930,40.7,87.3,0.466,8.9,24.6,0.363,31.8,62.7,0.507,20.2,27.1,0.745,10.6,35.8,46.4,25.2,7.8,5.1,13.7,20.4,110.6
2015,Minnesota Timberwolves,28,24.4,16,66,19,63,-8.79,0.7899999999999999,-8,102.9,112.2,-9.3,94.4,0.309,0.17900000000000002,0.517,NA,0.468,13.7,26.6,0.24000000000000002,0.537,13.9,71.6,0.187,,595652,14416,FALSE,82,19805,38.3,87.5,0.43800000000000006,5.2,15.7,0.33199999999999996,33.1,71.8,0.461,21,27.1,0.776,12.2,30.9,43.1,22.7,8.6,4.2,15.8,20.2,102.9,30,82,19805,43.3,89,0.48700000000000004,8.9,24.4,0.367,34.4,64.6,0.531,16.6,21.9,0.759,12.2,33.6,45.9,24.8,8.8,5.8,16,22.5,112.2
2015,Philadelphia 76ers,29,23.2,18,64,18,64,-8.98,-0.07,-9.04,95.5,104.8,-9.3,95.7,0.28800000000000003,0.319,0.494,NA,0.459,16,25.5,0.195,0.497,15.2,73,0.225,,571572,13941,FALSE,82,19805,35,85.8,0.40800000000000003,8.8,27.3,0.32,26.2,58.4,0.449,16.7,24.7,0.6759999999999999,12.4,32.1,44.5,21.3,10,6.2,18.4,22.5,95.5,13,82,19805,38.5,85.9,0.449,8.3,23.8,0.35,30.2,62.1,0.48700000000000004,19.4,25.6,0.756,11.9,36.1,48,24.6,9.9,5.7,17.4,21,104.8
2015,New York Knicks,30,26.9,17,65,17,65,-9.32,-0.18,-9.5,99.9,110,-10.1,91.2,0.234,0.24000000000000002,0.508,NA,0.47000000000000003,14,24.5,0.18,0.512,13.3,73.1,0.234,,812292,19812,FALSE,82,19855,38.2,89.2,0.42800000000000005,7.4,21.4,0.347,30.8,67.8,0.454,16.1,20.9,0.769,11.5,32.4,43.9,23.1,7.6,5.1,16,23.4,99.9,28,82,19855,40.2,87.4,0.46,9.2,24.2,0.38,31,63.2,0.49,20.5,26.9,0.759,11.9,35.4,47.3,23.6,8.7,4.7,15.3,20.7,110
2016,San Antonio Spurs,1,30.3,67,15,67,15,10.629999999999999,-0.36,10.28,110.3,99,11.3,93.8,0.24600000000000002,0.223,0.5640000000000001,NA,0.526,12.4,23,0.197,0.47700000000000004,14.1,79.1,0.182,,756445,18450,TRUE,82,19705,42.7,88.3,0.48400000000000004,7.4,19.7,0.375,35.3,68.6,0.515,17.4,21.7,0.803,10,36.8,46.8,26.1,8.8,6.3,13.9,18.6,110.3,1,82,19705,38,87.2,0.43600000000000005,7,21.2,0.33099999999999996,31,65.9,0.47000000000000003,15.9,20.9,0.758,9.7,33.5,43.2,22.2,7.7,4.1,15.8,20.7,99
2016,Golden State Warriors,2,27.4,73,9,65,17,10.76,-0.38,10.38,114.5,103.8,10.7,99.3,0.25,0.362,0.593,NA,0.5630000000000001,13.5,23.5,0.191,0.47900000000000004,12.6,76,0.20800000000000002,,803436,19596,TRUE,82,19880,42.4,87,0.48700000000000004,13.1,31.5,0.41600000000000004,29.3,55.5,0.528,16.6,21.8,0.763,9.9,36.1,46,28.8,8.4,6.1,15.1,20.7,114.5,6,82,19880,38.7,89.1,0.43500000000000005,7.8,23.4,0.33199999999999996,31,65.7,0.47200000000000003,18.5,24.5,0.757,11.4,32.4,43.7,22.2,8.6,4.1,14.4,19.8,103.8
2016,Oklahoma City Thunder,3,25.8,55,27,59,23,7.28,-0.19,7.09,113.1,105.6,7.5,96.7,0.29200000000000004,0.275,0.5650000000000001,NA,0.524,14,31.1,0.228,0.48400000000000004,11.7,76,0.20500000000000002,,746323,18203,TRUE,82,19830,42.2,88.6,0.47600000000000003,8.5,24.3,0.349,33.7,64.3,0.524,20.2,25.9,0.7819999999999999,13.4,36.5,49.9,23.6,7.5,6.1,16.3,21.2,113.1,13,82,19830,39.4,90,0.43800000000000006,8.3,24.4,0.34199999999999997,31.1,65.6,0.47400000000000003,18.4,24.4,0.756,11.6,29.7,41.3,22.1,9,4.7,13.4,20.7,105.6
2016,Cleveland Cavaliers,4,28.1,57,25,57,25,6,-0.55,5.45,110.9,104.5,6.4,93.3,0.259,0.352,0.558,NA,0.524,12.7,25.1,0.194,0.496,12.6,78.5,0.20500000000000002,,843042,20562,TRUE,82,19855,41.1,89.3,0.46,11.4,31.5,0.362,29.7,57.8,0.514,17.3,23.1,0.748,11.3,36,47.3,24.1,7.1,4.1,14.4,21.6,110.9,10,82,19855,39.1,87.3,0.448,8.4,24.1,0.347,30.7,63.2,0.48700000000000004,17.9,24,0.743,9.8,33.7,43.6,22.8,7.6,4.7,14.2,21.9,104.5
2016,Toronto Raptors,5,26.3,56,26,53,29,4.5,-0.42000000000000004,4.08,110,105.2,4.8,92.9,0.328,0.28700000000000003,0.552,NA,0.504,12.3,24.6,0.255,0.498,12.7,77.7,0.201,,812863,19826,TRUE,82,19780,39.3,87.1,0.451,9.2,25,0.37,30,62.1,0.48300000000000004,22.2,28.6,0.777,10.9,35.6,46.5,20.1,8.3,5.9,14,21,110,11,82,19780,39.1,87.9,0.444,9.4,25.1,0.373,29.7,62.8,0.47300000000000003,17.7,23.6,0.748,10.2,33.5,43.7,23.3,7,5.8,14.3,23.5,105.2
2016,Los Angeles Clippers,6,29.7,53,29,53,29,4.28,-0.15000000000000002,4.13,108.3,103.8,4.5,95.8,0.318,0.324,0.556,NA,0.524,12.1,20.1,0.22,0.48000000000000004,13.8,73.8,0.222,,786910,19193,TRUE,82,19830,39.7,85.4,0.465,10.1,27.7,0.364,29.6,57.7,0.513,18.8,27.2,0.692,9.1,34.5,43.6,23.7,9,5.8,13.4,22.1,108.3,5,82,19830,38.1,87.8,0.43400000000000005,8.1,24.1,0.33799999999999997,29.9,63.6,0.47100000000000003,19.5,26,0.751,12.2,36.1,48.4,22,7.4,3.3,15.9,23.3,103.8
2016,Atlanta Hawks,7,28.2,48,34,51,31,3.61,-0.12000000000000001,3.4899999999999998,105.1,101.4,3.7,97.1,0.23700000000000002,0.33599999999999997,0.552,NA,0.516,13.8,19.1,0.185,0.48000000000000004,14.4,74.6,0.194,,690150,16833,TRUE,82,19830,39.5,86.3,0.458,10.2,29,0.35,29.3,57.3,0.512,16,20.4,0.7829999999999999,8.5,34.5,43,26.2,9.3,6.1,15.3,19.6,105.1,2,82,19830,38,87.9,0.43200000000000005,8.5,25,0.33799999999999997,29.5,62.9,0.46900000000000003,17,22.6,0.755,11.8,35.7,47.5,22.5,8.8,5.1,16.5,18.7,101.4
2016,Boston Celtics,8,25.2,48,34,50,32,3.21,-0.37,2.84,106.8,103.6,3.2,98.5,0.264,0.29300000000000004,0.531,NA,0.48800000000000004,12.1,25.1,0.20800000000000002,0.48700000000000004,14.6,74.6,0.231,,749076,18270,TRUE,82,19780,39.6,90.2,0.43900000000000006,8.8,26.4,0.33499999999999996,30.8,63.8,0.48300000000000004,18.7,23.8,0.7879999999999999,11.7,33.7,45.4,24.4,9.3,4.3,13.9,22.1,106.8,4,82,19780,37.9,85.9,0.441,7.9,23.6,0.33599999999999997,30,62.4,0.48100000000000004,19.9,26.3,0.755,11.5,35,46.5,21.1,7.7,5.5,16.6,21.2,103.6
2016,Charlotte Hornets,9,26,48,34,49,33,2.72,-0.36,2.36,107.2,104.3,2.9,95.6,0.28,0.348,0.545,NA,0.502,11.7,20,0.222,0.496,12.5,79.8,0.191,,716894,17485,TRUE,82,19855,38.4,87.5,0.43900000000000006,11,30.5,0.362,27.3,57,0.47900000000000004,19.4,24.5,0.7899999999999999,9.3,36.3,45.5,22.5,7.5,5.5,13,18.8,107.2,8,82,19855,39.2,88.1,0.444,9.2,26.3,0.349,30,61.8,0.48500000000000004,16.9,21.9,0.769,9.2,37.1,46.3,24,7,5.7,13.9,21.1,104.3
2016,Utah Jazz,10,24.2,40,42,46,36,1.79,0.05,1.84,105.9,103.9,2,91,0.28600000000000003,0.29700000000000004,0.54,NA,0.501,14.2,25.9,0.21300000000000002,0.495,13.5,77.7,0.21000000000000002,,791489,19305,FALSE,82,19955,39.1,87.1,0.449,9.2,25.9,0.355,29.9,61.3,0.48800000000000004,18.5,24.9,0.744,11.6,35.2,46.9,20.5,8.3,5.6,16.2,21.9,105.9,7,82,19955,38.6,86.6,0.446,8.6,24,0.357,30,62.5,0.48000000000000004,18.2,24.3,0.746,10.1,33.3,43.4,20.7,8.6,5.1,15.1,21.5,103.9
2016,Miami Heat,11,28.4,48,34,46,36,1.6500000000000001,-0.14,1.5,106.1,104.4,1.7,93.6,0.28200000000000003,0.221,0.545,NA,0.508,13.3,23.8,0.21000000000000002,0.48500000000000004,12.1,77.8,0.196,,809350,19740,TRUE,82,19830,40.7,86.6,0.47000000000000003,6.4,19.1,0.33599999999999997,34.3,67.5,0.508,18.2,24.4,0.744,10.4,36.4,46.8,22.1,7.2,6.9,14.9,19.4,106.1,9,82,19830,39.5,89.4,0.442,7.8,22.5,0.347,31.7,66.9,0.47400000000000003,17.5,22.8,0.77,10.4,33.4,43.8,21.4,7.9,4.4,13.7,20.8,104.4
2016,Indiana Pacers,12,26.9,45,37,46,36,1.71,-0.09,1.62,104.6,102.9,1.7,96.6,0.268,0.27,0.536,NA,0.497,13.5,23.4,0.20500000000000002,0.48900000000000005,14.3,76,0.20500000000000002,,690733,16847,TRUE,82,19880,39.3,87.3,0.45,8.3,23.6,0.351,31,63.7,0.48600000000000004,17.9,23.4,0.764,10.6,34.7,45.3,21.7,9.3,4.9,15.2,20.5,104.6,3,82,19880,38.3,87,0.44,8.5,25.4,0.33399999999999996,29.8,61.5,0.48400000000000004,17.8,23.7,0.751,11,34.7,45.6,21.3,7.9,4.6,16.2,20.9,102.9
2016,Portland Trail Blazers,13,24.3,44,38,43,39,0.8300000000000001,0.15000000000000002,0.98,108.8,108,0.8,96,0.268,0.33199999999999996,0.548,NA,0.511,13.2,25.9,0.202,0.503,12.1,76.2,0.225,,794085,19368,TRUE,82,19805,40,88.9,0.45,10.9,29.5,0.37,29.1,59.4,0.49,18,23.8,0.754,12,35.1,47.1,22.1,7.1,4.8,15.1,22.5,108.8,20,82,19805,39.7,87.7,0.453,8.8,23.8,0.371,30.9,63.8,0.48400000000000004,19.7,26.9,0.734,10.9,34.3,45.2,22.3,8,5.4,13.7,20.2,108
2016,Detroit Pistons,14,25,44,38,43,39,0.61,-0.18,0.43000000000000005,106.1,105.5,0.6,95.1,0.29600000000000004,0.303,0.522,NA,0.491,12.2,27,0.197,0.504,12.5,79.3,0.196,,677138,16516,TRUE,82,19880,39.5,90,0.43900000000000006,9.4,27.3,0.345,30.1,62.7,0.48000000000000004,17.8,26.6,0.6679999999999999,13,35.3,48.2,20.2,7.3,3.9,14.1,19.8,106.1,12,82,19880,40.4,87.6,0.461,7.6,21.3,0.355,32.8,66.3,0.495,17.1,21.9,0.7829999999999999,9.2,35.1,44.3,22.4,7.4,4.6,14,22.5,105.5
2016,Houston Rockets,15,27.8,41,41,42,40,0.2,0.14,0.33999999999999997,108.3,108.1,0.2,97.6,0.352,0.37,0.553,NA,0.516,14.2,25.7,0.24400000000000002,0.516,14.8,72.8,0.21900000000000003,,737244,17982,TRUE,82,19830,38.4,84.9,0.452,10.9,31.4,0.347,27.5,53.5,0.514,20.7,29.8,0.694,11.5,32.2,43.8,22.6,10.2,5.3,16.2,22.2,108.3,21,82,19830,39.7,86.5,0.459,9.9,27.3,0.361,29.8,59.1,0.504,18.9,25,0.756,12,33.3,45.4,25,9.1,5,16.9,22.9,108.1
2016,Dallas Mavericks,16,30.3,42,40,40,42,-0.3,0.29000000000000004,-0.02,106.7,107,-0.3,94.3,0.265,0.33899999999999997,0.544,NA,0.502,12,20.6,0.21100000000000002,0.504,12.8,76.2,0.198,,825901,20144,TRUE,82,20005,39,87.8,0.444,10.3,29.8,0.344,28.7,58,0.495,18.5,23.3,0.7939999999999999,9.6,35.4,44.9,23.1,7.1,3.9,13.3,20.3,106.7,17,82,20005,40,88.7,0.451,9.5,27.6,0.34199999999999997,30.5,61.1,0.5,17.6,23.8,0.738,11,36.7,47.8,22.9,7.8,4.6,14.5,22.4,107
2016,Washington Wizards,17,27.3,41,41,40,42,-0.5,0,-0.5,105.3,105.8,-0.5,98.5,0.263,0.28200000000000003,0.544,NA,0.511,13.1,20.6,0.192,0.515,14.6,77.7,0.21800000000000003,,725426,17693,FALSE,82,19755,40,86.8,0.46,8.7,24.5,0.358,31.2,62.3,0.501,16.6,22.8,0.73,9.2,33.2,42.3,24.7,8.7,4,14.6,21.1,105.3,14,82,19755,39.1,84.7,0.462,9.1,24.5,0.371,30,60.2,0.498,18.5,24,0.769,9.5,35.3,44.8,22.8,8.2,4.4,16.3,20.4,105.8
2016,Chicago Bulls,18,27.6,42,40,37,45,-1.48,0.01,-1.46,105,106.5,-1.5,95.7,0.24000000000000002,0.24400000000000002,0.526,NA,0.48700000000000004,12.6,24.5,0.189,0.48500000000000004,10.7,74.9,0.182,,894659,21821,FALSE,82,19905,39.9,90.3,0.441,8.2,22.1,0.371,31.7,68.2,0.464,17.1,21.7,0.7869999999999999,11.4,36.4,47.8,23.6,6.2,5.9,14.4,19.5,105,15,82,19905,40.7,92.4,0.441,8.2,23.7,0.345,32.5,68.6,0.47400000000000003,16.8,22.8,0.737,12.2,35.2,47.4,23.3,8.2,5.9,12.3,19.3,106.5
2016,Orlando Magic,19,23.9,35,47,36,46,-1.62,-0.06,-1.6800000000000002,105.1,106.8,-1.7,96,0.232,0.255,0.533,NA,0.5,12.8,23.1,0.17500000000000002,0.513,13.8,76.5,0.21500000000000002,,719275,17515,FALSE,82,19905,40.7,89.4,0.455,8,22.8,0.35,32.7,66.6,0.492,15.7,20.7,0.757,10.6,34,44.6,24.3,8.5,5.2,14.5,21.4,105.1,16,82,19905,39.6,86,0.46,9.2,25.6,0.359,30.4,60.4,0.503,18.5,24.8,0.746,10.5,35.2,45.6,23.9,7.8,5.6,15.6,18.8,106.8
2016,Sacramento Kings,20,26.6,33,49,34,48,-2.48,0.16,-2.32,106,108.4,-2.4,100,0.29500000000000004,0.26,0.546,NA,0.51,14.2,23.9,0.21400000000000002,0.521,14,74.9,0.202,,707526,17222,FALSE,82,19805,39.8,85.9,0.464,8,22.3,0.359,31.8,63.6,0.5,18.4,25.3,0.725,10.5,33.5,44,24.4,8.9,4.5,16.1,20.3,106,22,82,19805,40.3,87.2,0.462,10.2,27.8,0.366,30.2,59.4,0.508,17.6,23.1,0.762,11.2,33.5,44.7,24.1,8.8,5.3,15.9,21.8,108.4
2016,Memphis Grizzlies,21,30.5,42,40,35,47,-2.24,0.11,-2.14,105.4,107.8,-2.4,93.3,0.29500000000000004,0.222,0.524,NA,0.47700000000000004,12.3,25.3,0.231,0.518,15.2,75.1,0.251,,701894,17119,TRUE,82,19830,39.2,89,0.44,6.5,19.7,0.33099999999999996,32.6,69.3,0.47100000000000003,20.6,26.3,0.7829999999999999,11.9,32.4,44.3,22,9.4,4.5,14.1,23.1,105.4,19,82,19830,38.2,83.8,0.456,10.3,28.4,0.365,27.9,55.5,0.503,21,27.3,0.768,10.8,35.2,46,23.3,7.5,6.1,17.2,22.5,107.8
2016,New York Knicks,22,27.2,32,50,33,49,-2.73,0,-2.74,104.6,107.6,-3,93.4,0.255,0.256,0.527,NA,0.48300000000000004,12.6,23.7,0.20500000000000002,0.48700000000000004,10.5,75.8,0.20400000000000001,,812292,19812,FALSE,82,19805,39.2,89.3,0.43900000000000006,7.9,22.9,0.346,31.3,66.5,0.47100000000000003,18.3,22.7,0.805,11,36.2,47.2,21.8,6.1,6,14.3,21,104.6,18,82,19805,40.4,91.3,0.443,8.1,23.8,0.34099999999999997,32.3,67.4,0.47900000000000004,18.6,24.7,0.754,11.5,35.5,47,22.1,7.6,4.5,12,19.7,107.6
2016,Denver Nuggets,23,24.7,33,49,33,49,-3.1,0.29000000000000004,-2.8099999999999996,105.6,108.9,-3.3,95.7,0.28200000000000003,0.277,0.531,NA,0.48900000000000005,13.2,25.8,0.21600000000000003,0.515,12.6,77.3,0.21600000000000003,,577898,14095,FALSE,82,19830,39.1,88.5,0.442,8.3,24.6,0.33799999999999997,30.8,64,0.48200000000000004,19.1,25,0.766,11.9,34.4,46.3,23.5,7.7,5,15.2,21.8,105.6,24,82,19830,40.2,87.3,0.461,9.5,25.7,0.371,30.7,61.6,0.498,18.9,24.8,0.761,10.1,34.1,44.2,24.3,8.3,6.5,14.2,21.6,108.9
2016,Minnesota Timberwolves,24,24.6,29,53,31,51,-3.54,0.15000000000000002,-3.38,106.5,110.1,-3.6,95.2,0.33199999999999996,0.202,0.549,NA,0.498,13.9,24.3,0.263,0.524,13.6,74.7,0.2,,581178,14175,FALSE,82,19880,39.2,84.5,0.464,5.8,17.1,0.33799999999999997,33.5,67.5,0.496,22.2,28.1,0.7919999999999999,10.4,32.8,43.2,24.3,8.3,4.8,15.6,21.5,106.5,28,82,19880,41.5,88.3,0.47100000000000003,9.4,26.5,0.355,32.1,61.8,0.52,17.7,23.4,0.757,11.1,32.4,43.5,23.5,8.1,5.4,15.5,22.4,110.1
2016,New Orleans Pelicans,25,26.6,30,52,31,51,-3.79,0.24000000000000002,-3.56,105.6,109.5,-3.9,96.8,0.259,0.277,0.537,NA,0.498,12.3,21.2,0.201,0.523,12.7,78.8,0.225,,688549,16794,FALSE,82,19780,39.5,88.3,0.448,8.8,24.5,0.36,30.7,63.8,0.48200000000000004,17.7,22.9,0.776,9.8,34,43.8,22.8,7.9,4.3,13.8,21.5,105.6,27,82,19780,40.3,86.2,0.468,9.5,25.6,0.369,30.9,60.6,0.51,19.4,24.7,0.7829999999999999,9.2,36.5,45.7,23.8,7.5,5.3,14.1,20.4,109.5
2016,Milwaukee Bucks,26,23.5,33,49,29,53,-4.18,0.2,-3.98,104.3,108.7,-4.4,94.2,0.276,0.189,0.537,NA,0.499,14.2,24.9,0.20700000000000002,0.51,14.2,73.1,0.221,,621808,15166,FALSE,82,19830,40.4,86.6,0.467,5.7,16.4,0.345,34.7,70.2,0.495,17.9,23.9,0.747,11,32.9,43.9,24.3,8.6,6.1,16,21.8,104.3,23,82,19830,39.8,87.6,0.454,9.8,27.9,0.352,30,59.7,0.502,19.3,25.2,0.768,12.1,33.2,45.3,25.9,8.7,5.9,16.3,20.5,108.7
2016,Phoenix Suns,27,26,23,59,24,58,-6.659999999999999,0.33999999999999997,-6.319999999999999,102.2,109,-6.8,98.5,0.271,0.302,0.526,NA,0.48700000000000004,15.2,25.4,0.20400000000000001,0.523,13.5,77.1,0.23700000000000002,,701405,17107,FALSE,82,19705,37.7,86.8,0.43500000000000005,9.1,26.2,0.348,28.6,60.6,0.47200000000000003,17.7,23.5,0.751,11.7,33.8,45.4,21,7.8,3.9,17.4,23,102.2,25,82,19705,39.7,84.9,0.467,9.5,25.2,0.377,30.1,59.7,0.505,20.2,26.9,0.749,10.1,34.2,44.3,22.7,9.7,5.6,15.1,21.9,109
2016,Brooklyn Nets,28,26.9,21,61,22,60,-7.35,0.24000000000000002,-7.119999999999999,103.2,110.9,-7.7,95.2,0.24600000000000002,0.21800000000000003,0.527,NA,0.492,13.6,24.1,0.186,0.534,13.1,75.7,0.17600000000000002,,620142,15125,FALSE,82,19755,40,88.3,0.453,6.8,19.2,0.352,33.2,69,0.48100000000000004,16.4,21.7,0.757,11,33.3,44.4,23.3,8,4.2,15.5,18.8,103.2,29,82,19755,42.7,89.1,0.47900000000000004,9.9,26.8,0.369,32.8,62.3,0.526,15.7,20.5,0.763,10.7,34.7,45.4,25.6,9.2,5.5,14.8,19.3,110.9
2016,Los Angeles Lakers,29,26.5,17,65,17,65,-9.56,0.64,-8.92,101.6,111.6,-10,95.6,0.29200000000000004,0.29000000000000004,0.509,NA,0.46,12.5,23.1,0.228,0.523,11.6,74.7,0.202,,778877,18997,FALSE,82,19730,36.7,88.5,0.41400000000000003,8.1,25.7,0.317,28.5,62.9,0.454,20.1,25.8,0.7809999999999999,11.2,33.7,44.8,18.8,7.5,4.3,14.3,21.2,101.6,30,82,19730,42.3,89.4,0.47300000000000003,8.9,25.7,0.347,33.4,63.7,0.524,18.1,24.7,0.731,11.4,37.1,48.5,25.7,7.9,5.8,13.2,20,111.6
2016,Philadelphia 76ers,30,23.3,10,72,16,66,-10.229999999999999,0.31,-9.92,98.8,109.2,-10.4,97.9,0.269,0.327,0.519,NA,0.48700000000000004,14.8,20.6,0.186,0.51,13.5,74,0.24000000000000002,,614650,14991,FALSE,82,19805,36.7,85.2,0.43100000000000005,9.5,27.9,0.33899999999999997,27.3,57.3,0.47600000000000003,15.9,22.9,0.694,9.6,32.2,41.8,21.8,8.4,6.1,16.6,22,98.8,26,82,19805,40.2,86.7,0.464,7.9,22,0.359,32.4,64.7,0.5,20.8,26.5,0.7859999999999999,11.3,37,48.3,23.7,8.8,5.8,15.4,19.4,109.2
2017,Golden State Warriors,1,28.2,67,15,67,15,11.629999999999999,-0.28,11.350000000000001,115.6,104,11.6,99.8,0.259,0.359,0.597,NA,0.5630000000000001,13.2,22.8,0.20400000000000001,0.48600000000000004,13.5,74.9,0.198,,803436,19596,TRUE,82,19780,43,86.8,0.495,11.9,31.2,0.383,31,55.7,0.557,17.7,22.5,0.7879999999999999,9.4,34.9,44.3,30.3,9.5,6.7,14.7,19.3,115.6,2,82,19780,38.7,88.9,0.43500000000000005,9,27.7,0.324,29.7,61.2,0.48500000000000004,17.6,23.2,0.761,11.7,31.7,43.4,22.6,8.6,3.8,15.5,19.3,104
2017,San Antonio Spurs,2,29.6,61,21,60,22,7.2,-0.06,7.13,111.1,103.5,7.6,94.2,0.263,0.281,0.5640000000000001,NA,0.524,12.6,24,0.21000000000000002,0.492,13.5,77.6,0.192,,755347,18423,TRUE,82,19805,41.5,88.3,0.46900000000000003,9.7,24.8,0.391,31.8,63.5,0.5,18.5,23.2,0.7969999999999999,10.6,35.7,46.3,25.1,8.4,6.2,14.2,19.3,111.1,1,82,19805,39,88,0.443,8.6,25,0.344,30.4,63,0.48300000000000004,16.9,21.9,0.771,10.3,33.4,43.7,22.6,7.9,4.3,15.2,20.9,103.5
2017,Houston Rockets,3,27.4,55,27,55,27,5.7700000000000005,0.08,5.84,114.7,109,5.7,100,0.304,0.462,0.583,NA,0.545,13.3,24.6,0.233,0.519,13.2,75.8,0.194,,695903,16973,TRUE,82,19780,40.1,86.8,0.462,14.3,40.1,0.357,25.8,46.7,0.552,20.2,26.4,0.766,10.8,33.3,44.1,25.1,8.1,4.3,15,19.8,114.7,18,82,19780,40.9,88.4,0.463,9.9,29,0.34299999999999997,31,59.4,0.522,17.2,22.1,0.778,10.7,33.2,43.8,24,8.5,5,15,20.3,109
2017,Toronto Raptors,4,26.1,51,31,52,30,4.21,-0.56,3.65,112.3,107.8,4.5,94.7,0.29300000000000004,0.28900000000000003,0.561,NA,0.517,11.8,25,0.233,0.507,13.5,76.3,0.223,,813050,19830,TRUE,82,19780,41.1,88.6,0.464,9.3,25.6,0.363,31.9,63.1,0.505,20.7,26,0.7959999999999999,11.2,34.3,45.4,19.4,8.7,5.1,13.3,21.9,112.3,11,82,19780,39.1,87.1,0.449,10.2,28.7,0.354,28.9,58.4,0.495,19.5,25,0.7799999999999999,10.6,33.6,44.2,22.9,7,5,15.4,21.3,107.8
2017,Los Angeles Clippers,5,30,51,31,52,30,4.29,0.13,4.42,112.7,108.2,4.5,96.1,0.312,0.329,0.5740000000000001,NA,0.537,12,21.5,0.233,0.506,12.1,76.9,0.21100000000000002,,782609,19088,TRUE,82,19755,41,86.3,0.47500000000000003,10.6,28.4,0.375,30.4,57.9,0.525,20.1,26.9,0.745,9.3,35.3,44.6,23.4,7.7,4.4,13.4,20.6,112.7,12,82,19755,40,88.5,0.452,9.5,27.2,0.35,30.5,61.3,0.497,18.7,24.2,0.772,10.6,34.1,44.7,23.9,7.3,3.3,13.7,23.2,108.2
2017,Utah Jazz,6,26.8,51,31,52,30,3.94,0.06,4,109.6,105.3,4.3,91.6,0.28800000000000003,0.327,0.5630000000000001,NA,0.526,13.2,23.2,0.21500000000000002,0.493,11.8,78.9,0.195,,806142,19662,TRUE,82,19755,40.2,86.5,0.466,10.5,28.2,0.372,29.8,58.2,0.511,18.6,24.9,0.747,10.2,36.8,47,21.9,7.3,5.4,14.8,20.5,109.6,3,82,19755,39.5,89.2,0.443,8.9,24.9,0.358,30.6,64.3,0.47600000000000003,17.4,22.6,0.769,9.8,33.9,43.7,19.4,7.9,4.1,13.2,22,105.3
2017,Cleveland Cavaliers,7,29.2,51,31,49,33,3.18,-0.31,2.8699999999999997,113.6,110.3,3.3,96.2,0.275,0.399,0.58,NA,0.547,12.6,21.9,0.20600000000000002,0.516,11.4,75.8,0.17400000000000002,,843042,20562,TRUE,82,19880,41.1,87.4,0.47000000000000003,13.4,34.9,0.384,27.7,52.5,0.528,18,24,0.748,9.6,35.4,45,23.3,6.8,4.1,14.1,18.7,113.6,21,82,19880,41.8,91.4,0.458,10.7,29.5,0.361,31.2,61.9,0.504,16,20.6,0.773,11.3,34.2,45.5,25.4,7.5,4.4,13,21.2,110.3
2017,Boston Celtics,8,25.9,53,29,48,34,2.63,-0.39,2.25,111.2,108.4,2.8,96.8,0.273,0.393,0.5670000000000001,NA,0.525,12.2,21.2,0.22,0.503,12.6,75.3,0.223,,760690,18553,TRUE,82,19755,39.8,87.6,0.454,12.4,34.4,0.359,27.4,53.2,0.515,19.3,23.9,0.807,9.3,33.9,43.2,26,7.7,4.3,13.7,21.2,111.2,13,82,19755,39.8,88.3,0.45,9.2,27.8,0.33199999999999996,30.5,60.5,0.505,19.7,25.6,0.769,11.1,34.8,45.8,23.2,7.8,5.3,14.3,20.9,108.4
2017,Washington Wizards,9,26,49,33,46,36,1.8,-0.45,1.36,111.2,109.3,1.9,97.4,0.254,0.28400000000000003,0.5640000000000001,NA,0.528,12.8,24.1,0.199,0.524,13.8,75.5,0.21300000000000002,,697107,17003,TRUE,82,19855,42.1,88.6,0.47500000000000003,9.4,25.2,0.372,32.7,63.4,0.515,17.6,22.5,0.7839999999999999,10.5,33.2,43.6,24.3,8.6,4.2,14.4,21.7,111.2,19,82,19855,40.4,86.6,0.466,10.1,27.6,0.364,30.3,59,0.514,18.5,24.6,0.751,10.8,33,43.8,23.2,7.5,4.7,15.6,20.1,109.3
2017,Miami Heat,10,26.5,41,41,44,38,1.06,-0.29000000000000004,0.77,107.8,106.7,1.1,95.2,0.251,0.314,0.541,NA,0.512,12.4,24.2,0.17700000000000002,0.496,12.6,76.4,0.22,,805400,19644,FALSE,82,19780,40.8,89.7,0.455,10.3,28.2,0.365,30.5,61.5,0.496,15.9,22.5,0.706,11.1,34.5,45.6,22.2,7.5,6,14,21.4,107.8,5,82,19780,39.6,88,0.45,8.1,23.8,0.34299999999999997,31.5,64.2,0.49,19.3,24.7,0.7819999999999999,10.7,34.9,45.5,20.5,7.1,5.1,14.3,19.5,106.7
2017,Oklahoma City Thunder,11,24.7,47,35,43,39,0.76,0.39,1.1400000000000001,108.3,107.5,0.8,97.8,0.29500000000000004,0.29500000000000004,0.54,NA,0.5,13.2,27.9,0.22,0.511,12.5,79,0.21800000000000003,,746323,18203,TRUE,82,19805,40.1,88.8,0.452,8.6,26.2,0.327,31.5,62.6,0.504,19.5,26.2,0.745,12.4,34.9,47.4,21.3,8,5.1,15.2,21.2,108.3,10,82,19805,39.8,86.7,0.459,9,25.2,0.356,30.9,61.5,0.502,18.9,24.7,0.764,9.3,32,41.3,21.8,8.6,5.6,14,21,107.5
2017,Memphis Grizzlies,12,29.5,43,39,42,40,0.49,0.47000000000000003,0.96,107.7,107.1,0.6,92.3,0.28,0.316,0.535,NA,0.491,12.1,24.8,0.21900000000000003,0.506,13.6,77.5,0.256,,677314,16520,TRUE,82,19905,39,89.6,0.43500000000000005,10,28.3,0.354,29,61.2,0.47300000000000003,19.7,25.1,0.7839999999999999,11.6,34.3,45.8,22.8,8.5,4.5,13.8,24,107.7,8,82,19905,37.4,84.5,0.443,10.6,30,0.354,26.8,54.4,0.492,21.7,28.8,0.753,9.9,35.2,45.1,21.5,7.5,5.4,15.3,22.3,107.1
2017,Denver Nuggets,13,25.2,40,42,42,40,0.51,0.19,0.7,113.2,112.7,0.5,98.3,0.276,0.329,0.5680000000000001,NA,0.53,13.2,27.3,0.21400000000000002,0.532,10.9,78.7,0.194,,605585,14672,FALSE,82,19755,41.7,88.9,0.46900000000000003,10.8,29.2,0.368,31,59.7,0.519,19,24.5,0.774,11.9,35.1,47,25.7,7,4,15.2,19.4,113.2,29,82,19755,42.7,89.6,0.47700000000000004,10,26.6,0.375,32.7,63,0.519,17.3,22.2,0.7819999999999999,9.5,31.8,41.4,24.4,8.4,5,12.1,20.4,112.7
2017,Chicago Bulls,14,26.9,41,41,42,40,0.43000000000000005,-0.39,0.03,107.4,107,0.4,95.3,0.259,0.256,0.53,NA,0.48700000000000004,12.3,27,0.20600000000000002,0.507,12.4,76.8,0.169,,888882,21680,TRUE,82,19780,40.4,90.9,0.444,7.9,23.3,0.33999999999999997,32.4,67.6,0.47900000000000004,18.8,23.5,0.7979999999999999,12.7,35.6,48.3,23.6,8.2,5,14.2,18.5,107.4,6,82,19780,41.2,90.4,0.456,9.3,27,0.345,31.9,63.4,0.503,15.2,19.8,0.77,10.7,34.4,45.1,24.7,7.7,4.8,14,19.6,107
2017,Charlotte Hornets,15,26.5,36,46,42,40,0.2,-0.26,-0.07,108.8,108.6,0.2,95.7,0.279,0.33499999999999996,0.547,NA,0.501,10.7,19.9,0.227,0.523,12.1,79.6,0.164,,710643,17333,FALSE,82,19830,39.1,88.5,0.442,10.4,29.7,0.351,28.7,58.9,0.48800000000000004,20.1,24.7,0.8150000000000001,9.1,36.1,45.2,23.9,7.2,4.9,11.9,17.2,108.8,14,82,19830,40.9,89.7,0.456,12,32.6,0.369,28.9,57.1,0.506,14.7,18.9,0.776,9.3,36.8,46.1,25.4,6.8,5.7,13.5,20.6,108.6
2017,Indiana Pacers,16,27,42,40,40,42,-0.22,-0.42000000000000004,-0.64,108.6,108.8,-0.2,95.9,0.261,0.272,0.558,NA,0.516,12.8,21.2,0.21200000000000002,0.512,13.6,75.5,0.225,,684578,16697,TRUE,82,19855,40.6,87.4,0.465,8.9,23.8,0.376,31.7,63.6,0.498,18.5,22.8,0.81,9.4,34.1,43.4,23.2,8.4,5.2,14.2,20.1,108.6,15,82,19855,39.3,87.1,0.451,10.7,30.1,0.355,28.6,57,0.501,19.6,24.9,0.7889999999999999,11.1,34.7,45.7,23.1,8.3,5.1,15.4,20.2,108.8
2017,Milwaukee Bucks,17,25.6,42,40,40,42,-0.18,-0.26,-0.45,109.1,109.3,-0.2,94.5,0.274,0.29000000000000004,0.5650000000000001,NA,0.527,13.2,21.5,0.21000000000000002,0.518,13.6,75.4,0.21500000000000002,,648952,15828,TRUE,82,19780,40.9,86.2,0.47400000000000003,9.2,25,0.37,31.6,61.2,0.516,18.1,23.6,0.768,9.3,33.2,42.5,25.5,8.6,5.6,14.7,21.3,109.1,20,82,19780,40,87.3,0.458,10.5,29.7,0.353,29.5,57.6,0.512,18.8,24.4,0.771,10.8,33.8,44.7,25.3,7.8,4.8,15.5,20.3,109.3
2017,Portland Trail Blazers,18,24.8,41,41,40,42,-0.52,0.3,-0.23,110.3,110.8,-0.5,96.7,0.275,0.322,0.559,NA,0.52,12.5,23,0.21400000000000002,0.508,11.6,76.8,0.24100000000000002,,792029,19318,TRUE,82,19930,40.4,87.9,0.459,10.6,28.3,0.375,29.8,59.6,0.499,18.8,24.2,0.7799999999999999,10.3,34.3,44.6,21.6,7.2,5.1,14,21.6,110.3,24,82,19930,40,88.1,0.455,9.5,25.6,0.37,30.5,62.4,0.48900000000000005,21.3,27.1,0.7849999999999999,10.3,34.6,44.9,21,7.9,5.4,13.1,20.2,110.8
2017,Atlanta Hawks,19,27.9,43,39,39,43,-0.8500000000000001,-0.38,-1.23,104.9,105.7,-0.8,97.4,0.29500000000000004,0.309,0.541,NA,0.504,14.2,23.6,0.21500000000000002,0.507,13.8,76.1,0.17900000000000002,,654306,15959,TRUE,82,19880,38.7,85.8,0.451,9,26.5,0.34099999999999997,29.7,59.3,0.501,18.4,25.3,0.728,10.4,34.6,45.1,24,8.3,4.9,16,18.5,104.9,4,82,19880,39.4,88.7,0.444,11.1,31,0.357,28.3,57.7,0.491,15.9,20.6,0.772,10.9,33.7,44.6,23.8,9.1,5.3,15.6,21.9,105.7
2017,Detroit Pistons,20,25.4,37,45,38,44,-1.12,-0.17,-1.29,106,107.1,-1.1,95,0.21800000000000003,0.263,0.521,NA,0.492,10.9,24.1,0.15700000000000003,0.516,12.1,81.2,0.197,,655141,15979,FALSE,82,19805,41.7,92.9,0.449,8,24.4,0.32999999999999996,33.6,68.5,0.492,14.5,20.2,0.719,11.6,36.2,47.8,22.1,7.3,4,12.4,18.7,106,7,82,19805,40.1,87.1,0.46,9.8,26.8,0.366,30.3,60.4,0.502,17.2,22,0.7799999999999999,8.4,36.5,44.9,24.6,7,4.3,13.3,18.3,107.1
2017,Minnesota Timberwolves,21,24,31,51,38,44,-1.11,0.47000000000000003,-0.64,110.8,112,-1.2,94.6,0.28700000000000003,0.24900000000000003,0.555,NA,0.511,12.9,27.2,0.229,0.535,13.2,75.9,0.21200000000000002,,607203,14810,FALSE,82,19805,41.4,88.6,0.467,7.7,22.1,0.349,33.7,66.6,0.507,20.3,25.4,0.7989999999999999,12,32.5,44.5,24.8,8.4,4.7,14.7,21.1,110.8,27,82,19805,41.6,87.4,0.47500000000000003,10.4,28.3,0.366,31.2,59.1,0.528,18.5,24.1,0.768,10.3,32.1,42.4,24.3,8.1,5.3,15,21.5,112
2017,New Orleans Pelicans,22,25.7,34,48,35,47,-2.1,0.41000000000000003,-1.6900000000000002,105.2,107.4,-2.2,98,0.256,0.308,0.539,NA,0.504,11.7,18.5,0.192,0.509,12.4,76.8,0.17700000000000002,,663099,16173,FALSE,82,19905,39.5,87.7,0.45,9.4,27,0.35,30,60.7,0.495,16.8,22.4,0.75,8.6,35.4,44.1,23,7.8,5.6,13,18.3,105.2,9,82,19905,40.4,89.8,0.45,10.6,30.1,0.353,29.8,59.7,0.499,15.9,20.9,0.762,10.7,38,48.7,23.6,7.4,4.3,14.1,19.4,107.4
2017,Dallas Mavericks,23,27.6,33,49,33,49,-2.9299999999999997,0.4,-2.53,105.6,108.8,-3.2,92.2,0.225,0.366,0.541,NA,0.505,11.6,18.1,0.18,0.529,14.4,77.6,0.21800000000000003,,811366,19789,FALSE,82,19780,39,88.8,0.44,11.6,32.5,0.355,27.5,56.3,0.48900000000000005,16,19.9,0.801,8.5,33.1,41.6,22.4,8.1,4,12.8,20.6,105.6,16,82,19780,39.9,85.2,0.46900000000000003,10.4,27.3,0.38,29.6,57.9,0.51,18.6,24,0.772,9.6,38.5,48,22.9,7,3.7,16.1,20.9,108.8
2017,New York Knicks,24,27.3,31,51,31,51,-3.67,-0.2,-3.8699999999999997,107.7,111.5,-3.8,96,0.23900000000000002,0.279,0.534,NA,0.496,12.4,26.6,0.188,0.511,11.7,74.1,0.21400000000000002,,810741,19774,FALSE,82,19855,40.9,91.4,0.447,8.9,25.5,0.348,32,65.9,0.48500000000000004,17.2,21.8,0.7879999999999999,12.4,34.3,46.7,22.5,7.3,5.7,14.3,21,107.7,26,82,19855,41,90.2,0.455,10.2,29.1,0.348,30.9,61.1,0.506,19.3,25,0.771,12,34.2,46.2,22.5,7.7,4.7,13.3,19.1,111.5
2017,Sacramento Kings,25,27.9,32,50,31,51,-3.88,0.58,-3.29,107.3,111.3,-4,94.9,0.28400000000000003,0.29100000000000004,0.556,NA,0.516,13.7,21,0.22,0.528,12.9,76.3,0.227,,721928,17608,FALSE,82,19880,39.5,85.7,0.461,9.4,24.9,0.376,30.1,60.8,0.496,18.9,24.3,0.775,9.1,33.7,42.8,23.5,8,4.1,15.3,21.2,107.3,25,82,19880,40.1,86.8,0.462,11.4,31.3,0.364,28.7,55.5,0.517,19.7,25.3,0.778,10.5,34.2,44.7,24.7,8.8,5.3,14.6,20.9,111.3
2017,Phoenix Suns,26,25,24,58,27,55,-5.63,0.49,-5.14,106.6,112.2,-5.6,100.3,0.29700000000000004,0.255,0.538,NA,0.493,13.4,26,0.231,0.525,13.1,76.4,0.264,,708639,17134,FALSE,82,19830,39.5,87.6,0.45,7.4,22.4,0.33199999999999996,32,65.3,0.491,20.2,26.1,0.776,11.8,32.7,44.5,19.4,8.1,4.8,15.3,24.5,106.6,28,82,19830,39.8,85.3,0.467,10,26.1,0.382,29.9,59.3,0.504,22.5,28.8,0.7829999999999999,10.1,33.5,43.6,21.9,8,5.3,14.7,22,112.2
2017,Philadelphia 76ers,27,24.6,28,54,26,56,-5.7,-0.14,-5.83,103.2,108.9,-5.7,98.5,0.258,0.349,0.539,NA,0.501,14.9,22.4,0.199,0.512,13.5,75.3,0.234,,710557,17331,FALSE,82,19830,37.9,85.9,0.442,10.2,30,0.33999999999999997,27.7,55.9,0.496,17.1,22.2,0.771,9.9,33.2,43.2,23.9,8.5,5.2,16.8,22,103.2,17,82,19830,39.8,86.5,0.461,9,25.1,0.357,30.9,61.4,0.503,20.3,26.2,0.773,10.9,34.4,45.3,22.8,8.6,5.5,15.2,19.8,108.9
2017,Brooklyn Nets,28,26,20,62,24,58,-6.73,-0.01,-6.74,104.1,110.7,-6.6,101.3,0.28900000000000003,0.371,0.551,NA,0.507,14.7,19.6,0.228,0.513,11.6,76.1,0.21200000000000002,,632608,15429,FALSE,82,19755,37.2,83.8,0.444,10.5,31.1,0.33799999999999997,26.7,52.7,0.506,19.1,24.2,0.7879999999999999,8.7,34.5,43.2,21.1,7.1,4.6,16.3,20.7,104.1,23,82,19755,41,89.4,0.458,9.8,26.8,0.366,31.2,62.6,0.498,19,24.6,0.772,10.8,35.6,46.4,22.7,9.4,5.5,13.1,20,110.7
2017,Orlando Magic,29,25.3,29,53,24,58,-6.57,-0.04,-6.609999999999999,103.7,110.5,-6.8,96.8,0.24600000000000002,0.3,0.524,NA,0.48900000000000005,12.1,21.6,0.184,0.523,11.9,77.4,0.201,,727875,17753,FALSE,82,19805,39.3,89.3,0.44,8.8,26.8,0.328,30.5,62.5,0.48800000000000004,16.4,21.9,0.747,10.1,34.2,44.3,22.8,7.3,5,13.7,19.8,103.7,22,82,19805,41.3,88.6,0.467,9.9,27,0.367,31.4,61.6,0.51,17.8,23.3,0.766,10,36.7,46.7,24.2,7.8,5.2,13.4,19.2,110.5
2017,Los Angeles Lakers,30,25.1,26,56,24,58,-6.88,0.58,-6.29,106,113,-7,98.5,0.259,0.29500000000000004,0.537,NA,0.501,13.5,25,0.195,0.542,13,75.8,0.21300000000000002,,776917,18949,FALSE,82,19705,39.9,88.6,0.45,9,26.1,0.346,30.8,62.5,0.493,17.3,22.9,0.754,11.5,32.6,44.1,21.2,8.3,4,15.4,21,106,30,82,19705,42.1,87.2,0.48300000000000004,10.3,27.8,0.37,31.8,59.4,0.536,18.5,24.3,0.762,10.4,34.6,45.1,26.1,8.6,5.4,14.7,18.8,113
2018,Houston Rockets,1,29.8,65,17,61,21,8.48,-0.27,8.209999999999999,114.7,106.1,8.6,97.6,0.29800000000000004,0.502,0.59,NA,0.551,12.7,21.3,0.233,0.521,13.4,79.9,0.171,,732722,17871,TRUE,82,19755,39.5,86,0.46,15.6,43.2,0.362,23.9,42.8,0.558,20,25.7,0.7809999999999999,9.2,35.2,44.4,22,8.7,4.9,14.1,19.9,114.7,6,82,19755,40.4,87.4,0.462,10.3,29.5,0.351,30.1,57.9,0.519,15,20.1,0.746,8.8,34.1,42.9,22.9,7.6,4.5,14.9,20.8,106.1
2018,Toronto Raptors,2,25.8,59,23,60,22,7.78,-0.49,7.29,113.8,105.9,7.9,97.4,0.25,0.377,0.5750000000000001,NA,0.539,12.1,23,0.198,0.501,13,77.7,0.21200000000000002,,813431,19840,TRUE,82,19830,42,89.1,0.47200000000000003,12,33.6,0.358,30,55.5,0.541,17.7,22.2,0.7939999999999999,9.9,34.9,44.8,24.8,7.8,6.2,13.6,22.2,113.8,5,82,19830,39.1,87.2,0.449,9.1,25.4,0.357,30.1,61.8,0.48600000000000004,18.5,24.1,0.767,10,33.2,43.2,22.2,7.3,5,14.6,20.3,105.9
2018,Golden State Warriors,3,28.8,58,24,56,26,5.98,-0.19,5.79,113.6,107.7,5.9,99.6,0.23900000000000002,0.33899999999999997,0.603,NA,0.5690000000000001,14.1,21,0.195,0.504,12.6,76.3,0.186,,803436,19596,TRUE,82,19730,42.9,85.3,0.503,11.3,28.9,0.391,31.6,56.3,0.56,16.6,20.4,0.8150000000000001,8.4,35.1,43.6,29.3,8,7.5,15.5,19.6,113.6,11,82,19730,40.3,90.1,0.447,10.4,29.2,0.357,29.8,60.9,0.49,16.7,22.1,0.758,10.9,31.7,42.6,23.6,8.8,3.7,14.4,18.5,107.7
2018,Utah Jazz,4,26.7,48,34,53,29,4.3,0.17,4.470000000000001,108.4,103.9,4.5,95.7,0.26,0.357,0.5640000000000001,NA,0.527,13.7,21.5,0.202,0.506,14,79.8,0.19,,734806,17922,TRUE,82,19755,39.8,86.3,0.462,11.3,30.8,0.366,28.6,55.5,0.515,17.5,22.4,0.779,9.4,35.6,45,23.3,9,5.3,15.3,20.4,108.4,2,82,19755,38.8,86.4,0.449,9.9,27,0.365,28.9,59.3,0.48800000000000004,16.4,21.3,0.771,9,34.3,43.3,20.8,8.6,4.8,15.5,21.4,103.9
2018,Philadelphia 76ers,5,25.8,52,30,53,29,4.5,-0.2,4.3,109.5,105,4.5,99.8,0.263,0.344,0.5680000000000001,NA,0.535,14.6,25.3,0.198,0.492,12.6,78.6,0.21800000000000003,,833503,20361,TRUE,82,19780,40.7,86.3,0.47200000000000003,11,29.7,0.369,29.8,56.6,0.526,17.1,22.7,0.752,10.9,36.4,47.3,27,8.3,5.1,16.4,22,109.5,4,82,19780,37.9,87.4,0.43400000000000005,10.1,29.5,0.34199999999999997,27.9,57.8,0.48200000000000004,19,25.6,0.745,9.9,32.1,42.1,21.7,8.5,5.1,14.3,20.3,105
2018,Boston Celtics,6,24.7,55,27,51,31,3.59,-0.35,3.23,107.6,103.9,3.7,96,0.24300000000000002,0.357,0.552,NA,0.518,12.9,21.5,0.188,0.495,13,78.4,0.191,,763584,18624,TRUE,82,19805,39.6,88,0.45,11.8,31.4,0.377,27.8,56.6,0.491,16.5,21.4,0.771,9.7,36.3,46,23.2,7.6,4.7,14.5,20.4,107.6,1,82,19805,38.7,88,0.44,9.7,28.6,0.33899999999999997,29,59.3,0.48800000000000004,16.8,22.1,0.763,10,35.4,45.4,22,7.5,4.6,14.6,19.8,103.9
2018,Oklahoma City Thunder,7,27.3,48,34,50,32,3.4099999999999997,0,3.42,110.7,107.2,3.5,96.7,0.275,0.345,0.546,NA,0.514,12.4,27.7,0.197,0.525,14.7,77.4,0.193,,746322,18203,TRUE,82,19830,40.9,90.4,0.453,11,31.2,0.354,29.9,59.2,0.505,17.8,24.8,0.716,12.8,33.4,46.2,21.9,9.3,5.2,14.4,20.7,110.7,9,82,19830,39.5,86.2,0.458,11.5,31.4,0.367,28,54.8,0.511,16.7,21.7,0.769,9.8,33.5,43.3,23.9,7.9,4.7,16.4,21.9,107.2
2018,San Antonio Spurs,8,29.3,47,35,49,33,2.8899999999999997,0,2.8899999999999997,107.9,104.8,3.1,95,0.24500000000000002,0.28200000000000003,0.543,NA,0.507,12.2,23.7,0.189,0.507,13.2,78.6,0.17,,754562,18404,TRUE,82,19730,41,89.6,0.457,8.9,25.3,0.352,32.1,64.3,0.499,17,22,0.772,10.9,35.6,46.4,23.9,8,5.9,13.8,18,107.9,3,82,19730,40.1,88.5,0.453,9.6,27.6,0.348,30.5,60.9,0.501,15,19.8,0.759,9.7,35,44.6,22.9,8,4.1,14.8,20.7,104.8
2018,Portland Trail Blazers,9,25.6,49,33,48,34,2.6,0,2.6,109.1,106.4,2.7,96.5,0.24000000000000002,0.324,0.549,NA,0.511,12.3,23.3,0.192,0.503,11.7,79.1,0.193,,795750,19409,TRUE,82,19755,40.6,89.8,0.452,10.6,29.1,0.366,29.9,60.7,0.493,17.3,21.6,0.8,10.5,36.4,46.9,20.1,7.2,5.3,14,20.1,109.1,8,82,19755,39.6,88.7,0.447,10,27.4,0.364,29.6,61.2,0.48400000000000004,17.2,22.7,0.755,9.6,34.7,44.3,20.8,7.6,5.3,13,19.7,106.4
2018,Minnesota Timberwolves,10,27.1,47,35,47,35,2.23,0.12000000000000001,2.3499999999999996,113.4,111.1,2.3,96,0.28,0.261,0.5660000000000001,NA,0.523,11.4,24.4,0.225,0.539,13.9,76.4,0.189,,699308,17056,TRUE,82,19805,42.5,89.2,0.47600000000000003,8.3,23.3,0.357,34.2,65.9,0.519,20.1,25,0.804,10.7,32.7,43.4,23.5,8.7,4.4,12.9,18.9,113.4,27,82,19805,41.6,87.6,0.47500000000000003,11.2,30.7,0.366,30.4,57,0.534,16.6,21.2,0.779,10.1,33.2,43.3,24.8,6.7,4.8,15.6,21.6,111.1
2018,Denver Nuggets,11,25.1,46,36,45,37,1.48,0.09,1.57,112.5,111,1.5,96.8,0.258,0.357,0.5700000000000001,NA,0.536,13.4,25.7,0.198,0.539,12.6,77.5,0.17300000000000001,,702796,17141,FALSE,82,19880,41.6,88.6,0.47000000000000003,11.7,31.6,0.371,29.9,56.9,0.525,17.5,22.8,0.767,11.2,34.3,45.5,25.7,7.8,5,15.3,19.1,112.5,26,82,19880,42.2,88.7,0.47600000000000003,11.1,29.5,0.378,31.1,59.2,0.525,15.4,20.8,0.738,10,32.6,42.6,25.3,8.2,4.9,14.1,21.2,111
2018,Indiana Pacers,12,26.2,48,34,45,37,1.3800000000000001,-0.2,1.1800000000000002,109.5,108.1,1.4,96,0.222,0.28400000000000003,0.557,NA,0.525,12.3,22.7,0.17300000000000001,0.527,14.2,76.2,0.17400000000000002,,658119,16052,TRUE,82,19755,42.3,89.6,0.47200000000000003,9.4,25.4,0.369,32.9,64.2,0.513,15.5,19.9,0.779,10,33.9,43.9,23,9.1,4.3,13.8,19.5,109.5,13,82,19755,40.9,87.9,0.465,11,31.6,0.349,29.9,56.4,0.53,15.3,20.3,0.757,10.6,34,44.5,24.1,7.3,5.4,16.1,19.2,108.1
2018,New Orleans Pelicans,13,27.6,48,34,44,38,1.3,0.18,1.48,109.6,108.3,1.3,100.5,0.23700000000000002,0.319,0.5730000000000001,NA,0.541,13.3,20,0.183,0.513,12.5,76.7,0.17500000000000002,,673920,16437,TRUE,82,19955,41.9,86.6,0.48300000000000004,10,27.7,0.362,31.9,59,0.54,15.8,20.5,0.772,8.5,35,43.5,26.3,7.9,5.8,14.6,18.8,109.6,14,82,19955,40.9,90.2,0.454,10.7,30,0.355,30.3,60.2,0.503,15.8,20.1,0.7839999999999999,10.6,34,44.6,23.3,8,4.1,14.2,20,108.3
2018,Cleveland Cavaliers,14,30.6,50,32,43,39,0.9400000000000001,-0.35,0.59,112.9,111.9,1,98,0.275,0.379,0.584,NA,0.547,12.6,20.1,0.21400000000000002,0.54,12.2,77.3,0.166,,843042,20562,TRUE,82,19730,41.1,86.3,0.47600000000000003,12.2,32.7,0.372,28.9,53.6,0.54,18.5,23.7,0.779,8.6,34.3,42.9,23.8,7.2,3.9,14,18.9,112.9,29,82,19730,42.6,89.9,0.47400000000000003,11.9,32.2,0.368,30.7,57.6,0.533,14.9,19.7,0.756,10.1,34.3,44.4,26.3,7.6,4.2,13.7,21.1,111.9
2018,Washington Wizards,15,26.9,43,39,43,39,0.59,-0.06,0.53,109.3,108.7,0.6,96.6,0.254,0.31,0.56,NA,0.525,13.3,23.5,0.196,0.522,13.6,77.1,0.21200000000000002,,739302,18032,TRUE,82,19855,41,87.8,0.467,10.2,27.2,0.375,30.8,60.6,0.508,17.2,22.3,0.772,10.3,33.9,44.2,25.8,8.1,4.4,15,21.8,109.3,15,82,19855,40,86.5,0.462,10.4,29.9,0.349,29.5,56.6,0.522,18.4,24.2,0.761,10.1,33.5,43.6,22.9,8,4.8,15.3,20.5,108.7
2018,Miami Heat,16,26.5,44,38,42,40,0.48000000000000004,-0.32999999999999996,0.15000000000000002,106.8,106.3,0.5,95.6,0.229,0.358,0.551,NA,0.52,13.3,21.5,0.17300000000000001,0.507,13.1,79,0.21500000000000002,,804850,19630,TRUE,82,19930,40.1,88.1,0.455,11.4,31.6,0.36,28.7,56.6,0.508,15.2,20.2,0.755,9.6,35.3,44.9,23.5,7.8,5.5,14.8,20.8,106.8,7,82,19930,38.9,86.6,0.45,9.9,27.5,0.36,29,59.1,0.491,18.6,23.7,0.7829999999999999,9.4,35.2,44.5,21.7,7.8,4.8,14.6,20,106.3
2018,Charlotte Hornets,17,26.6,36,46,42,40,0.26,-0.19,0.07,109.4,109.1,0.3,98.4,0.312,0.314,0.549,NA,0.508,11.4,22.2,0.233,0.532,12.4,80.7,0.165,,671404,16376,FALSE,82,19780,39.4,87.6,0.45,10.2,27.5,0.369,29.3,60.1,0.48700000000000004,20.4,27.3,0.747,10.2,35.8,46,21.8,6.9,4.6,12.8,17.4,109.4,16,82,19780,41.5,88.8,0.468,11.4,30.4,0.375,30.1,58.3,0.516,14.6,18.4,0.7949999999999999,8.5,35.6,44.2,25,6.7,5,13.7,22.7,109.1
2018,Los Angeles Clippers,18,27,42,40,41,41,0.04,0.11,0.15000000000000002,110.3,110.2,0.1,98.7,0.29900000000000004,0.314,0.5640000000000001,NA,0.527,13.2,23.5,0.222,0.52,12.6,76.1,0.203,,697812,17020,FALSE,82,19705,40.7,86.4,0.47100000000000003,9.6,27.1,0.354,31.2,59.3,0.525,19.2,25.8,0.743,10.3,34.1,44.4,22.6,7.7,4.6,14.9,20.2,110.3,20,82,19705,40.7,88.8,0.458,10.9,30.6,0.356,29.8,58.2,0.512,18,23,0.7819999999999999,10.7,33.4,44.1,24.9,8.6,5.7,14.2,22.2,110.2
2018,Detroit Pistons,19,25.9,39,43,41,41,-0.15000000000000002,-0.11,-0.26,107.2,107.3,-0.1,96.2,0.227,0.33299999999999996,0.543,NA,0.512,12.3,22.7,0.169,0.524,13.7,78.5,0.17200000000000001,,713945,17413,FALSE,82,19805,40.4,89.8,0.45,11.2,29.9,0.373,29.2,59.9,0.48800000000000004,15.2,20.4,0.745,10.5,34.7,45.2,23.5,7.9,4,13.9,19,107.2,10,82,19805,40.4,88,0.459,11.4,31.8,0.359,28.9,56.2,0.515,15.1,19.5,0.776,9.5,35.7,45.2,26,7.5,5,15.3,19,107.3
2018,Milwaukee Bucks,20,25.9,44,38,40,42,-0.3,-0.15000000000000002,-0.45,109.8,110.1,-0.3,96.3,0.281,0.29700000000000004,0.5710000000000001,NA,0.531,12.9,20.4,0.22,0.528,14.2,75.9,0.22,,685303,16856,TRUE,82,19830,41,85.6,0.47800000000000004,9,25.4,0.355,31.9,60.1,0.531,18.8,24.1,0.7829999999999999,8.7,32.4,41.1,24,9.1,5.6,14.3,22,109.8,18,82,19830,40.3,86.3,0.468,10.4,28,0.372,29.9,58.3,0.513,19,24.2,0.7829999999999999,10.3,33.8,44,24.4,7.4,4.6,16.1,20.5,110.1
2018,Los Angeles Lakers,21,23.7,35,47,37,45,-1.55,0.11,-1.44,106.5,108,-1.5,100.3,0.264,0.329,0.548,NA,0.517,13.8,23.6,0.188,0.514,12.5,77.7,0.19,,776327,18935,FALSE,82,19905,40.1,87.1,0.461,9.9,28.6,0.345,30.2,58.4,0.517,16.4,23,0.714,10.5,35.2,45.7,23.4,7.6,4.7,15.6,20.9,106.5,12,82,19905,40.4,88.6,0.456,10.3,29.7,0.346,30.2,58.9,0.512,16.8,22.1,0.761,10.1,34.1,44.2,23.2,8.2,5.4,14.1,20.2,108
2018,Dallas Mavericks,22,27.7,24,58,33,49,-3.04,0.33999999999999997,-2.7,106.3,109.5,-3.2,95.6,0.21700000000000003,0.382,0.544,NA,0.513,11.5,18,0.166,0.532,12.8,78.9,0.193,,811453,19792,FALSE,82,19805,39.6,89.2,0.444,12.3,34.1,0.36,27.4,55.2,0.496,14.8,19.4,0.763,8.4,34.4,42.9,23.5,7.3,3.9,12.8,20,106.3,17,82,19805,40.8,87.1,0.46900000000000003,11.1,30.6,0.363,29.7,56.5,0.526,16.8,22.2,0.757,9.2,38.4,47.6,24.4,7.5,4.7,14.3,20.3,109.5
2018,New York Knicks,23,26.3,29,53,32,50,-3.56,0.03,-3.53,107.1,110.7,-3.6,96.8,0.21600000000000003,0.266,0.544,NA,0.51,13.3,24.1,0.17,0.522,12.1,76.7,0.20800000000000002,,792608,19332,FALSE,82,19830,41.7,89.9,0.464,8.4,23.9,0.352,33.3,66,0.504,15.3,19.5,0.7869999999999999,10.7,34.4,45.1,23.9,6.9,5.3,15.1,21,107.1,23,82,19830,40.4,88.5,0.457,11.5,31.2,0.368,28.9,57.3,0.505,18.4,23.8,0.774,10.5,33.8,44.2,24.6,8.4,4.9,13.7,18.9,110.7
2018,Brooklyn Nets,24,25.1,28,54,31,51,-3.74,0.07,-3.67,106.9,110.6,-3.7,98.9,0.26,0.41100000000000003,0.551,NA,0.514,13.6,21,0.201,0.517,11,77,0.201,,640010,15376,FALSE,82,19855,38.3,87,0.441,12.7,35.7,0.356,25.6,51.2,0.5,17.5,22.6,0.772,9.7,34.9,44.6,23.7,6.3,4.8,15.2,20.6,106.9,22,82,19855,41.8,89.7,0.466,9.1,24.6,0.369,32.7,65.1,0.503,18,23.5,0.766,10.4,36.4,46.9,21.8,7.7,5.5,12.4,19.7,110.6
2018,Orlando Magic,25,25.6,25,57,28,54,-4.819999999999999,-0.1,-4.92,105.2,110.1,-4.9,98.1,0.23800000000000002,0.34199999999999997,0.545,NA,0.512,13.3,20,0.18,0.525,12.8,75.6,0.187,,734531,17915,FALSE,82,19730,39.5,87.4,0.452,10.5,29.8,0.351,29,57.5,0.504,15.8,20.8,0.757,9,33.4,42.4,23.8,7.7,5,14.8,19.6,105.2,19,82,19730,41.6,89,0.468,10.2,28,0.362,31.5,61,0.516,16.7,21.6,0.773,10.8,35.9,46.6,24.8,7.9,5,14.5,19.3,110.1
2018,Atlanta Hawks,26,25.4,24,58,27,55,-5.45,0.15000000000000002,-5.3,105,110.6,-5.6,98.3,0.23600000000000002,0.363,0.547,NA,0.512,14.1,21.1,0.185,0.536,13.6,76.2,0.183,,590769,14409,FALSE,82,19705,38.8,87,0.446,11.4,31.5,0.36,27.4,55.4,0.495,16.1,20.5,0.7849999999999999,9.2,33.4,42.6,24.1,7.9,4.3,15.8,19.9,105,21,82,19705,41.4,88.1,0.46900000000000003,11.8,31.2,0.377,29.6,56.9,0.52,16.1,20.9,0.772,10.4,34.5,44.9,26.5,8.8,5.6,15.3,20.6,110.6
2018,Memphis Grizzlies,27,26,22,60,25,57,-6.21,0.39,-5.81,104.5,111,-6.5,94.9,0.255,0.317,0.539,NA,0.5,14,22.4,0.201,0.529,13.8,76.5,0.256,,653863,15948,FALSE,82,19705,38.7,87.1,0.444,9.7,27.6,0.352,28.9,59.5,0.48600000000000004,17.5,22.2,0.7859999999999999,10,32.6,42.6,22.7,7.9,5.1,15.7,24.4,104.5,25,82,19705,39.1,84.5,0.462,11.2,30.5,0.368,27.9,54,0.516,21.7,28.2,0.769,10,34.7,44.7,23.3,8.5,5.4,15.5,21.5,111
2018,Chicago Bulls,28,24.4,27,55,23,59,-7.04,0.2,-6.84,103.8,110.9,-7.1,98.3,0.21600000000000003,0.35,0.529,NA,0.497,12.6,20.6,0.164,0.542,12.4,80.6,0.184,,851824,20776,FALSE,82,19855,39,89.6,0.43500000000000005,11.1,31.3,0.355,27.8,58.2,0.47800000000000004,14.7,19.4,0.759,9.7,35.3,45,23.6,7.7,3.6,14.1,19.3,103.8,24,82,19855,41.3,87.5,0.47200000000000003,12.2,32.9,0.37,29.1,54.5,0.534,16.1,20.4,0.7869999999999999,8.5,37.5,46,26.1,7.2,5.2,13.7,17.5,110.9
2018,Sacramento Kings,29,26.4,27,55,23,59,-6.99,0.39,-6.6,103.7,111.1,-7.4,94.9,0.194,0.278,0.529,NA,0.502,12.8,21.5,0.14300000000000002,0.542,13.5,77.6,0.199,,714680,17431,FALSE,82,19755,40.7,90.4,0.45,9.4,25.2,0.375,31.2,65.2,0.47900000000000004,12.9,17.6,0.735,9.9,33,42.9,22.6,8.2,4.4,14.4,21,103.7,28,82,19755,40.7,86.5,0.47000000000000003,12.5,33.1,0.377,28.2,53.4,0.527,17.2,22.5,0.765,9.5,36.4,45.9,24.8,8.1,5,15,18.2,111.1
2018,Phoenix Suns,30,23.7,21,61,19,63,-9.370000000000001,0.5700000000000001,-8.8,103.5,112.9,-9.4,100.3,0.275,0.32,0.532,NA,0.495,13.9,22.5,0.203,0.533,11.9,76.5,0.21200000000000002,,690576,16843,FALSE,82,19705,38.3,86.7,0.442,9.3,27.8,0.33399999999999996,29,59,0.492,17.7,23.8,0.741,10.2,33.7,43.9,21.2,6.9,4.5,15.7,22,103.5,30,82,19705,41.6,88.4,0.47100000000000003,10.9,29.1,0.373,30.7,59.2,0.519,18.7,24.5,0.766,10.4,35.3,45.7,23.2,8.6,5.9,13.3,20.8,112.9
2019,Milwaukee Bucks,1,26.9,60,22,61,21,8.870000000000001,-0.8200000000000001,8.04,113.8,105.2,8.6,103.3,0.255,0.41900000000000004,0.583,NA,0.55,12,20.8,0.197,0.503,11.5,80.3,0.162,,721692,17602,TRUE,82,19780,41.8,87.8,0.47600000000000003,13,36.8,0.353,28.8,50.9,0.5650000000000001,17.3,22.4,0.773,9,39,47.9,25.1,7.2,5.7,13.4,18.9,113.8,1,82,19780,39,90.1,0.43300000000000005,12.6,35,0.361,26.4,55.1,0.47900000000000004,14.6,19.9,0.733,9.6,34.1,43.6,23.9,6.5,4.6,12.9,19.4,105.2
2019,Golden State Warriors,2,28.4,57,25,56,26,6.46,-0.04,6.42,115.9,109.5,6.4,100.9,0.227,0.384,0.596,NA,0.5650000000000001,12.6,22.5,0.182,0.508,11.7,77.1,0.20500000000000002,,803436,19596,TRUE,82,19805,43.4,88.4,0.491,13.1,33.9,0.385,30.3,54.5,0.557,16.1,20.1,0.801,9.6,35.9,45.5,29,7.5,6.3,14,21.1,115.9,12,82,19805,39.8,89.7,0.444,11.5,33.1,0.347,28.3,56.7,0.5,18.4,23.9,0.773,10.6,33,43.7,23.9,7.6,3.5,13.3,19.2,109.5
2019,Toronto Raptors,3,27.3,58,24,56,26,6.09,-0.6,5.49,113.1,107.1,6,100.2,0.24700000000000003,0.379,0.5790000000000001,NA,0.543,12.4,21.9,0.198,0.509,13.1,77.1,0.19,,812822,19825,TRUE,82,19880,41.7,88.1,0.47400000000000003,12.2,33.4,0.366,29.5,54.7,0.539,17.5,21.7,0.804,9.5,35.2,44.7,25.1,8.2,5.3,13.9,20.8,113.1,5,82,19880,39.8,88.6,0.449,10.6,30.8,0.345,29.2,57.8,0.505,16.9,22,0.765,10.5,33.8,44.3,24.3,7.5,4.4,14.8,20.3,107.1
2019,Utah Jazz,4,27.3,50,32,54,28,5.26,0.03,5.28,110.9,105.7,5.2,100.3,0.29500000000000004,0.394,0.5720000000000001,NA,0.538,13.4,22.9,0.21700000000000003,0.507,12.4,80.3,0.189,,750546,18306,TRUE,82,19755,40.1,85.8,0.468,12,33.8,0.356,28.1,52,0.541,18.7,25.3,0.736,9.9,36.1,46,25.8,8,5.8,15,20.9,110.9,2,82,19755,39.7,87.8,0.452,9.8,27.5,0.355,29.9,60.3,0.496,16.6,22.1,0.753,8.9,33.5,42.3,21.4,8.4,4.6,13.8,22.2,105.7
2019,Houston Rockets,5,29.2,53,29,53,29,4.7700000000000005,0.19,4.96,115.5,110.7,4.8,97.9,0.279,0.519,0.581,NA,0.542,12,22.8,0.221,0.525,13.4,74.4,0.21000000000000002,,740392,18058,TRUE,82,19830,39.8,88.6,0.449,16.4,46,0.356,23.4,42.6,0.551,19.6,24.7,0.7909999999999999,10.3,32.3,42.7,21.5,8.7,5,13.5,22.3,115.5,17,82,19830,41,87.9,0.466,10.3,30.2,0.33999999999999997,30.7,57.7,0.532,18.5,24,0.768,11.1,34.9,46.1,23.9,7.5,4.6,15.2,20.3,110.7
2019,Boston Celtics,6,25.7,49,33,52,30,4.44,-0.54,3.9,112.2,107.8,4.4,99.6,0.21500000000000002,0.381,0.5670000000000001,NA,0.534,11.5,21.6,0.17300000000000001,0.514,13.4,77,0.198,,763584,18624,TRUE,82,19780,42,90.4,0.465,12.6,34.4,0.365,29.5,55.9,0.527,15.6,19.5,0.802,9.8,34.7,44.5,26.2,8.6,5.3,12.8,20.3,112.2,7,82,19780,39.4,87.9,0.448,11.5,33.5,0.344,27.9,54.5,0.513,17.4,22.8,0.764,10.4,35.5,45.8,23.6,6.8,3.9,15.1,19.5,107.8
2019,Portland Trail Blazers,7,26.2,53,29,51,31,4.2,0.24000000000000002,4.430000000000001,114.7,110.5,4.2,99.1,0.258,0.33899999999999997,0.5680000000000001,NA,0.528,12.1,26.6,0.21000000000000002,0.516,11,77.9,0.195,,799345,19496,TRUE,82,19855,42.3,90.6,0.467,11,30.7,0.359,31.3,59.8,0.523,19,23.3,0.8140000000000001,11.8,36.2,48,23,6.7,5,13.8,20.4,114.7,16,82,19855,41.1,90.1,0.457,10.7,29.8,0.359,30.4,60.3,0.505,17.5,22.8,0.77,10.3,32.6,42.8,23.2,7.4,5.1,12.4,20.7,110.5
2019,Denver Nuggets,8,24.9,54,28,51,31,3.9499999999999997,0.24000000000000002,4.1899999999999995,113,108.9,4.1,97.7,0.232,0.348,0.558,NA,0.527,11.9,26.6,0.17500000000000002,0.521,12.3,78,0.194,,756457,18450,TRUE,82,19730,42.8,91.9,0.466,11.2,32,0.351,31.6,59.9,0.527,16.1,21.3,0.755,12.1,35.3,47.3,27.9,7.9,4.5,13.7,20.5,113,10,82,19730,40.4,88.2,0.458,11,32.6,0.33899999999999997,29.4,55.6,0.528,17.1,22.7,0.753,9.9,33.4,43.4,25.1,7.6,5.1,13.8,20.8,108.9
2019,Indiana Pacers,9,27,48,34,50,32,3.3299999999999996,-0.5700000000000001,2.7600000000000002,109.9,106.5,3.4,98.1,0.24200000000000002,0.29200000000000004,0.561,NA,0.53,12.4,21.9,0.182,0.516,14.1,76.2,0.184,,689310,16812,TRUE,82,19705,42.1,88.6,0.47500000000000003,9.7,25.8,0.374,32.4,62.7,0.517,16.1,21.4,0.752,9.5,34.3,43.8,26.4,8.8,5,13.9,19.8,109.9,3,82,19705,39.4,87.6,0.45,11.6,32.7,0.354,27.9,54.9,0.507,16.1,21.3,0.756,10.7,33.7,44.4,24.9,7.5,5.3,15.9,20.4,106.5
2019,Oklahoma City Thunder,10,25.7,49,33,50,32,3.4,0.15000000000000002,3.56,110.3,107,3.3,102.8,0.266,0.347,0.545,NA,0.514,11.7,26,0.19,0.523,14.4,78.2,0.20600000000000002,,746323,18203,TRUE,82,19855,41.1,90.6,0.454,11,31.5,0.348,30.1,59.1,0.51,17.2,24.1,0.713,12.1,34.2,46.3,22.5,9,5,13.5,21.6,110.3,4,82,19855,39.3,85.5,0.46,10.8,30.5,0.356,28.5,55,0.517,17.6,23.2,0.761,9.5,34.5,44,24,7.9,4.9,16.1,21.7,107
2019,Philadelphia 76ers,11,26.4,51,31,48,34,2.7,-0.44,2.25,112.6,110,2.6,101.6,0.312,0.34199999999999997,0.5740000000000001,NA,0.532,12.9,24.5,0.24100000000000002,0.512,11.1,78.6,0.20600000000000002,,838342,20447,TRUE,82,19805,40.6,86.2,0.47100000000000003,10.6,29.5,0.359,30,56.7,0.529,20.8,26.9,0.771,10.6,36.1,46.7,26.3,7.2,5.2,14.6,20.8,112.6,15,82,19805,40.8,89.5,0.455,10.1,29.4,0.34199999999999997,30.7,60.1,0.511,18.4,24,0.768,9.8,32.7,42.5,22.9,7.6,4,12.5,21.7,110
2019,San Antonio Spurs,12,28.8,48,34,45,37,1.6800000000000002,0.12000000000000001,1.8,112.9,111.2,1.7,98.3,0.23700000000000002,0.28600000000000003,0.5720000000000001,NA,0.534,11,21,0.194,0.528,11,79.4,0.17,,750616,18308,TRUE,82,19805,42.8,89.4,0.47800000000000004,10,25.5,0.392,32.7,63.8,0.513,17.4,21.2,0.8190000000000001,9.3,35.9,45.2,24.8,6.2,4.8,12.2,18.3,112.9,19,82,19805,42,90.7,0.463,11.8,33,0.359,30.1,57.7,0.522,15.4,20.4,0.755,9.3,35.1,44.4,25,7.3,4.1,12.3,19.9,111.2
2019,Los Angeles Clippers,13,27.2,48,34,43,39,0.8500000000000001,0.23,1.09,112.4,111.5,0.9,101.7,0.326,0.29500000000000004,0.5750000000000001,NA,0.529,12.7,22,0.258,0.514,11.4,76,0.224,,710327,17325,TRUE,82,19830,40.3,85.4,0.47100000000000003,9.8,25.2,0.388,30.5,60.2,0.507,22.1,27.8,0.7919999999999999,9.5,34.9,44.4,23.4,6.7,4.6,14.2,22.8,112.4,20,82,19830,40.7,89.1,0.457,10.1,29.5,0.34299999999999997,30.6,59.7,0.513,20,25.7,0.777,11,33.6,44.6,23.5,8.1,5.9,12.9,23.4,111.5
2019,Orlando Magic,14,25.7,42,40,43,39,0.71,-0.43000000000000005,0.28,108.9,108.1,0.8,98.1,0.21600000000000003,0.36,0.55,NA,0.518,11.9,22,0.168,0.515,11.8,79.7,0.186,,720024,17431,TRUE,82,19780,41,90.4,0.454,11.6,32.6,0.356,29.4,57.8,0.509,15.2,19.5,0.7819999999999999,10.2,35.9,46.1,25.9,6.7,5.5,13.4,18.9,108.9,8,82,19780,40.5,88.9,0.456,10.6,30.6,0.347,29.9,58.3,0.513,16.5,21.2,0.778,9.1,36.1,45.3,23.4,7.1,4.5,13.2,19,108.1
2019,Brooklyn Nets,15,25.4,42,40,41,41,-0.07,-0.32999999999999996,-0.4,109.6,109.7,-0.1,100.8,0.28400000000000003,0.403,0.556,NA,0.52,13,23.8,0.21100000000000002,0.512,11.6,76.4,0.19,,612597,14941,TRUE,82,19980,39.3,87.6,0.449,12.5,35.3,0.353,26.8,52.3,0.513,18.5,24.9,0.745,10.7,34.8,45.5,23.3,6.4,4,14.7,21,109.6,14,82,19980,41.2,90.3,0.456,10.1,29.6,0.34099999999999997,31.1,60.7,0.513,17.2,22.3,0.77,10.7,34.4,45.2,23.2,7.6,5.1,13.1,21.5,109.7
2019,Detroit Pistons,16,26.9,41,41,40,42,-0.24000000000000002,-0.31,-0.56,109,109.2,-0.2,97.4,0.262,0.394,0.544,NA,0.509,12.3,24.8,0.195,0.526,12.8,78.7,0.21100000000000002,,675963,16487,TRUE,82,19855,39.5,89.9,0.44,12.3,35.4,0.348,27.2,54.4,0.5,17.6,23.5,0.747,11.6,34.2,45.8,22.9,7.1,4.1,14.1,22.5,109,11,82,19855,40.6,86.5,0.46900000000000003,9.8,28.3,0.345,30.9,58.2,0.53,18.3,24.2,0.755,9.3,35.2,44.5,24.1,7,5.2,14.3,21.7,109.2
2019,Miami Heat,17,27,39,43,40,42,-0.23,-0.22,-0.45,107.3,107.6,-0.3,98.2,0.24700000000000003,0.368,0.542,NA,0.515,13.1,24.8,0.17200000000000001,0.51,12.7,77.6,0.201,,805264,19641,FALSE,82,19730,40.3,89.4,0.45,11.5,32.9,0.349,28.8,56.5,0.509,15.3,22.1,0.695,11.4,35.6,47.1,24.7,7.8,5.5,15,21.2,107.3,6,82,19730,38.9,88.1,0.441,12,33.6,0.358,26.8,54.5,0.493,17.7,23,0.769,10.3,34.6,44.9,23.7,7.6,4.8,14.4,20.5,107.6
2019,Sacramento Kings,18,24.8,39,43,38,44,-1.12,0.31,-0.81,110.4,111.5,-1.1,103.1,0.24400000000000002,0.321,0.554,NA,0.524,11.5,23.1,0.17700000000000002,0.533,13.6,75.5,0.20700000000000002,,700975,17097,FALSE,82,19730,41.8,90.1,0.464,10.9,29,0.378,30.8,61.1,0.504,16,22,0.726,10.7,33.2,43.9,24.6,8,4.3,12.9,20.7,110.4,21,82,19730,40.9,87.6,0.466,11.6,33.5,0.348,29.2,54.2,0.54,18.2,23.6,0.77,10.8,35.6,46.4,23.9,7.3,5,15.4,20.7,111.5
2019,Charlotte Hornets,19,26.6,39,43,38,44,-1.1,-0.22,-1.32,111.4,112.5,-1.1,98.7,0.257,0.378,0.554,NA,0.514,10.9,21.7,0.20500000000000002,0.538,12.1,77.1,0.17900000000000002,,676570,16502,FALSE,82,19830,40.4,90.3,0.448,12,34.1,0.351,28.4,56.1,0.507,18.5,23.2,0.7969999999999999,10,34.1,44,23.4,7.2,5,12.3,19,111.4,22,82,19830,42.1,89.6,0.47000000000000003,12.2,33.7,0.361,30,56,0.536,16,20.4,0.7869999999999999,10.1,35.9,46.1,26.2,6.9,6,13.6,20.7,112.5
2019,New Orleans Pelicans,20,25.7,33,49,38,44,-1.33,0.23,-1.1,111.4,112.6,-1.2,103.3,0.254,0.324,0.5630000000000001,NA,0.529,12.6,24.1,0.193,0.532,11.6,76.8,0.193,,656183,16004,FALSE,82,19755,42.1,89,0.47300000000000003,9.9,28.8,0.344,32.2,60.2,0.536,17.2,22.6,0.761,10.7,34.9,45.6,26.1,7.2,5.2,14.3,20.4,111.4,23,82,19755,41.7,89.5,0.466,11.8,32.5,0.364,29.9,57,0.525,17.3,22.7,0.764,10.6,33.6,44.1,25.6,8.3,5.2,13.1,20.3,112.6
2019,Dallas Mavericks,21,26.9,33,49,38,44,-1.28,0.42000000000000004,-0.8700000000000001,109.4,110.7,-1.3,99,0.29100000000000004,0.42200000000000004,0.555,NA,0.519,12.7,22.7,0.21600000000000003,0.522,11.6,77.5,0.191,,820569,20014,FALSE,82,19780,39,87.3,0.447,12.5,36.8,0.33999999999999997,26.5,50.5,0.524,18.9,25.5,0.742,10.2,35.4,45.6,23.5,6.5,4.3,14.3,20.2,109.4,18,82,19780,41.2,89.7,0.459,11.3,32.7,0.344,29.9,57,0.525,17.2,22.1,0.777,10.2,34.8,45.1,24.7,7.9,4.5,13.1,23.4,110.7
2019,Minnesota Timberwolves,22,26.2,36,46,37,45,-1.5,0.48000000000000004,-1.02,111.4,112.9,-1.5,100.2,0.267,0.315,0.552,NA,0.511,11.4,24.6,0.21000000000000002,0.538,12.9,74.9,0.19,,627543,15306,FALSE,82,19830,41.2,90.4,0.456,10,28.5,0.351,31.2,61.9,0.504,19,24.1,0.7869999999999999,11.2,33.2,44.4,24.4,8.3,5,13,20.1,111.4,24,82,19830,41.7,89.2,0.467,12.6,33.3,0.378,29.1,56,0.52,16.9,22.1,0.767,11.1,34.1,45.2,25.9,6.5,5.5,14.6,21.7,112.9
2019,Los Angeles Lakers,23,26.2,37,45,37,45,-1.72,0.39,-1.33,107.8,109.5,-1.7,103.2,0.257,0.34199999999999997,0.554,NA,0.527,13.4,22.2,0.18,0.516,12.2,76.4,0.192,,778877,18997,FALSE,82,19780,41.1,87.3,0.47000000000000003,10,29.9,0.33299999999999996,31.1,57.4,0.541,15.7,22.5,0.699,9.8,35.1,44.9,24.7,7.3,5.2,15.1,20,107.8,13,82,19780,40.4,89.5,0.452,11.4,32.7,0.349,29,56.8,0.511,17.2,21.9,0.7839999999999999,10.9,34.3,45.2,24.1,8,5,13.7,20.1,109.5
2019,Memphis Grizzlies,24,27.7,33,49,34,48,-2.6,0.51,-2.08,106.1,108.8,-2.7,96.6,0.272,0.34199999999999997,0.548,NA,0.508,12.9,20,0.21000000000000002,0.521,13.9,77.6,0.232,,638332,15569,FALSE,82,19880,38.9,86.5,0.45,10.1,29.6,0.34199999999999997,28.8,56.9,0.505,18.2,23.5,0.772,9,33.8,42.8,24.5,8.5,5.6,14.3,22.5,106.1,9,82,19880,38.5,85.4,0.451,11.9,33,0.36,26.6,52.5,0.508,19.8,25.3,0.7839999999999999,9.8,36,45.8,24,7.8,5,15.6,22,108.8
2019,Washington Wizards,25,26.5,32,50,34,48,-2.9,-0.4,-3.3,111.1,113.9,-2.8,101.4,0.266,0.37,0.5670000000000001,NA,0.531,12.3,21.3,0.20400000000000001,0.546,13.5,74.1,0.199,,716996,17448,FALSE,82,19930,41.1,87.8,0.468,11,32.4,0.34099999999999997,30,55.3,0.543,17.9,23.3,0.768,9.4,31.8,41.3,25.6,8.1,4.5,13.7,20.2,111.1,28,82,19930,42.3,88.2,0.48000000000000004,11.8,31.9,0.37,30.5,56.3,0.542,17.5,22.5,0.778,11.1,34.9,46,25.6,7.5,4.5,15.3,20.7,113.9
2019,Atlanta Hawks,26,25.1,29,53,27,55,-6.02,-0.04,-6.06,108.1,113.9,-5.8,103.9,0.255,0.403,0.555,NA,0.522,14.3,24.7,0.192,0.541,12.8,76.4,0.23700000000000002,,628440,15328,FALSE,82,19855,39.5,87.6,0.451,12.4,35.3,0.352,27.1,52.2,0.518,16.8,22.3,0.752,11.1,32.9,44,24.6,7.9,4.9,16.3,22.5,108.1,27,82,19855,40.8,86.3,0.47300000000000003,11.8,32.8,0.359,29,53.5,0.543,20.5,27,0.758,10.1,33.8,43.9,25.6,9.4,5.2,14.4,21.1,113.9
2019,Chicago Bulls,27,24,22,60,21,61,-8.41,0.1,-8.32,104.8,113.2,-8.4,99,0.23500000000000001,0.29500000000000004,0.541,NA,0.505,12.7,19.4,0.184,0.541,11.9,77.3,0.188,,823475,20085,FALSE,82,19905,39.8,87.8,0.453,9.1,25.9,0.351,30.7,61.9,0.496,16.2,20.6,0.7829999999999999,8.7,34.1,42.8,21.9,7.3,4.3,14.1,20.3,104.8,25,82,19905,42.2,89.1,0.47300000000000003,12.1,33,0.365,30.1,56.1,0.537,16.8,22,0.763,10,36.4,46.4,25.5,7.3,5.8,13.3,18.7,113.2
2019,New York Knicks,28,23.4,17,65,19,63,-9.209999999999999,0.28,-8.93,104.5,113.7,-9.2,99.6,0.27,0.33399999999999996,0.529,NA,0.49,12.4,22.1,0.20500000000000002,0.533,11.7,76.1,0.203,,779087,19002,FALSE,82,19780,38.2,88.2,0.43300000000000005,10,29.5,0.33999999999999997,28.2,58.7,0.47900000000000004,18.1,23.8,0.759,10.4,34.2,44.7,20.1,6.8,5.1,14,20.9,104.5,26,82,19780,41.8,89.6,0.467,11.8,32.6,0.363,30,57,0.527,18.2,23.7,0.766,10.7,36.7,47.5,25.6,7.4,5.6,13.2,20.8,113.7
2019,Phoenix Suns,29,24,19,63,19,63,-9.34,0.73,-8.61,105.9,115.1,-9.2,100.5,0.259,0.33499999999999996,0.552,NA,0.514,13.8,20.5,0.202,0.545,13.5,72.5,0.23600000000000002,,627023,15293,FALSE,82,19880,39.5,86,0.459,9.5,28.8,0.329,30,57.2,0.525,17.4,22.3,0.779,9,30.8,39.8,23.5,8.8,5,15.4,23.2,105.9,29,82,19880,41.8,86.8,0.48200000000000004,11,29.5,0.372,30.9,57.4,0.538,20.5,27.2,0.753,11.7,34.8,46.5,25.5,8.9,4.9,15.4,20.3,115.1
2019,Cleveland Cavaliers,30,25.2,19,63,19,63,-9.61,0.22,-9.39,107.7,117.6,-9.9,96.6,0.23600000000000002,0.33199999999999996,0.54,NA,0.503,12.2,23.7,0.187,0.5640000000000001,11.5,77,0.181,,793337,19350,FALSE,82,19755,40.1,90.3,0.444,10.6,30,0.355,29.4,60.3,0.48800000000000004,16.9,21.3,0.7919999999999999,11,32.9,44,21.3,6.7,2.5,13.9,20.6,107.7,30,82,19755,44.5,89.9,0.495,12.4,32.6,0.38,32.1,57.3,0.561,16.3,21.1,0.77,9.8,35.6,45.5,26.5,7.1,5.8,12.8,20,117.6
2020,Milwaukee Bucks,1,29.2,56,17,57,16,10.08,-0.6699999999999999,9.41,112.4,102.9,9.5,105.1,0.271,0.42800000000000005,0.583,NA,0.552,12.9,20.7,0.201,0.48900000000000005,12,81.6,0.17800000000000002,,549036,17711,TRUE,73,17595,41,86.1,0.47600000000000003,13.1,36.9,0.355,27.9,49.3,0.5670000000000001,17.3,23.4,0.742,9,40,49,24.5,6.8,5.6,14.3,18.6,112.4,1,73,17595,36.9,89,0.41400000000000003,13.2,37.3,0.355,23.7,51.8,0.457,15.8,20.1,0.7869999999999999,9,34.4,43.4,22.9,7,4.2,13.4,20.6,102.9
2020,Boston Celtics,2,25.3,48,24,50,22,6.31,-0.47000000000000003,5.83,113.3,107,6.3,99.5,0.259,0.386,0.5700000000000001,NA,0.531,12.2,23.9,0.20700000000000002,0.509,13.5,77.4,0.21500000000000002,,610864,19090,TRUE,72,17430,41.1,89.3,0.461,12.5,34.4,0.364,28.6,54.8,0.522,18.5,23.1,0.801,10.6,35.3,45.9,22.9,8.2,5.6,13.8,21.5,113.3,4,72,17430,38.3,86.8,0.441,11.8,34.7,0.33999999999999997,26.5,52.1,0.508,18.7,24.4,0.767,10.3,33.9,44.2,22.3,7.1,5.5,15.2,20.6,107
2020,Los Angeles Clippers,3,27.4,49,23,50,22,6.44,0.21000000000000002,6.659999999999999,113.9,107.6,6.3,101.5,0.29500000000000004,0.375,0.5770000000000001,NA,0.535,12.6,23.5,0.233,0.506,12.2,77.6,0.20600000000000002,,610176,19068,TRUE,72,17380,40.7,87.4,0.466,12.2,32.8,0.371,28.5,54.6,0.522,20.4,25.8,0.7909999999999999,10.4,36.2,46.7,23.2,6.9,4.6,14.3,21.7,113.9,5,72,17380,38.7,88.3,0.43800000000000006,12,34.9,0.345,26.7,53.4,0.499,18.2,24,0.756,10.5,33.9,44.4,23.2,7.3,4.6,13.8,22.4,107.6
2020,Toronto Raptors,4,26.6,53,19,50,22,6.24,-0.26,5.970000000000001,111.1,105,6.1,100.9,0.264,0.42100000000000004,0.5740000000000001,NA,0.536,13.1,21.3,0.21000000000000002,0.502,14.6,76.7,0.202,,633456,19796,TRUE,72,17380,39.6,86.6,0.458,13.6,36.4,0.374,26,50.2,0.519,18.2,22.9,0.7959999999999999,9.4,35.3,44.7,24.9,8.7,4.9,14.6,21.3,111.1,2,72,17380,37.2,87,0.42800000000000005,12.9,38.3,0.33699999999999997,24.3,48.7,0.499,17.6,22.9,0.769,10.8,34.6,45.4,25.2,7.1,5.4,16.6,20.1,105
2020,Los Angeles Lakers,5,29.5,52,19,48,23,5.79,0.49,6.28,112,106.3,5.7,100.9,0.276,0.358,0.5730000000000001,NA,0.542,13.3,24.5,0.201,0.515,14.1,78.8,0.20500000000000002,,588907,18997,TRUE,71,17090,41.8,87.2,0.48000000000000004,10.9,31.2,0.349,30.9,56,0.552,17.5,24,0.729,10.5,34.6,45.2,25.1,8.5,6.5,15,20.5,112,3,71,17090,38.6,86.1,0.448,11.5,33,0.349,27.1,53.1,0.51,17.7,22.6,0.7809999999999999,9.3,32.5,41.7,23.1,8.1,3.7,15.7,21.5,106.3
2020,Dallas Mavericks,6,26.1,43,32,49,26,4.95,-0.07,4.87,116.7,111.7,5,99.3,0.264,0.457,0.581,NA,0.545,11.2,23.2,0.20600000000000002,0.525,10.6,77.7,0.17500000000000002,,682096,20062,TRUE,75,18175,41.5,90,0.461,15.1,41.1,0.367,26.4,48.9,0.541,18.5,23.8,0.779,10.5,36.3,46.8,24.6,6.1,4.8,12.7,19.4,116.7,18,75,18175,41.8,91.3,0.458,12.2,34.8,0.351,29.6,56.5,0.523,16,21,0.76,10.4,34.9,45.3,23.9,7,4.1,11.9,21.3,111.7
2020,Miami Heat,7,25.9,44,29,43,30,2.9499999999999997,-0.35,2.59,112.5,109.5,3,98.3,0.29900000000000004,0.41900000000000004,0.587,NA,0.547,13.5,20.3,0.234,0.523,12.6,79.5,0.21300000000000002,,629771,19680,TRUE,73,17745,39.6,84.7,0.468,13.5,35.5,0.379,26.1,49.2,0.532,19.8,25.3,0.7829999999999999,8.5,36,44.5,26,7.5,4.6,15,20.6,112.5,9,73,17745,38.9,87,0.448,13.1,37.9,0.347,25.8,49.1,0.525,18.5,23.7,0.7829999999999999,9.3,33.4,42.7,24.7,7.5,4.2,14.1,21.8,109.5
2020,Houston Rockets,8,29.2,44,28,42,30,2.96,0.17,3.13,112.9,110.1,2.8,103.7,0.28800000000000003,0.501,0.5780000000000001,NA,0.537,12.6,21,0.228,0.529,13.7,75.6,0.197,,578458,18077,TRUE,72,17380,39.1,86.7,0.451,15,43.4,0.345,24.1,43.3,0.557,19.8,25,0.7909999999999999,9.4,33.1,42.4,20.7,8.3,4.9,14.1,20.8,112.9,14,72,17380,40.5,87.7,0.462,11.7,33.6,0.349,28.8,54.1,0.532,17.3,22.7,0.761,10.7,35.2,45.9,24.2,7.7,4.7,15.5,20.2,110.1
2020,Utah Jazz,9,27.3,44,28,42,30,2.4699999999999998,0.05,2.52,112.3,109.9,2.4,98.6,0.268,0.41400000000000003,0.585,NA,0.549,13.7,21.6,0.20800000000000002,0.518,11.1,78.9,0.185,,567486,18306,TRUE,72,17355,40.5,85.9,0.47100000000000003,13.5,35.6,0.38,27,50.4,0.535,17.9,23,0.779,9.2,36.1,45.3,22.6,6.1,4.1,15.3,20.6,112.3,13,72,17355,41.1,90,0.457,11.1,31.3,0.353,30,58.6,0.512,16.6,21.7,0.767,9.6,33.5,43.1,21.7,7.9,4.6,12.5,21,109.9
2020,Philadelphia 76ers,10,26.3,43,30,42,31,2.38,-0.13,2.25,111.3,109,2.3,99,0.255,0.36,0.5660000000000001,NA,0.534,12.7,23.9,0.193,0.523,12.5,80.3,0.21400000000000002,,639491,20629,TRUE,73,17595,41.3,88.4,0.468,11.7,31.8,0.368,29.6,56.6,0.524,17,22.6,0.755,10.5,35.2,45.7,26,8.1,5.4,14.3,21.1,111.3,8,73,17595,40,86.4,0.463,10.5,29.6,0.353,29.6,56.8,0.52,18.5,24.6,0.751,8.7,33.4,42.1,22.9,7,4,13.9,20.6,109
2020,Denver Nuggets,11,25.6,46,27,41,32,2.11,0.24000000000000002,2.3499999999999996,113.1,111,2.1,97.1,0.23500000000000001,0.344,0.5670000000000001,NA,0.535,12.3,24.8,0.183,0.533,12.9,76.8,0.198,,633153,19186,TRUE,73,17745,42.7,90.4,0.47300000000000003,11.2,31.1,0.359,31.6,59.2,0.533,16.5,21.3,0.777,10.9,33.9,44.9,27.2,8.2,4.7,14,20.7,113.1,16,73,17745,40.7,87.9,0.463,12.3,34.4,0.358,28.3,53.4,0.53,17.4,22.9,0.759,10.2,33.1,43.4,25.8,7.3,4.5,14.5,20.8,111
2020,Indiana Pacers,12,25.6,45,28,41,32,1.96,-0.32999999999999996,1.6300000000000001,110,108,2,98.9,0.21600000000000003,0.317,0.5650000000000001,NA,0.534,12,20,0.17,0.511,13,76.7,0.192,,529002,16531,TRUE,73,17620,42.3,88.9,0.47600000000000003,10.2,28.2,0.363,32.1,60.7,0.529,15.1,19.2,0.7869999999999999,8.8,34.3,43,26,7.5,5.2,13.3,19.9,110,6,73,17620,39.7,88.9,0.446,11.5,33.8,0.34099999999999997,28.2,55.1,0.511,17.1,21.7,0.7879999999999999,10.4,35,45.5,23.2,6.9,4.6,14.7,18.9,108
2020,Oklahoma City Thunder,13,25.5,44,28,41,31,1.99,0.33999999999999997,2.3299999999999996,110.8,108.8,2,98.8,0.29000000000000004,0.353,0.5730000000000001,NA,0.53,12.4,19.3,0.231,0.518,12.6,76.8,0.17300000000000001,,600699,18203,TRUE,72,17430,40.1,85.8,0.468,10.7,30.3,0.355,29.4,55.6,0.529,19.8,24.9,0.7959999999999999,8.3,34.8,43,21.8,7.7,4.9,13.7,19.4,110.8,7,72,17430,40.9,90,0.455,11.3,33.4,0.33999999999999997,29.6,56.6,0.523,15.6,19.6,0.7949999999999999,10.5,34.5,45,23.1,7,4,14.3,22.9,108.8
2020,Phoenix Suns,14,24.6,34,39,37,36,0.22,0.35,0.56,111.7,111.4,0.3,101.3,0.271,0.361,0.5760000000000001,NA,0.532,13,22.2,0.226,0.539,13.7,78.8,0.221,,550633,15606,FALSE,73,17595,40.5,86.5,0.468,11.2,31.2,0.358,29.3,55.3,0.529,19.5,23.4,0.8340000000000001,9.6,33.2,42.8,26.7,7.5,3.9,14.5,21.7,111.7,17,73,17595,40.5,85.9,0.47200000000000003,11.4,31.4,0.363,29.1,54.4,0.535,19,24.1,0.7879999999999999,8.9,33.6,42.6,23.2,7.8,5.4,15.3,22.3,111.4
2020,Brooklyn Nets,15,26.3,35,37,35,37,-0.5700000000000001,-0.44,-1.01,108.9,109.5,-0.6,101.4,0.267,0.42300000000000004,0.554,NA,0.52,13.1,23.2,0.199,0.511,11,77.8,0.187,,524907,16403,TRUE,72,17480,39.4,88,0.448,12.7,37.2,0.34299999999999997,26.6,50.8,0.524,17.5,23.4,0.745,10.4,36.3,46.7,23.8,6.3,4.4,14.9,20.4,108.9,11,72,17480,40.3,90.5,0.446,11.9,33.9,0.35,28.5,56.6,0.503,16.9,22,0.769,10.4,34.4,44.8,22.1,7.5,5.1,12.4,20.6,109.5
2020,Orlando Magic,16,26.1,33,40,34,39,-1.01,0.09,-0.93,108.5,109.5,-1,98.6,0.256,0.364,0.544,NA,0.506,11.5,22.3,0.198,0.535,13.2,79.1,0.17600000000000002,,529870,17093,TRUE,73,17570,39.8,89.6,0.444,11.2,32.6,0.34299999999999997,28.6,57,0.502,17.8,22.9,0.774,10.4,34.6,45,24.2,8.3,5.5,13,18.5,108.5,10,73,17570,40.9,87.9,0.465,12.4,34,0.364,28.5,53.9,0.529,15.4,20,0.771,9.1,36.2,45.4,25,7.1,4.7,14.8,19.7,109.5
2020,San Antonio Spurs,17,27.6,32,39,33,38,-1.11,0.46,-0.65,112.4,113.5,-1.1,100.5,0.262,0.318,0.5720000000000001,NA,0.531,11.2,20.1,0.21200000000000002,0.542,11.7,79.2,0.193,,550515,18351,FALSE,71,17215,41.6,88.1,0.47200000000000003,10.5,28,0.376,31,60.1,0.516,18.7,23.1,0.81,8.9,35.1,44,24.3,7.2,5.4,12.4,19.1,112.4,25,71,17215,41.7,88.9,0.46900000000000003,12.9,34.6,0.373,28.8,54.3,0.53,17.2,22.1,0.777,9.2,35.4,44.6,25.3,6.7,4.3,13,19.8,113.5
2020,Memphis Grizzlies,18,24.1,34,39,34,39,-1.07,0.16,-0.91,109.2,110.3,-1.1,102.8,0.24000000000000002,0.346,0.561,NA,0.528,13.2,23,0.183,0.521,12.7,77.8,0.21700000000000003,,523297,15857,FALSE,73,17570,41.3,88.1,0.468,10.6,30.5,0.347,30.7,57.6,0.532,16.1,21.1,0.763,10,35.1,45.1,26.1,7.7,5.3,14.8,20.5,109.2,15,73,17570,39.4,87.6,0.45,12.5,34.3,0.365,26.9,53.3,0.504,19,24.3,0.7819999999999999,10,33.5,43.5,24.1,7.8,5.1,14.3,19.6,110.3
2020,Portland Trail Blazers,19,27.5,35,39,34,40,-1.1500000000000001,0.54,-0.61,113.7,114.8,-1.1,100.7,0.24200000000000002,0.374,0.5700000000000001,NA,0.533,11.2,22.4,0.194,0.53,11.2,75.3,0.20800000000000002,,628303,19634,TRUE,74,17835,41.7,90.2,0.463,12.7,33.7,0.377,29,56.4,0.514,17.5,21.8,0.804,10.1,34.7,44.8,20.4,6.2,6,12.6,21.5,113.7,27,74,17835,41.3,90.6,0.456,13.4,35,0.383,27.9,55.6,0.501,18.8,24.4,0.771,11.4,35,46.3,24.6,6.7,4.9,12.7,19.9,114.8
2020,New Orleans Pelicans,20,25.4,30,42,33,39,-1.29,0.74,-0.55,110.7,111.9,-1.2,103.7,0.256,0.403,0.5680000000000001,NA,0.539,13.9,24.2,0.186,0.532,12.4,77.8,0.21200000000000002,,528172,16505,FALSE,72,17430,40.7,87.6,0.465,13,35.3,0.37,27.6,52.3,0.528,16.3,22.4,0.729,10.6,33.9,44.4,25.6,7.2,4.8,15.7,20.2,110.7,19,72,17430,40.8,87.8,0.465,11.7,32.4,0.361,29.2,55.4,0.526,18.6,23.6,0.7889999999999999,9.6,33.2,42.8,23.4,8.2,4.6,13.9,20.2,111.9
2020,Sacramento Kings,21,27,31,41,31,41,-2.04,0.46,-1.59,110.2,112.2,-2,98.9,0.23,0.395,0.5660000000000001,NA,0.534,13,21.9,0.17700000000000002,0.543,13.6,78.4,0.225,,520663,16796,FALSE,72,17455,40.9,88.4,0.462,12.7,34.9,0.364,28.2,53.5,0.527,15.7,20.3,0.77,9.7,33,42.6,23.8,7.7,4.1,14.5,22.2,110.2,21,72,17455,40.3,85.6,0.47100000000000003,12.4,34.8,0.357,27.9,50.8,0.549,19.2,24.3,0.7899999999999999,9.1,34.5,43.6,24.9,7.7,4.2,15.2,19.5,112.2
2020,Chicago Bulls,22,24.4,22,43,26,39,-3.08,-0.93,-4,106.7,109.8,-3.1,99.7,0.231,0.396,0.547,NA,0.515,13.7,22.8,0.17500000000000002,0.546,16.3,75.6,0.23900000000000002,,639352,18804,FALSE,65,15675,39.5,88.5,0.447,12.2,35.1,0.348,27.3,53.5,0.511,15.5,20.5,0.755,10.4,31.4,41.8,23.2,10,4.1,15.4,21.8,106.7,12,65,15675,39.5,82.4,0.47900000000000004,11.2,31.6,0.353,28.3,50.8,0.557,19.7,26,0.759,10.1,35.3,45.5,25.4,8.1,5.9,18.2,19.1,109.8
2020,Detroit Pistons,23,25.9,20,46,26,40,-3.56,-0.8200000000000001,-4.38,109,112.7,-3.7,97.6,0.261,0.381,0.561,NA,0.529,13.8,22.6,0.194,0.541,12.7,75.9,0.186,,509469,15294,FALSE,66,15965,40,87.2,0.459,12.2,33.2,0.367,27.8,53.9,0.515,16.9,22.7,0.743,9.9,32.5,42.4,24.5,7.5,4.6,15.5,20,109,22,66,15965,42.6,88.8,0.48000000000000004,10.9,30.1,0.361,31.8,58.7,0.541,16.5,21.2,0.777,10.3,34,44.2,25,8.4,5.7,14.2,20.1,112.7
2020,Minnesota Timberwolves,24,24.8,19,45,24,40,-4.3,0.28,-4.02,108.1,112.2,-4.1,103.4,0.277,0.43300000000000005,0.551,NA,0.514,13,22.1,0.20900000000000002,0.541,13.2,77.2,0.21800000000000003,,482112,15066,FALSE,64,15560,38.6,87.5,0.441,12.7,37.9,0.33599999999999997,25.9,49.6,0.521,18.2,24.2,0.753,10.1,32.7,42.8,22.7,8.3,5.4,14.6,20.4,108.1,20,64,15560,41.2,86.3,0.47700000000000004,11,30.4,0.363,30.1,55.9,0.539,18.8,24.1,0.7829999999999999,9.7,35.5,45.2,23.3,7.4,5.3,14.8,20.6,112.2
2020,Washington Wizards,25,25.1,25,47,26,46,-4.67,-0.5700000000000001,-5.24,110.9,115.5,-4.6,102.7,0.27,0.358,0.562,NA,0.523,12.2,22.2,0.21300000000000002,0.558,13.9,75.3,0.231,,532702,16647,FALSE,72,17355,40.3,88.1,0.457,11.6,31.6,0.368,28.6,56.6,0.506,18.8,23.8,0.7879999999999999,9.9,30.9,40.8,24.3,7.7,4.2,13.7,22,110.9,30,72,17355,41.8,85.7,0.48800000000000004,12.1,32.1,0.376,29.7,53.6,0.555,19.8,25.5,0.778,10.1,34.6,44.8,24.4,7.3,4.9,15.7,21.6,115.5
2020,New York Knicks,26,24.5,21,45,20,46,-6.45,-0.26,-6.72,106.5,113,-6.5,98.6,0.263,0.318,0.531,NA,0.501,12.6,25.8,0.182,0.541,12.4,78.3,0.224,,620789,18812,FALSE,66,15965,40.2,89.9,0.447,9.6,28.5,0.33699999999999997,30.6,61.4,0.499,16.4,23.6,0.694,12.1,34.7,46.8,22.2,7.7,4.8,14.4,22.3,106.5,23,66,15965,40.1,86.6,0.463,13.4,35.1,0.381,26.7,51.5,0.52,19.4,25.9,0.749,9.6,34.8,44.5,24.5,7.2,5.1,13.8,19.9,113
2020,Charlotte Hornets,27,24.3,23,42,19,46,-6.75,-0.28,-7.03,106.3,113.3,-7,95.8,0.252,0.399,0.539,NA,0.504,13.3,23.9,0.188,0.546,13.1,74.4,0.15900000000000003,,478591,15428,FALSE,65,15750,38.6,88.8,0.43400000000000005,12.5,35.5,0.352,26.1,53.4,0.48900000000000005,16.7,22.4,0.748,11.4,32.9,44.2,24.6,6.8,4.3,15.1,19.5,106.3,24,65,15750,43.1,90.5,0.47600000000000003,12.8,36.2,0.352,30.3,54.2,0.558,14.4,19,0.758,11.3,36.2,47.5,27.5,8.3,5.2,14.9,21.3,113.3
2020,Atlanta Hawks,28,24.1,20,47,18,49,-7.970000000000001,0.27,-7.71,107.2,114.8,-7.6,103,0.258,0.398,0.554,NA,0.515,13.8,21.6,0.20400000000000001,0.543,12.7,74.9,0.233,,545453,16043,FALSE,67,16280,39,86.8,0.449,11.5,34.6,0.33299999999999996,27.4,52.2,0.525,17.7,22.4,0.7899999999999999,9.5,32,41.5,23,7.5,4.9,15.5,22.2,107.2,28,67,16280,41.5,87,0.47800000000000004,11.4,31.4,0.363,30.1,55.6,0.542,20.3,26.3,0.772,10.7,34.4,45.1,24,8.6,6.1,14.4,20.1,114.8
2020,Cleveland Cavaliers,29,25,19,46,18,47,-7.89,0.12000000000000001,-7.7700000000000005,107.5,115.4,-7.9,98.7,0.227,0.362,0.553,NA,0.522,14.6,24.6,0.17200000000000001,0.56,11.7,77.4,0.164,,643008,17861,FALSE,65,15725,40.5,88.4,0.458,11.2,32,0.351,29.3,56.4,0.519,15.2,20,0.758,10.9,33.6,44.5,23.2,6.9,3.3,16.6,18.4,107.5,29,65,15725,44.1,89.9,0.491,12.4,33.2,0.375,31.7,56.7,0.558,14.8,19.3,0.767,9.8,33.3,43.1,26.3,9.5,6.4,13.1,19.8,115.4
2020,Golden State Warriors,30,24.4,15,50,16,49,-8.709999999999999,0.59,-8.12,105.2,113.8,-8.6,100.3,0.264,0.355,0.54,NA,0.497,13.2,21.5,0.21200000000000002,0.553,13.7,76.4,0.193,,614176,18064,FALSE,65,15725,38.2,87.2,0.43800000000000006,10.3,30.9,0.33399999999999996,27.9,56.3,0.495,18.5,23,0.803,9.8,32.5,42.4,25.3,8.1,4.5,14.7,19.8,105.2,26,65,15725,41.7,87.6,0.47600000000000003,13.4,34.4,0.389,28.4,53.2,0.533,16.9,21.6,0.7829999999999999,10.1,35.9,46,25.8,8.2,4.9,15.5,19.9,113.8
2021,Utah Jazz,1,28.5,52,20,55,17,9.25,-0.29000000000000004,8.97,117.6,108.3,9.3,98.5,0.24400000000000002,0.48800000000000004,0.597,NA,0.5630000000000001,12.7,24.5,0.195,0.507,10.3,79.3,0.15900000000000003,,151300,4203,TRUE,72,17355,41.7,89,0.468,16.9,43.5,0.389,24.8,45.6,0.544,17.3,21.7,0.7989999999999999,10.7,38,48.8,23.9,6.7,5.2,14.4,18.7,117.6,4,72,17355,41.3,92.4,0.447,11,32.2,0.34099999999999997,30.3,60.2,0.504,14.7,19.1,0.768,9.9,33.1,43.1,22.5,7.8,4,11.6,19.2,108.3
2021,Los Angeles Clippers,2,28.8,47,25,49,23,6.18,-0.16,6.02,117.6,111.2,6.4,96.9,0.222,0.4,0.599,NA,0.5640000000000001,12.2,22.7,0.186,0.531,11.9,79.1,0.186,,13901,386,TRUE,72,17280,43.1,89.4,0.48200000000000004,14.7,35.8,0.41100000000000003,28.4,53.6,0.529,16.7,19.9,0.8390000000000001,9.7,35.8,45.5,25.2,7.3,4.2,13.6,19.8,117.6,8,72,17280,41.4,89.2,0.464,11.9,33.5,0.356,29.4,55.6,0.529,16.6,21.3,0.777,9.4,33.1,42.5,23.6,7.3,4.4,13.3,18.7,111.2
2021,Phoenix Suns,3,26.6,51,21,49,23,5.819999999999999,-0.15000000000000002,5.67,117.2,111.3,5.9,97.2,0.21200000000000002,0.392,0.597,NA,0.5640000000000001,11.5,20.8,0.17700000000000002,0.534,12.4,78.5,0.194,,104027,2890,TRUE,72,17480,44,89.8,0.49,13.3,35.2,0.378,30.8,54.6,0.5630000000000001,15.9,19,0.8340000000000001,8.9,34.8,43.7,27.4,7.3,4.4,12.7,19.4,117.2,9,72,17480,41.2,88.2,0.467,11.8,33.3,0.354,29.4,54.9,0.535,17.1,22,0.778,9.5,33.9,43.4,23.3,7,3.6,13.9,18.3,111.3
2021,Milwaukee Bucks,4,28.1,46,26,48,24,5.89,-0.32,5.57,117.2,111.4,5.8,102.2,0.233,0.404,0.593,NA,0.5660000000000001,12,23.3,0.17700000000000002,0.536,11.5,79.7,0.15700000000000003,,64780,1799,TRUE,72,17330,43.6,89.6,0.48700000000000004,14.1,36.2,0.389,29.6,53.4,0.554,15.8,20.9,0.76,10,36.9,46.9,24.9,7.9,4.5,13.5,16.9,117.2,10,72,17330,41.4,90.6,0.456,14.5,37.6,0.384,26.9,53,0.507,14.3,18.3,0.7799999999999999,9.4,33,42.4,24.4,6.9,4.7,12.8,17.9,111.4
2021,Philadelphia 76ers,5,27.1,49,23,48,24,5.58,-0.31,5.28,113.2,107.6,5.6,99.5,0.29300000000000004,0.347,0.5790000000000001,NA,0.541,12.8,23.2,0.225,0.521,13.8,78.2,0.2,,68583,1905,TRUE,72,17430,41.2,86.6,0.47600000000000003,11.2,30,0.374,30,56.6,0.531,19.5,25.4,0.767,10,34.9,44.9,23.6,9.1,6.2,14.4,20.1,113.2,2,72,17430,39.2,86.6,0.453,11.9,32.9,0.36,27.4,53.7,0.51,17.3,22.7,0.764,9.7,33,42.7,23.4,7.2,4.6,15.5,20.9,107.6
2021,Denver Nuggets,6,26.1,47,25,47,25,4.930000000000001,-0.11,4.819999999999999,117.1,112.1,5,97.1,0.21900000000000003,0.383,0.588,NA,0.557,12.1,24.7,0.17600000000000002,0.545,12.9,78.9,0.2,,54563,1516,TRUE,72,17480,44,90.8,0.48500000000000004,13.1,34.8,0.377,30.9,56,0.552,16,19.9,0.803,10.7,34.5,45.2,27.3,8.2,4.6,13.7,19.4,117.1,12,72,17480,40.8,86.9,0.46900000000000003,13.2,36.3,0.363,27.6,50.6,0.545,17.4,22.5,0.773,9.2,32.7,41.9,26.4,7.6,4.6,14.3,19.5,112.1
2021,Brooklyn Nets,7,28.2,48,24,46,26,4.5,-0.27,4.24,118.3,113.8,4.5,99.5,0.258,0.41300000000000003,0.61,NA,0.5750000000000001,12.2,21.4,0.20800000000000002,0.531,11.1,77.3,0.187,,30491,847,TRUE,72,17405,43,87.1,0.494,14.1,36,0.392,28.9,51.1,0.5650000000000001,18.1,22.5,0.804,8.9,35.5,44.3,26.7,6.7,5.3,13.5,19,118.3,23,72,17405,41.8,91.1,0.459,13.2,36.1,0.365,28.6,55,0.521,17,21.9,0.775,10.4,32.5,43,24,7.6,4.6,12.6,18.9,113.8
2021,Los Angeles Lakers,8,28.2,42,30,42,30,2.79,-0.03,2.77,109.9,107.1,2.8,98.7,0.271,0.363,0.5690000000000001,NA,0.536,13.6,22.5,0.2,0.526,13.7,79.7,0.184,,23313,648,TRUE,72,17455,40.8,86.4,0.47200000000000003,11.1,31.3,0.354,29.7,55,0.539,17.3,23.4,0.739,9.7,34.7,44.4,24.7,7.8,5.4,15.3,19.2,109.9,1,72,17455,39.9,86.7,0.46,11.4,32.3,0.352,28.5,54.3,0.524,15.9,20.6,0.776,8.8,33.3,42.2,24.7,8.3,4.6,15.3,21.3,107.1
2021,Dallas Mavericks,9,26.3,42,30,41,31,2.2600000000000002,-0.01,2.2600000000000002,115.4,113,2.4,97.3,0.24200000000000002,0.43600000000000005,0.582,NA,0.55,11.1,21.1,0.189,0.534,11.5,77.8,0.197,,94849,2635,TRUE,72,17305,42.2,89.6,0.47000000000000003,14.2,39.1,0.362,28,50.5,0.554,16.9,21.7,0.778,9.4,35.1,44.5,23.5,6.4,4.4,12.4,19.9,115.4,19,72,17305,41.1,89.3,0.46,13.2,36.2,0.365,27.9,53.2,0.525,17.6,23.1,0.764,10,35.1,45.1,23.2,7.5,3.8,12.9,20.6,113
2021,New York Knicks,10,25.6,41,31,41,31,2.3099999999999996,-0.18,2.13,110.6,108.2,2.4,95.9,0.24200000000000002,0.347,0.559,NA,0.524,11.9,21.9,0.19,0.509,11.7,78.6,0.196,,42131,1170,TRUE,72,17430,40.7,89.3,0.456,12.2,31,0.392,28.6,58.3,0.49,17,21.6,0.7839999999999999,10,36.7,46.6,22.1,7.3,5.2,13.4,21.1,110.6,3,72,17430,39.2,89.1,0.44,12.4,36.8,0.33699999999999997,26.8,52.3,0.512,17.5,22.9,0.761,10,35.6,45.5,24.3,6.8,5.6,13.2,18.5,108.2
2021,Atlanta Hawks,11,25.4,41,31,41,31,2.32,-0.18,2.14,115.7,113.3,2.4,97.6,0.278,0.382,0.581,NA,0.539,11.9,24.4,0.226,0.53,11.1,77.8,0.19,,59288,1647,TRUE,72,17405,41.5,88.8,0.468,12.6,33.9,0.373,28.9,54.8,0.526,20,24.7,0.812,10.7,35.7,46.4,24.5,7.1,4.8,13.5,19.7,115.7,21,72,17405,42,90.7,0.463,12.1,34.8,0.349,29.9,55.9,0.534,17.2,21.5,0.803,10.2,33.2,43.4,24.8,7.9,5.1,12.5,20.1,113.3
2021,Portland Trail Blazers,12,27.4,42,30,40,32,1.79,0.01,1.81,117.8,116,1.8,98.4,0.23800000000000002,0.448,0.5770000000000001,NA,0.54,9.9,23,0.195,0.546,11.2,77.5,0.203,,5817,162,TRUE,72,17305,41.9,92.4,0.453,16,41.4,0.385,25.9,51,0.509,18.1,22,0.8230000000000001,10.8,34.4,45.2,21.6,7,5.1,11.3,19.2,117.8,29,72,17305,42.4,89.6,0.47300000000000003,13.1,35.1,0.372,29.3,54.4,0.538,18.2,23.1,0.7869999999999999,10,36.1,46.1,25.3,6.2,4.7,12.6,19.4,116
2021,Boston Celtics,13,25.1,36,36,39,33,1.46,-0.14,1.32,114,112.5,1.5,98.3,0.234,0.40900000000000003,0.5740000000000001,NA,0.543,12.5,24.3,0.181,0.539,12.8,78.1,0.21500000000000002,,30067,835,TRUE,72,17380,42,90,0.466,13.8,36.8,0.374,28.2,53.2,0.53,16.3,21,0.775,10.8,34,44.8,23.7,7.8,5.4,14.2,20.7,114,14,72,17380,40.4,87,0.464,13,34.8,0.374,27.4,52.3,0.524,18.7,23.8,0.7849999999999999,9.5,33.5,43,24.3,7.5,4.7,14.3,19.5,112.5
2021,Golden State Warriors,14,26.7,39,33,38,34,1.06,0.04,1.1,111.1,110.1,1,102.2,0.23900000000000002,0.43900000000000006,0.583,NA,0.551,13.3,17.9,0.188,0.522,13.1,76.6,0.223,,33457,929,FALSE,72,17305,40.3,86.1,0.468,14.2,37.9,0.376,26.1,48.3,0.541,16.2,20.6,0.7849999999999999,7.8,34.3,42,27,8,4.6,14.7,20.7,111.1,5,72,17305,39.3,87,0.452,12.1,33.7,0.359,27.2,53.3,0.511,19.4,24.9,0.778,10.4,35.8,46.2,23.2,7.7,4.2,14.7,19.1,110.1
2021,Memphis Grizzlies,15,24.2,38,34,38,34,1.03,0.04,1.07,112,111,1,100.4,0.232,0.34199999999999997,0.56,NA,0.528,11.6,24.2,0.17900000000000002,0.535,13.1,78.3,0.196,,61449,1707,TRUE,72,17405,42.4,90.8,0.467,11,31,0.356,31.3,59.8,0.525,16.3,21.1,0.771,11,34.9,46,26.6,9,5,13.1,18.5,112,6,72,17405,40.6,87.7,0.462,12.7,34.7,0.367,27.8,53,0.525,17.2,21.8,0.7879999999999999,9.7,34.5,44.2,25.1,7.6,5.2,14.7,18.1,111
2021,Miami Heat,16,27.4,40,32,36,36,0.03,-0.09,-0.06,111.2,111.2,0,96.6,0.252,0.43200000000000005,0.581,NA,0.546,13.1,19.4,0.199,0.542,13.8,77.9,0.183,,NA,NA,TRUE,72,17380,40.4,86.2,0.468,13.3,37.2,0.358,27,48.9,0.553,17.2,21.7,0.7899999999999999,8.3,34.4,42.7,27.1,8.1,4.1,14.5,19.5,111.2,7,72,17380,40.2,87.7,0.459,14.7,40.2,0.365,25.6,47.5,0.538,16,20.5,0.7819999999999999,9.8,34.4,44.1,26.5,7.7,4.1,15.5,20.2,111.2
2021,Indiana Pacers,17,26.5,34,38,36,36,-0.04,-0.08,-0.13,112.4,112.4,0,101.6,0.227,0.372,0.5750000000000001,NA,0.542,11.9,20.2,0.18,0.531,12.7,74.9,0.201,,NA,NA,FALSE,72,17455,42.2,88.9,0.47400000000000003,12,33.1,0.364,30.1,55.8,0.54,16,20.2,0.7919999999999999,8.8,32.8,41.6,26.7,8.3,6.2,13.2,19.7,112.4,13,72,17455,41.6,89,0.468,11.2,30.7,0.366,30.4,58.4,0.521,17.9,22.9,0.7819999999999999,11,34.6,45.6,25.4,7.2,5.1,14.4,17.7,112.4
2021,New Orleans Pelicans,18,24.8,31,41,35,37,-0.29000000000000004,0.1,-0.2,113.5,113.8,-0.3,100.1,0.29300000000000004,0.34199999999999997,0.5700000000000001,NA,0.537,12.7,26.3,0.21400000000000002,0.55,11.9,80,0.186,,93120,2587,FALSE,72,17430,42.1,88.2,0.47700000000000004,10.5,30.1,0.348,31.6,58.1,0.544,18.8,25.8,0.729,11.6,35.3,47,25.8,7.5,4.3,14.5,17.8,113.5,22,72,17430,41.5,88.5,0.46900000000000003,14.3,37.8,0.38,27.1,50.7,0.535,16.5,20.9,0.7899999999999999,8.9,32.6,41.4,25.7,7.6,5.9,13.2,21.1,113.8
2021,Toronto Raptors,19,26.6,27,45,35,37,-0.47000000000000003,-0.07,-0.54,112,112.5,-0.5,99.2,0.24100000000000002,0.444,0.5670000000000001,NA,0.529,11.9,20.8,0.196,0.543,14.4,76.3,0.234,,26024,723,FALSE,72,17305,40,89.3,0.448,14.6,39.6,0.368,25.4,49.7,0.512,17.5,21.5,0.8150000000000001,9.5,32.4,41.9,24.3,8.6,5.4,13.3,21.3,112,15,72,17305,39.3,85.3,0.461,14,36.9,0.379,25.3,48.4,0.523,19.9,25,0.7989999999999999,10.1,36.1,46.2,26.2,6.7,5.6,16.2,19.6,112.5
2021,Chicago Bulls,20,25.6,31,41,34,38,-0.89,-0.05,-0.9400000000000001,111.1,112,-0.9,99,0.197,0.383,0.5750000000000001,NA,0.547,13.6,22.3,0.15600000000000003,0.538,11.6,80.3,0.196,,13655,379,FALSE,72,17380,42.3,89,0.47600000000000003,12.6,34.1,0.37,29.7,54.9,0.542,13.9,17.5,0.7909999999999999,9.7,35.5,45.1,26.9,6.7,4.2,15.2,19,111.1,11,72,17380,41.6,88,0.47300000000000003,11.6,32.5,0.356,30,55.6,0.541,17.3,22.3,0.774,8.7,33.6,42.3,24.2,8.6,5.1,12.8,17.8,112
2021,San Antonio Spurs,21,26.2,33,39,32,40,-1.74,0.15000000000000002,-1.58,111,112.8,-1.8,98.9,0.24300000000000002,0.314,0.554,NA,0.517,10.2,20,0.192,0.541,11.8,77.3,0.17400000000000002,,61053,1696,FALSE,72,17480,41.8,90.5,0.462,9.9,28.4,0.35,31.9,62.1,0.514,17.4,22,0.7919999999999999,9.3,34.6,43.8,24.4,7,5.1,11.4,17.9,111,18,72,17480,42.4,89.8,0.47200000000000003,12.3,32.6,0.377,30.1,57.2,0.527,15.7,20.7,0.758,10.2,37.2,47.4,24.8,6.3,5.1,13.2,18.6,112.8
2021,Washington Wizards,22,26.6,34,38,32,40,-1.83,-0.01,-1.85,111.2,113,-1.8,104.1,0.28800000000000003,0.319,0.5690000000000001,NA,0.531,12.3,21.3,0.221,0.539,12.5,77.6,0.21700000000000003,,19198,533,TRUE,72,17405,41.2,86.7,0.47500000000000003,9.7,27.7,0.351,31.5,59.1,0.533,19.2,25,0.769,9.2,33.9,43.1,24.3,7,3.9,13.7,20.6,111.2,20,72,17405,41.1,87.3,0.47100000000000003,11.9,32.1,0.369,29.2,55.2,0.529,18.9,24.2,0.7809999999999999,9.8,34.2,43.9,23.3,7.8,4.6,14,21,113
2021,Charlotte Hornets,23,24.6,33,39,32,40,-1.93,-0.01,-1.94,110.9,112.8,-1.9,98.3,0.23800000000000002,0.42200000000000004,0.5640000000000001,NA,0.532,13.3,23.5,0.181,0.55,13.2,75.7,0.163,,68255,1896,FALSE,72,17355,40.4,89,0.455,13.9,37.5,0.369,26.6,51.5,0.517,16.1,21.2,0.761,10.7,33.6,44.3,27.2,7.9,4.8,15,18.2,110.9,17,72,17355,41.8,89.3,0.468,14.7,40.1,0.366,27.2,49.2,0.552,14.5,19.5,0.745,10.8,35,45.8,27.4,8.2,4.9,14.9,18.9,112.8
2021,Sacramento Kings,24,25.6,31,41,28,44,-3.68,0.23,-3.4499999999999997,113.6,117.2,-3.6,100,0.24800000000000003,0.376,0.5780000000000001,NA,0.549,12,21.3,0.185,0.557,12.1,75,0.199,,NA,NA,FALSE,72,17305,42.5,88.5,0.48100000000000004,12.1,33.3,0.364,30.4,55.2,0.551,16.4,22,0.745,9.3,32,41.3,25.5,7.5,5,13.4,19.4,113.6,30,72,17305,43.5,89.3,0.48800000000000004,12.4,32.6,0.38,31.1,56.7,0.549,17.8,22.6,0.7869999999999999,10.6,34.5,45.2,25.3,7.6,4.7,13.7,18.7,117.2
2021,Detroit Pistons,25,24.5,20,52,26,46,-4.470000000000001,0.09,-4.38,108,112.5,-4.5,97.9,0.273,0.385,0.556,NA,0.519,13.5,21.9,0.20700000000000002,0.541,12.6,76.9,0.195,,14250,396,FALSE,72,17430,39.2,86.7,0.452,11.7,33.3,0.351,27.5,53.4,0.515,18,23.7,0.759,9.8,33.5,43.3,24.5,7.5,5.2,15.1,20.8,108,16,72,17430,41.9,88.1,0.47600000000000003,11.5,31.8,0.362,30.4,56.3,0.541,17.2,22.6,0.76,10.1,34.8,44.9,25.1,8.1,5.9,14.1,20.7,112.5
2021,Minnesota Timberwolves,26,23.2,23,49,24,48,-5.56,0.31,-5.25,109.5,115,-5.5,101.6,0.254,0.41300000000000003,0.555,NA,0.52,12.4,22.7,0.193,0.556,13.3,76.8,0.20700000000000002,,15774,438,FALSE,72,17405,39.8,88.8,0.448,12.8,36.7,0.349,27,52.1,0.518,17.2,22.6,0.761,10.3,32.2,42.5,25,8.6,5.4,13.9,20.4,109.5,28,72,17405,42,87.2,0.48200000000000004,12.8,32.7,0.392,29.2,54.5,0.536,18.1,23,0.7859999999999999,9.7,35,44.7,26.2,7.5,5.4,15,19.4,115
2021,Houston Rockets,27,26.5,17,55,20,52,-7.9,0.4,-7.5,107.1,114.9,-7.8,101.4,0.252,0.459,0.553,NA,0.521,13,19.8,0.187,0.555,12.9,77.1,0.201,,117009,3250,FALSE,72,17305,38.6,87.1,0.444,13.6,40,0.33899999999999997,25.1,47.2,0.532,16.3,22,0.74,9.2,32.8,41.9,23.2,7.5,4.9,14.5,19.2,107.1,27,72,17305,42,87.7,0.48000000000000004,13.2,34.6,0.382,28.8,53,0.544,17.6,22.5,0.7829999999999999,9.7,37.1,46.8,25.4,8.4,5.2,14.4,19,114.9
2021,Cleveland Cavaliers,28,24,22,50,18,54,-8.44,0.25,-8.19,105.8,114.4,-8.6,97.3,0.261,0.347,0.543,NA,0.508,13.9,23.6,0.194,0.556,13,76.6,0.183,,91476,2541,FALSE,72,17430,39.3,87.4,0.45,10.2,30.3,0.33599999999999997,29.1,57.1,0.51,17,22.8,0.743,10.6,32.9,43.5,24.3,7.9,4.6,15.8,18.5,105.8,25,72,17430,42.8,88.4,0.48400000000000004,12.6,33,0.383,30.1,55.3,0.545,16.2,20.8,0.779,10.1,34.5,44.6,25.9,8.7,6,14.6,20.5,114.4
2021,Orlando Magic,29,25.6,21,51,17,55,-9.31,0.29000000000000004,-9.02,105.1,114.5,-9.4,98.7,0.24000000000000002,0.356,0.527,NA,0.49,11.5,21.6,0.186,0.547,11.5,78.2,0.169,,126463,3513,FALSE,72,17330,38.7,90.2,0.42900000000000005,11,32.1,0.34299999999999997,27.7,58,0.47600000000000003,16.8,21.7,0.775,10.5,35.4,45.9,22.1,7,4.5,13,17.4,105.1,26,72,17330,42.7,90.6,0.47100000000000003,13.9,37.2,0.373,28.8,53.4,0.539,15.3,19.5,0.7859999999999999,9.9,38,47.9,26.3,7.7,5.4,12.9,18.8,114.5
2021,Oklahoma City Thunder,30,22.8,22,50,15,57,-10.639999999999999,0.51,-10.129999999999999,103.5,114,-10.5,101,0.24200000000000002,0.399,0.539,NA,0.509,14.2,21.2,0.17600000000000002,0.547,11.5,77.9,0.167,,NA,NA,FALSE,72,17355,38.3,86.8,0.441,11.7,34.6,0.33899999999999997,26.5,52.2,0.509,15.2,21,0.725,9.8,35.2,45,21.7,6.9,4.3,15.9,17.9,103.5,24,72,17355,42.8,90.4,0.47300000000000003,13.4,36.8,0.364,29.4,53.6,0.548,15.1,19.5,0.773,10,36.5,46.5,25.4,8.9,5.2,12.9,18.3,114
2022,Boston Celtics,1,26.1,51,31,59,23,7.28,-0.26,7.02,114.4,106.9,7.5,96.6,0.23900000000000002,0.42500000000000004,0.5780000000000001,NA,0.542,12.4,24,0.195,0.502,12.5,77.3,0.183,,785396,19156,TRUE,82,19905,41.7,89.5,0.466,13.5,38,0.356,28.2,51.5,0.547,17.4,21.4,0.8160000000000001,10.8,36.4,47.2,25.4,7.4,6,14,19,114.4,1,82,19905,39.2,90.1,0.43400000000000005,12.1,35.7,0.33899999999999997,27.1,54.4,0.497,16.5,21.1,0.7829999999999999,10.7,34,44.7,22.1,7.7,4.7,14.1,19.9,106.9
2022,Phoenix Suns,2,27.5,64,18,59,23,7.5,-0.56,6.94,114.8,107.3,7.5,99.8,0.221,0.354,0.581,NA,0.549,11.6,22.3,0.17600000000000002,0.51,13,77.1,0.195,,663171,16175,TRUE,82,19730,43.7,90.1,0.48500000000000004,11.6,31.9,0.364,32.1,58.2,0.551,15.9,19.9,0.7969999999999999,9.8,35.5,45.3,27.4,8.6,4.4,12.9,19.9,114.8,3,82,19730,39.2,88.3,0.444,11.6,34.2,0.33999999999999997,27.6,54.1,0.51,17.3,22.7,0.761,10.5,33.9,44.5,22.9,7.5,4,14.7,18.9,107.3
2022,Utah Jazz,3,29.3,49,33,56,26,6.04,-0.37,5.67,116.7,110.5,6.2,97.1,0.271,0.468,0.589,NA,0.555,12.7,25.4,0.20800000000000002,0.521,10.9,78.3,0.164,,750546,18306,TRUE,82,19730,41.7,88.5,0.47100000000000003,14.9,41.4,0.36,26.7,47.1,0.5680000000000001,18.4,24,0.767,11.1,36.5,47.6,23,7.4,5,14.4,19.4,116.7,9,82,19730,41.5,91.7,0.453,12.4,35.5,0.35,29.1,56.1,0.518,15,19.8,0.758,10.1,32.6,42.7,24,8,4.4,12.3,20.8,110.5
2022,Memphis Grizzlies,4,24,56,26,55,27,5.68,-0.32,5.37,114.6,109,5.6,100.3,0.24500000000000002,0.346,0.553,NA,0.522,11.2,30,0.18,0.523,13.3,77.8,0.195,,646785,15775,TRUE,82,19780,43.2,93.6,0.461,11.4,32.4,0.353,31.8,61.2,0.519,16.8,23,0.734,14,34.7,48.8,25.8,9.7,6.4,13.1,19.6,114.6,4,82,19780,40,87.9,0.455,11.9,34.2,0.349,28,53.7,0.522,17.1,22.2,0.771,9.9,32.7,42.7,24.8,7.1,6,14.9,19.7,109
2022,Golden State Warriors,5,27.6,53,29,55,27,5.54,-0.02,5.52,112.5,106.9,5.6,98.4,0.23500000000000001,0.456,0.582,NA,0.552,13.5,22.8,0.181,0.509,13,78.7,0.201,,740624,18064,TRUE,82,19730,41.1,87.6,0.46900000000000003,14.5,39.9,0.364,26.5,47.6,0.557,15.8,20.6,0.769,9.9,36.2,46.1,27.5,8.9,4.6,15.1,21.3,112.5,2,82,19730,38.4,87.7,0.43800000000000006,12.4,36.4,0.33899999999999997,26.1,51.3,0.509,17.6,23.2,0.759,9.8,33.4,43.2,23.2,8,3.9,14.7,18.2,106.9
2022,Miami Heat,6,28.2,53,29,53,29,4.45,-0.22,4.23,113.7,109.1,4.6,95.9,0.252,0.42200000000000004,0.584,NA,0.547,13.4,23.5,0.20400000000000001,0.524,13.8,78,0.20900000000000002,,804761,19628,TRUE,82,19855,40.9,87.6,0.467,14,37,0.379,26.9,50.6,0.531,17.8,22.1,0.808,10.2,35,45.2,26.3,7.6,3.3,15,21.2,113.7,5,82,19855,38.8,86.8,0.447,13.4,39.5,0.33899999999999997,25.4,47.2,0.537,18.1,23.2,0.779,9.9,33.2,43,24,7.7,4.2,15.5,21.2,109.1
2022,Dallas Mavericks,7,26.7,52,30,50,32,3.3,-0.18,3.12,112.8,109.4,3.4,95.4,0.24900000000000003,0.43900000000000006,0.5720000000000001,NA,0.538,11.7,21.3,0.192,0.521,12.2,78,0.185,,808037,19708,TRUE,82,19755,41,88.9,0.461,13.7,39,0.35,27.4,49.9,0.548,17.1,22.2,0.771,9.7,35.3,44.9,24.4,7,4.1,13.1,20.5,112.8,6,82,19755,40.7,89.2,0.457,11.4,33.6,0.33999999999999997,29.3,55.6,0.527,16.5,21.5,0.767,9.9,35.7,45.6,24.5,7.3,3.8,13.7,21,109.4
2022,Milwaukee Bucks,8,28.5,51,31,49,33,3.3499999999999996,-0.14,3.22,115.1,111.8,3.3,99.9,0.257,0.43000000000000005,0.58,NA,0.546,11.9,23,0.199,0.536,11.6,78.6,0.165,,715581,17453,TRUE,82,19755,41.7,89.1,0.468,14,38.3,0.366,27.7,50.8,0.544,17.7,22.9,0.776,10.2,36.3,46.6,23.8,7.6,4,13.4,18.2,115.1,14,82,19755,41.2,90.3,0.456,14.4,40.5,0.356,26.8,49.9,0.537,14.9,19.9,0.751,9.9,34.1,44,25.8,7.4,4.3,13,19.6,111.8
2022,Philadelphia 76ers,9,26.8,51,31,48,34,2.61,-0.04,2.57,113.5,110.8,2.7,96.2,0.28200000000000003,0.376,0.5780000000000001,NA,0.534,11.6,20.1,0.232,0.524,12.1,76.8,0.192,,846867,20655,TRUE,82,19805,40.7,87.3,0.466,12,32.8,0.364,28.7,54.4,0.527,20.2,24.6,0.8210000000000001,8.8,34.9,43.7,24.5,8,5.5,12.9,20,113.5,12,82,19805,41,89.4,0.458,11.7,33.9,0.346,29.2,55.5,0.527,17.2,22.3,0.769,10.6,35.1,45.6,24.3,6.8,4.8,13.7,20.1,110.8
2022,Minnesota Timberwolves,10,24.2,46,36,48,34,2.63,-0.1,2.53,114.3,111.7,2.6,100.9,0.254,0.454,0.5730000000000001,NA,0.539,12.4,24.4,0.198,0.535,14.2,74.9,0.227,,657148,16028,TRUE,82,19780,41,89.7,0.457,14.6,40.7,0.358,26.5,49,0.54,17.7,22.8,0.778,11.1,32.5,43.5,25.3,8.7,5.5,14.1,21.5,114.3,13,82,19780,39.7,86.1,0.46,12.9,36.8,0.35,26.8,49.3,0.543,19.5,25,0.7799999999999999,10.9,34.4,45.2,25.8,7.1,4.8,16.1,20.6,111.7
2022,Denver Nuggets,11,27.7,48,34,47,35,2.3,-0.15000000000000002,2.16,114.5,112.1,2.4,97.8,0.24400000000000002,0.41600000000000004,0.59,NA,0.556,13.2,21.9,0.194,0.537,11.7,78.3,0.188,,695262,16958,TRUE,82,19805,42.3,87.7,0.48300000000000004,12.9,36.5,0.353,29.4,51.2,0.5750000000000001,17,21.4,0.7949999999999999,9.3,35.5,44.8,28.2,7.3,3.8,14.7,20.3,114.5,15,82,19805,41.7,88.8,0.47000000000000003,12,34.8,0.346,29.7,54,0.549,16.7,22.1,0.757,9.8,33.2,43,25.8,8,4.9,13,20.2,112.1
2022,Toronto Raptors,12,24.8,48,34,47,35,2.29,0.08,2.38,112.9,110.5,2.4,96,0.234,0.375,0.543,NA,0.51,11,28.4,0.17700000000000002,0.535,14.4,75.6,0.199,,547343,13350,TRUE,82,19855,41.9,94.3,0.445,12.3,35.3,0.349,29.6,58.9,0.503,16.7,22,0.759,13.8,33,46.8,22.8,9.3,4.7,12.9,20.2,112.9,10,82,19855,40.2,87.1,0.462,12.8,36,0.354,27.5,51.1,0.538,17.3,21.9,0.7889999999999999,10.7,34.8,45.5,26.1,6.9,5.2,16.3,19.7,110.5
2022,Cleveland Cavaliers,13,24.7,44,38,47,35,2.12,-0.08,2.04,111.9,109.7,2.2,96.1,0.261,0.387,0.5710000000000001,NA,0.538,13.2,24,0.198,0.52,12.3,76.5,0.17200000000000001,,758228,18493,FALSE,82,19730,41.2,87.8,0.46900000000000003,12.1,34,0.355,29.1,53.8,0.541,17.4,22.9,0.76,10.6,35.3,45.9,26.1,7.3,4.3,14.9,18.1,111.9,7,82,19730,41,90.5,0.452,12.1,34.4,0.353,28.8,56.1,0.514,15.6,20.1,0.774,10.9,33.6,44.5,25,8.7,4.8,13.9,20.7,109.7
2022,Atlanta Hawks,14,26.1,43,39,45,37,1.56,-0.01,1.55,116.5,114.9,1.6,97.7,0.253,0.39,0.581,NA,0.543,10.8,23,0.20500000000000002,0.543,11.5,76.9,0.17700000000000002,,672742,16408,TRUE,82,19705,42.4,90.3,0.47000000000000003,13.2,35.2,0.374,29.2,55.1,0.531,18.5,22.8,0.812,10.3,34.7,45,25.2,7.3,4.3,12.1,19.1,116.5,26,82,19705,42.8,91,0.47100000000000003,13.1,36,0.364,29.7,54.9,0.541,16.1,20.4,0.7919999999999999,10.4,34.4,44.8,26,7.2,4.6,13,20.8,114.9
2022,Brooklyn Nets,15,29.1,44,38,43,39,0.7799999999999999,0.04,0.8200000000000001,113.6,112.8,0.8,99,0.24600000000000002,0.359,0.5760000000000001,NA,0.54,12.5,23.9,0.198,0.521,11.7,75.1,0.201,,711539,17355,TRUE,82,19755,42.2,89,0.47500000000000003,11.5,31.9,0.361,30.7,57,0.538,17.6,21.9,0.805,10.4,34.3,44.7,25.4,7.1,5.5,14.1,20.5,113.6,18,82,19755,41,90.7,0.452,12.6,36.5,0.345,28.4,54.2,0.523,18.3,23.2,0.7879999999999999,11.4,33,44.4,24,8,4.9,13.3,19.8,112.8
2022,Charlotte Hornets,16,25.5,43,39,42,40,0.44,0.09,0.53,114.1,113.7,0.4,100,0.234,0.41800000000000004,0.5720000000000001,NA,0.544,11.6,23.3,0.17300000000000001,0.544,13.1,74.8,0.187,,700755,17092,FALSE,82,19880,42.3,90.5,0.468,13.8,37.8,0.365,28.5,52.7,0.542,15.7,21.2,0.74,10.7,33.4,44.1,27.8,8.5,4.9,13.1,19.7,114.1,23,82,19880,41.6,89.2,0.466,13.9,38.3,0.362,27.7,50.9,0.544,16.7,21.9,0.763,11.2,35.2,46.5,26.2,7.4,4.6,14.8,19.4,113.7
2022,San Antonio Spurs,17,24.5,34,48,41,41,0.12000000000000001,-0.1,0.02,112.4,112.3,0.1,100,0.22,0.345,0.556,NA,0.527,11.1,23.7,0.166,0.532,12.1,75.1,0.17600000000000002,,615588,15014,FALSE,82,19805,43,92.1,0.467,11.2,31.8,0.352,31.7,60.3,0.527,15.3,20.3,0.754,10.9,34.1,45,27.7,7.6,4.9,12.6,18,112.4,16,82,19805,42.2,90.5,0.466,12,33.4,0.36,30.2,57.2,0.528,15.9,20.7,0.767,11.3,35.2,46.5,23.9,7.3,4.9,13.7,18.8,112.3
2022,Los Angeles Clippers,18,27.5,42,40,41,41,0.02,0.06,0.09,110.1,110.1,0,98,0.224,0.391,0.5640000000000001,NA,0.531,12.5,20.6,0.17800000000000002,0.514,12,74.4,0.167,,694005,16927,FALSE,82,19780,40.7,88.8,0.458,13,34.7,0.374,27.7,54.1,0.512,15.8,19.9,0.7929999999999999,9.3,35.4,44.7,24.4,7.5,5,13.9,18.9,110.1,8,82,19780,41.4,92,0.45,11.9,34.4,0.345,29.5,57.6,0.513,15.4,19.9,0.775,12.2,35.7,47.9,24.5,7.8,4.2,13.8,18.8,110.1
2022,New York Knicks,19,26,37,45,41,41,-0.12000000000000001,0.11,-0.01,110.4,110.5,-0.1,95.9,0.28,0.42800000000000005,0.55,NA,0.513,12,25.1,0.20800000000000002,0.521,11.7,78.8,0.198,,763484,18622,FALSE,82,19780,39.1,89.4,0.43700000000000006,13.7,38.3,0.357,25.4,51.1,0.497,18.6,25,0.744,11.9,35.9,47.8,22.7,7.2,5,13.7,21.1,110.4,11,82,19780,39.9,89.2,0.447,13.1,38.3,0.34199999999999997,26.8,50.8,0.527,17.6,23.1,0.764,9.7,35.6,45.3,25.1,7.2,4.8,13.1,21.1,110.5
2022,Chicago Bulls,20,26.3,46,36,40,42,-0.39,0.02,-0.38,113.2,113.6,-0.4,98.3,0.24800000000000003,0.33199999999999996,0.5790000000000001,NA,0.541,11.8,20.4,0.201,0.541,11.9,78.3,0.199,,856148,20882,TRUE,82,19730,42.3,88.2,0.48000000000000004,10.8,29.3,0.369,31.6,58.9,0.535,17.8,21.9,0.8130000000000001,8.8,34.2,42.9,24.2,7.2,4.2,13,19.1,113.2,22,82,19730,42,88.7,0.47400000000000003,11.9,32.4,0.366,30.2,56.3,0.536,17.7,22.3,0.7949999999999999,9.5,34.4,43.8,25.4,7.2,5.1,13.3,18.4,113.6
2022,New Orleans Pelicans,21,25.6,36,46,38,44,-0.99,0.15000000000000002,-0.8400000000000001,112,113,-1,97.2,0.264,0.365,0.557,NA,0.517,12.5,26.9,0.20800000000000002,0.547,13,78.2,0.196,,635941,15511,TRUE,82,19755,41.2,90.1,0.457,10.9,32.8,0.33199999999999996,30.2,57.3,0.528,18.8,23.8,0.7889999999999999,12.3,34.1,46.3,25.6,8.5,4.1,14.4,20.1,112,20,82,19755,41.2,87.6,0.47100000000000003,13.3,36.4,0.365,27.9,51.2,0.546,17.2,21.9,0.7859999999999999,9.5,33.3,42.8,25.5,7.6,4.9,14.5,21,113
2022,Los Angeles Lakers,22,30.2,33,49,33,49,-3.05,-0.03,-3.08,110.3,113.3,-3,100.1,0.259,0.388,0.5670000000000001,NA,0.537,12.8,21.1,0.19,0.54,12.2,75.8,0.192,,764631,18650,FALSE,82,19980,41,87.3,0.46900000000000003,11.8,33.9,0.347,29.2,53.4,0.546,16.6,22.6,0.732,9.4,33.9,43.3,23.6,7.5,5.1,14.3,19.8,110.3,21,82,19980,41.9,89.1,0.47000000000000003,12.4,35.2,0.352,29.5,53.8,0.548,17.1,22.9,0.747,10.8,35,45.8,25.8,8.2,4.1,13.8,19.8,113.3
2022,Washington Wizards,23,25.9,35,47,32,50,-3.38,0.15000000000000002,-3.23,111.1,114.5,-3.4,97,0.252,0.356,0.5680000000000001,NA,0.532,12.1,20.9,0.197,0.529,10.7,76.9,0.202,,637215,15542,FALSE,82,19830,41.5,88,0.47200000000000003,10.7,31.3,0.34199999999999997,30.8,56.7,0.543,17.4,22.2,0.7829999999999999,9.2,34.9,44.1,25.6,6.5,5.1,13.4,19.3,111.1,25,82,19830,42.2,90.9,0.464,11.7,32.5,0.361,30.5,58.4,0.522,18.4,22.8,0.807,10.5,34.7,45.2,24.2,7.5,4.3,12.1,20.4,114.5
2022,Indiana Pacers,24,26,25,57,32,50,-3.48,0.22,-3.2600000000000002,112.6,116.1,-3.5,98,0.23900000000000002,0.395,0.5640000000000001,NA,0.531,12.7,25.5,0.184,0.552,11.9,76.2,0.20400000000000001,,588743,14360,FALSE,82,19880,41.9,90.4,0.463,12.3,35.7,0.344,29.6,54.7,0.541,16.6,21.6,0.768,11.4,32.9,44.3,25.6,7.2,5.6,14.6,20.6,112.6,28,82,19880,42.9,88.8,0.48300000000000004,12.1,32.6,0.372,30.8,56.3,0.547,18.1,22.7,0.7969999999999999,10.3,33.3,43.5,25.4,8.2,4.9,13.4,19.4,116.1
2022,Sacramento Kings,25,25.8,30,52,28,54,-5.46,0.2,-5.26,109.9,115.3,-5.4,99.8,0.264,0.377,0.561,NA,0.525,12.5,21.3,0.203,0.551,11.9,76,0.17600000000000002,,577583,14087,FALSE,82,19805,40.3,87.7,0.46,11.4,33.1,0.344,29,54.7,0.53,17.8,23.2,0.768,9.5,33.2,42.8,23.6,7.1,4.5,14,18.9,109.9,27,82,19805,43.3,90.2,0.47900000000000004,12.9,34.8,0.372,30.3,55.5,0.547,15.9,20.4,0.776,10.5,35.1,45.6,25.2,8.1,4.8,13.4,20.2,115.3
2022,Detroit Pistons,26,23.6,23,59,22,60,-7.72,0.37,-7.359999999999999,106,113.8,-7.8,98.4,0.24900000000000003,0.391,0.533,NA,0.494,12.6,23.4,0.194,0.541,13.1,75.6,0.226,,663556,16184,FALSE,82,19780,38.6,89.6,0.43100000000000005,11.4,35,0.326,27.2,54.6,0.498,17.4,22.3,0.7819999999999999,11.1,32.4,43.5,23.7,7.8,4.8,14.3,22.2,106,24,82,19780,41.1,87,0.47300000000000003,11.9,32.9,0.362,29.2,54.1,0.54,19.7,25.4,0.777,10.4,36.3,46.8,25.4,7.5,5.3,14.8,20,113.8
2022,Orlando Magic,27,23.3,22,60,21,61,-8,0.32999999999999996,-7.67,104.5,112.5,-8,99.2,0.223,0.41700000000000004,0.538,NA,0.503,13,19.8,0.17500000000000002,0.532,11.7,77.2,0.196,,622881,15192,FALSE,82,19780,38.4,88.5,0.43400000000000005,12.2,36.9,0.33099999999999996,26.2,51.6,0.507,15.5,19.7,0.7869999999999999,9.1,35.3,44.4,23.8,6.8,4.5,14.5,19.7,104.5,17,82,19780,40.9,89.3,0.458,13.2,36.4,0.363,27.7,52.8,0.524,17.5,22.6,0.772,10.4,36.9,47.3,24.9,8,5.2,13.2,18.4,112.5
2022,Oklahoma City Thunder,28,22.4,24,58,21,61,-8.1,0.2,-7.9,104.6,112.8,-8.2,98.6,0.223,0.41900000000000004,0.53,NA,0.497,12.5,21.8,0.169,0.533,11.8,76.1,0.169,,595112,14515,FALSE,82,19805,38.6,89.9,0.43000000000000005,12.2,37.7,0.323,26.4,52.2,0.507,15.2,20.1,0.756,10.5,35.5,46,22.4,7.6,4.7,14.1,18.4,104.6,19,82,19805,41.8,91.3,0.458,13.7,39,0.353,28,52.3,0.536,15.4,20,0.771,11.1,37.6,48.8,26.3,8.5,6,13.4,18,112.8
2022,Houston Rockets,29,24.1,20,62,21,61,-8.48,0.22,-8.26,108.4,116.7,-8.3,100.9,0.28400000000000003,0.448,0.5650000000000001,NA,0.534,14.5,21.7,0.202,0.554,12.3,74.4,0.20600000000000002,,638977,15585,FALSE,82,19755,38.9,85.3,0.456,13.3,38.2,0.349,25.6,47.1,0.543,17.3,24.2,0.713,9.5,32,41.5,23.3,7.2,4.6,16.3,20.4,108.4,29,82,19755,42.9,88.8,0.48300000000000004,12.6,35.7,0.353,30.3,53.1,0.5700000000000001,18.3,23.4,0.7819999999999999,11,34.1,45.1,25.3,9.3,5.7,13.9,21.8,116.7
2022,Portland Trail Blazers,30,25.6,27,55,20,62,-8.88,0.32999999999999996,-8.55,107.8,116.9,-9.1,98.3,0.24800000000000003,0.42200000000000004,0.55,NA,0.515,13,22.9,0.188,0.559,12.7,76.9,0.222,,705608,17210,FALSE,82,19730,39.1,88.4,0.442,12.9,37.4,0.346,26.2,51.1,0.513,16.7,21.9,0.76,10.6,32.9,43.5,23.3,8.1,4.5,14.7,21.4,107.8,30,82,19730,41.8,87.2,0.47900000000000004,14,37.7,0.371,27.8,49.5,0.561,19.4,24.9,0.777,9.9,35.5,45.4,27,8.3,5.1,14.2,19.7,116.9
2023,Boston Celtics,1,27.4,57,25,57,25,6.52,-0.15000000000000002,6.38,118,111.5,6.5,98.5,0.24300000000000002,0.48000000000000004,0.6,NA,0.5660000000000001,12,22.1,0.197,0.528,11.3,78.5,0.18,,785396,19156,TRUE,82,19980,42.2,88.8,0.47500000000000003,16,42.6,0.377,26.2,46.2,0.5670000000000001,17.5,21.6,0.812,9.7,35.6,45.3,26.7,6.4,5.2,13.4,18.8,118,3,82,19980,41.8,90.2,0.463,11.6,33.7,0.345,30.1,56.5,0.534,16.2,21.1,0.769,9.7,34.3,44,23.1,6.6,3.9,12.7,19.1,111.5
2023,Cleveland Cavaliers,2,25.4,51,31,55,27,5.38,-0.15000000000000002,5.23,116.1,110.6,5.5,95.7,0.264,0.371,0.59,NA,0.556,12.3,23.6,0.20600000000000002,0.535,14.4,76.3,0.21000000000000002,,777280,18958,TRUE,82,19880,43,88.1,0.48800000000000004,12,32.7,0.367,31,55.4,0.559,18.2,23.3,0.7799999999999999,10,32.5,42.5,25.8,7.4,4.8,13.8,19.7,116.1,1,82,19880,40.4,86.4,0.468,11.7,31.6,0.368,28.7,54.7,0.525,18.1,23.2,0.7819999999999999,10.1,32.5,42.7,23.8,7.3,4.5,16.2,21.1,110.6
2023,Philadelphia 76ers,3,28.2,54,28,52,30,4.319999999999999,0.06,4.37,117.7,113.3,4.4,96.9,0.3,0.389,0.608,NA,0.5630000000000001,12.6,21.6,0.25,0.541,13,77.2,0.21700000000000003,,839261,20470,TRUE,82,19880,41.7,85.6,0.48700000000000004,12.9,33.3,0.387,28.8,52.3,0.551,21.4,25.6,0.8350000000000001,8.9,32.9,41.8,25.7,7.9,4.8,14,20.9,117.7,9,82,19880,41.3,87.3,0.47300000000000003,11.9,34.1,0.348,29.4,53.2,0.553,18.9,24.2,0.7809999999999999,9.7,32.3,42.1,24.7,6.7,4.7,14.6,20,113.3
2023,Memphis Grizzlies,4,24.4,51,31,51,31,3.94,-0.33999999999999997,3.6,115.1,111.2,3.9,101.1,0.259,0.372,0.5700000000000001,NA,0.54,11.7,26.5,0.19,0.526,13.1,75.9,0.20600000000000002,,707836,17264,TRUE,82,19780,43,90.6,0.47500000000000003,11.8,33.7,0.351,31.2,56.9,0.548,17.2,23.5,0.733,11.9,34,45.9,25.6,8.2,5.7,13.4,19.7,115.1,2,82,19780,40.1,88.4,0.453,12.8,36,0.355,27.3,52.4,0.521,18.2,23.2,0.7869999999999999,10.8,32.9,43.7,26,6.7,5.1,14.9,19.7,111.2
2023,Milwaukee Bucks,5,29.8,58,24,50,32,3.63,-0.02,3.61,115.4,111.9,3.5,100.5,0.24800000000000003,0.446,0.583,NA,0.555,12.7,25,0.184,0.52,10.4,77.8,0.17500000000000002,,718786,17531,TRUE,82,19830,42.2,89.2,0.47300000000000003,14.7,39.8,0.368,27.5,49.4,0.557,16.4,22.1,0.743,11,37,48,25.5,6.3,4.9,14.4,17.8,115.4,4,82,19830,41.9,92,0.456,11.9,33.7,0.354,30,58.3,0.514,16.1,20.7,0.776,10.6,33,43.6,23.6,7,3.9,11.7,18.7,111.9
2023,Denver Nuggets,6,26.6,53,29,49,33,3.3299999999999996,-0.29000000000000004,3.04,117.6,114.2,3.4,98.1,0.259,0.361,0.601,NA,0.5730000000000001,13.1,24.8,0.194,0.543,12.2,76.4,0.201,,788635,19235,TRUE,82,19755,44.2,87.8,0.504,12,31.7,0.379,32.3,56.1,0.5750000000000001,17.1,22.7,0.751,10.3,33.4,43.7,29.3,7.7,4.6,14.8,18.9,117.6,14,82,19755,42.4,88.7,0.47800000000000004,11.6,33.6,0.344,30.8,55.2,0.559,17.9,23,0.775,10.3,31.1,41.5,26.1,8,4.3,13.7,19.8,114.2
2023,New York Knicks,7,24.5,47,35,48,34,2.9299999999999997,0.06,2.9899999999999998,117.8,114.8,3,97.1,0.28500000000000003,0.4,0.5770000000000001,NA,0.541,11.4,28.3,0.21700000000000003,0.536,11.4,77.1,0.21000000000000002,,795110,19393,TRUE,82,19955,42.6,90.7,0.47000000000000003,12.8,36.3,0.354,29.8,54.5,0.547,19.7,25.8,0.761,12.8,34.6,47.3,23.3,6.5,4.2,13.2,20.6,117.8,19,82,19955,41.4,89.5,0.462,13.2,37.1,0.357,28.2,52.5,0.537,18.8,24.1,0.7819999999999999,10.3,32.4,42.7,25.5,6.1,4.6,12.9,21,114.8
2023,Sacramento Kings,8,25.4,48,34,47,35,2.65,-0.35,2.3,119.4,116.8,2.6,100.3,0.28400000000000003,0.42300000000000004,0.608,NA,0.5720000000000001,12,22.7,0.225,0.5630000000000001,12.6,77.2,0.203,,715491,17451,TRUE,82,19830,43.1,87.3,0.494,13.6,36.9,0.369,29.5,50.3,0.586,19.6,24.8,0.7899999999999999,9.4,32.6,42,27,6.9,3.3,13.3,19.5,119.4,25,82,19830,43.3,87.9,0.492,12.3,33.1,0.373,31,54.9,0.5640000000000001,17.9,22.7,0.7869999999999999,9.6,32.2,41.7,26.4,7.2,4.1,14.1,20.6,116.8
2023,Phoenix Suns,9,28.1,45,37,46,36,2.07,0.01,2.08,115.1,113,2.1,98.2,0.24100000000000002,0.362,0.5700000000000001,NA,0.535,12,26.6,0.191,0.532,12.9,76,0.234,,699911,17071,TRUE,82,19780,42.7,91.3,0.467,12.4,33,0.374,30.3,58.2,0.52,17.4,22,0.7929999999999999,12,32.8,44.8,27.6,7.2,5.3,13.7,21.5,115.1,7,82,19780,40.5,87,0.466,11.6,32.5,0.357,28.9,54.6,0.53,20.4,26,0.7859999999999999,10.4,33.1,43.4,23.7,7.3,4,14.6,20.1,113
2023,New Orleans Pelicans,10,25.9,42,40,46,36,1.8900000000000001,-0.26,1.6300000000000001,114.4,112.5,1.9,99.1,0.279,0.344,0.582,NA,0.543,12.9,24.7,0.221,0.543,13.4,77.4,0.21200000000000002,,687691,16773,FALSE,82,19855,42.1,87.6,0.48000000000000004,11,30.1,0.364,31.1,57.5,0.541,19.3,24.4,0.7929999999999999,10.6,33.2,43.7,25.9,8.3,4.1,14.6,20.5,114.4,6,82,19855,41,86.7,0.47200000000000003,12.2,36,0.33899999999999997,28.7,50.7,0.5670000000000001,18.4,23.6,0.779,9.7,32.1,41.8,24.9,7.3,4.7,15,20.4,112.5
2023,Golden State Warriors,11,27.3,44,38,45,37,1.8,-0.15000000000000002,1.6600000000000001,116.1,114.4,1.7,101.6,0.224,0.47900000000000004,0.6,NA,0.5710000000000001,14.1,24.4,0.17800000000000002,0.54,12.3,76,0.21400000000000002,,740624,18064,TRUE,82,19830,42.1,88,0.47900000000000004,16.2,42.2,0.385,25.9,45.9,0.5640000000000001,15.6,19.7,0.7939999999999999,10.3,33.3,43.6,29.1,7,3.8,15.9,20.9,116.1,17,82,19830,41.4,88.4,0.46900000000000003,12.6,34.7,0.364,28.8,53.7,0.536,18.9,24.6,0.769,10.5,31.8,42.3,25.1,7.7,3.9,14,18,114.4
2023,Toronto Raptors,12,25.8,41,41,45,37,1.48,0.12000000000000001,1.59,115.5,114,1.5,97.1,0.257,0.351,0.555,NA,0.517,10.3,27.8,0.201,0.5650000000000001,15.3,76.7,0.223,,811261,19787,FALSE,82,19805,42.9,93.5,0.459,11,32.8,0.33499999999999996,31.9,60.7,0.525,18.8,24,0.7839999999999999,13,31,44,24.5,9.6,5.3,11.9,20.5,115.5,12,82,19805,41.3,84.3,0.491,12.5,33.4,0.374,28.8,50.9,0.5670000000000001,18.8,23.6,0.7969999999999999,9.4,33.8,43.3,26.8,6.1,4.7,17.1,20,114
2023,Chicago Bulls,13,27.5,40,42,44,38,1.29,0.07,1.37,113.5,112.2,1.3,98.5,0.251,0.33299999999999996,0.587,NA,0.55,12.2,20.1,0.203,0.544,13.5,77.8,0.197,,841632,20528,FALSE,82,19905,42.7,87.1,0.49,10.4,29,0.361,32.2,58.1,0.555,17.7,21.9,0.809,8.5,34,42.5,24.5,7.9,4.5,13.4,19,113.5,5,82,19905,40.9,87.4,0.468,13.3,37.2,0.357,27.6,50.2,0.55,17.2,22.1,0.779,9.7,33.8,43.5,26.1,6.7,4.8,15.1,18.8,112.2
2023,Oklahoma City Thunder,14,22.8,40,42,44,38,1.09,-0.12000000000000001,0.96,115.2,114.2,1,101.1,0.256,0.369,0.5700000000000001,NA,0.531,11.2,24.7,0.20700000000000002,0.547,14.4,72.9,0.222,,636903,15534,FALSE,82,19855,42.3,90.8,0.465,11.9,33.5,0.356,30.4,57.3,0.53,18.8,23.3,0.809,11.2,31.6,42.8,23.9,8.1,4.1,12.8,20.6,115.2,16,82,19855,41.1,86.7,0.47400000000000003,12.7,35.3,0.358,28.4,51.4,0.553,19.3,25,0.771,11.7,34,45.7,25.4,6.8,5.4,16.4,20,114.2
2023,Brooklyn Nets,15,28,45,37,43,39,0.8500000000000001,0.18,1.03,115,114.1,0.9,98.3,0.26,0.397,0.598,NA,0.562,12.7,19.6,0.20800000000000002,0.53,12.2,73.7,0.21200000000000002,,724439,17669,TRUE,82,19730,42,86.3,0.48700000000000004,13,34.3,0.378,29.1,52,0.559,17.9,22.4,0.8,8.3,32.8,41.1,25.9,7.2,6.3,13.9,21.4,115,13,82,19730,41.6,89.8,0.463,12,32.7,0.367,29.6,57.1,0.518,19,24.8,0.767,11.7,34.1,45.8,23.7,7.1,3.9,13.9,18.8,114.1
2023,Los Angeles Lakers,16,27.9,43,39,42,40,0.5700000000000001,-0.15000000000000002,0.43000000000000005,114.5,113.9,0.6,101.3,0.29900000000000004,0.351,0.582,NA,0.542,12.3,22.8,0.232,0.535,10.9,76.3,0.171,,763168,18614,TRUE,82,19880,41.9,87,0.48200000000000004,10.5,30.5,0.346,31.4,56.5,0.555,20.2,26,0.775,9.7,34.9,44.7,24.7,6.3,4.5,13.8,17.5,114.5,11,82,19880,43,91.7,0.46900000000000003,12.3,35.6,0.344,30.7,56.1,0.548,15.7,20.3,0.773,10.8,33,43.8,25.1,7.4,5,12.3,21,113.9
2023,Los Angeles Clippers,17,29.7,44,38,42,40,0.5,-0.19,0.31,115,114.5,0.5,98,0.278,0.387,0.588,NA,0.551,12.8,22.9,0.21700000000000003,0.543,11.7,76.6,0.195,,720543,17574,TRUE,82,19830,41.6,87.2,0.47700000000000004,12.9,33.8,0.381,28.8,53.4,0.539,18.9,24.2,0.7809999999999999,9.9,33.9,43.8,24.2,7.2,4.5,14.4,19.7,115,18,82,19830,42.4,89.5,0.47400000000000003,12.4,33.8,0.365,30,55.6,0.539,17.5,22.6,0.771,10.4,33.3,43.7,25.3,7.9,4.2,13.2,19.8,114.5
2023,Atlanta Hawks,18,24.9,41,41,42,40,0.29000000000000004,0.02,0.32,116.6,116.3,0.3,100.7,0.24400000000000002,0.33099999999999996,0.5790000000000001,NA,0.541,11.2,25.1,0.2,0.552,12.4,75.8,0.20600000000000002,,719787,17556,TRUE,82,19855,43.9,90.9,0.48300000000000004,10.6,30.1,0.352,33.3,60.9,0.548,18.2,22.2,0.8180000000000001,11,32.6,43.7,24.6,7,4.8,12.7,18.5,116.6,22,82,19855,43.1,88.8,0.48600000000000004,11.8,33,0.356,31.4,55.8,0.562,18.3,22.8,0.803,10.4,33,43.4,25.6,7.4,5,13.9,19.4,116.3
2023,Dallas Mavericks,19,27.8,38,44,41,41,0.07,-0.22,-0.14,116.8,116.7,0.1,96.6,0.29800000000000004,0.48700000000000004,0.599,NA,0.5650000000000001,11.4,18,0.225,0.549,11.9,75.5,0.226,,827282,20178,FALSE,82,19930,40.9,86.2,0.47500000000000003,15.5,41.9,0.371,25.4,44.2,0.5740000000000001,19.4,25.7,0.755,7.8,31.9,39.7,23.4,6.4,3.8,12.5,21.2,116.8,23,82,19930,42.7,88.1,0.48500000000000004,11.4,32.4,0.352,31.3,55.7,0.562,19.9,25.5,0.7809999999999999,10.4,35.4,45.7,25.5,6.5,3.9,13.4,22.3,116.7
2023,Minnesota Timberwolves,20,25.8,42,40,41,41,-0.04,-0.18,-0.22,113.7,113.8,-0.1,101,0.271,0.381,0.592,NA,0.56,13.6,21.5,0.20500000000000002,0.54,13.3,74.3,0.225,,687510,16769,TRUE,82,19830,42.1,85.9,0.49,11.9,32.7,0.365,30.2,53.1,0.5680000000000001,17.6,23.3,0.755,9,32.2,41.1,25.7,7.9,5.3,15.1,21.2,113.7,10,82,19830,41.1,87.2,0.47100000000000003,12.1,32.7,0.369,29,54.5,0.532,19.6,25.6,0.766,11.1,32.8,43.9,24.6,8.1,4,15.1,19.8,113.8
2023,Miami Heat,21,27.7,44,38,40,42,-0.32,0.18,-0.13,113,113.3,-0.3,96.3,0.27,0.40800000000000003,0.5740000000000001,NA,0.53,12.4,22.8,0.224,0.561,14.5,77.7,0.198,,807190,19688,TRUE,82,19805,40.5,88,0.46,12.3,35.9,0.344,28.1,52.1,0.54,19.7,23.7,0.8310000000000001,10,31.9,41.9,24.6,8.2,3.1,13.9,19.1,113,8,82,19805,41.4,85.9,0.48200000000000004,13.6,36.9,0.367,27.8,49,0.5690000000000001,17,21.8,0.7809999999999999,9.2,34,43.2,26.4,7.2,3.9,16.2,20.7,113.3
2023,Utah Jazz,22,26.5,37,45,39,43,-0.9400000000000001,-0.09,-1.03,115.8,116.7,-0.9,100.5,0.265,0.42100000000000004,0.584,NA,0.547,13.3,26.8,0.20900000000000002,0.541,10.9,75.2,0.20500000000000002,,728240,17762,FALSE,82,19805,42,88.8,0.47300000000000003,13.2,37.4,0.353,28.8,51.4,0.56,18.5,23.6,0.7859999999999999,11.7,33.7,45.4,25.7,6,5.2,15.2,20.2,115.8,24,82,19805,42.9,90.6,0.47300000000000003,12.3,34.1,0.361,30.5,56.5,0.54,18.6,24,0.776,11.1,31.9,43,24.7,7.7,4.9,12.4,20.2,116.7
2023,Washington Wizards,23,26.2,35,47,38,44,-1.21,0.15000000000000002,-1.06,114.4,115.6,-1.2,98.6,0.258,0.365,0.585,NA,0.55,12.7,22.6,0.202,0.54,11,76.1,0.194,,710481,17329,FALSE,82,19755,42.6,87.9,0.48500000000000004,11.4,32.1,0.356,31.2,55.8,0.559,17.8,22.7,0.7849999999999999,9.5,34.6,44.1,25.7,6.9,5.2,14.3,19,114.4,21,82,19755,42.9,90.8,0.47300000000000003,12.1,33.1,0.366,30.8,57.6,0.534,17.7,22.1,0.7979999999999999,10.9,32.6,43.5,25.1,7.2,5,12.4,19.6,115.6
2023,Orlando Magic,24,23.1,34,48,35,47,-2.56,0.17,-2.3899999999999997,111.6,114.2,-2.6,99.3,0.29000000000000004,0.361,0.5730000000000001,NA,0.532,13.4,23.8,0.227,0.55,13.1,77.7,0.21100000000000002,,728405,17766,FALSE,82,19780,40.6,86.4,0.47000000000000003,10.8,31.2,0.346,29.8,55.3,0.539,19.6,25,0.7839999999999999,10.2,33.1,43.3,23.3,7.4,4.7,15.1,20.2,111.6,15,82,19780,41.4,87.1,0.47600000000000003,13,37,0.351,28.4,50.1,0.5670000000000001,18.4,23.1,0.7959999999999999,9.5,32.6,42.1,25.9,7.7,5.1,14.7,20.5,114.2
2023,Indiana Pacers,25,24.5,35,47,33,49,-3.18,0.28,-2.9099999999999997,114.6,117.7,-3.1,101.1,0.265,0.41300000000000003,0.581,NA,0.545,13,23.4,0.20900000000000002,0.554,13,72.2,0.229,,641562,15648,FALSE,82,19755,41.4,88.3,0.46900000000000003,13.4,36.4,0.367,28,51.8,0.54,18.4,23.4,0.7899999999999999,10,30.9,40.9,26.6,7.6,5.7,14.7,20.9,114.6,26,82,19755,42.6,88,0.48500000000000004,12.2,32.8,0.373,30.4,55.2,0.551,20.2,25.2,0.8,11.9,32.7,44.6,26,7.8,5.3,14.8,19.9,117.7
2023,Portland Trail Blazers,26,25.1,33,49,31,51,-4.01,0.05,-3.96,114.8,118.8,-4,98.6,0.28900000000000003,0.41300000000000003,0.589,NA,0.549,13.1,22.4,0.23,0.5630000000000001,12.1,74.9,0.21700000000000003,,767374,18716,FALSE,82,19730,40.9,86.4,0.47400000000000003,13,35.7,0.365,27.9,50.7,0.55,19.9,24.9,0.7959999999999999,9.6,31.5,41,24.5,6.8,4.6,14.6,20.3,114.8,27,82,19730,43.5,88.6,0.491,12.7,33.5,0.379,30.8,55,0.559,19.2,24.4,0.7869999999999999,10.6,33.2,43.7,27.3,7.9,4.3,13.7,20.7,118.8
2023,Charlotte Hornets,27,25.3,27,55,26,56,-6.24,0.35,-5.89,109.2,115.3,-6.1,100.8,0.261,0.36,0.55,NA,0.516,12.3,23.8,0.195,0.544,12.5,75.5,0.21100000000000002,,702052,17123,FALSE,82,19830,40.6,89,0.457,10.6,32,0.32999999999999996,30.1,56.9,0.528,17.4,23.2,0.749,10.8,33,43.8,24.7,7.6,5.1,14,19.9,109.2,20,82,19830,42.3,88.7,0.47700000000000004,12,33.7,0.357,30.2,55,0.55,18.7,23.6,0.7949999999999999,10.7,34.7,45.5,25.5,6.9,5.7,14.1,20,115.3
2023,Houston Rockets,28,22.1,22,60,23,59,-7.85,0.24000000000000002,-7.619999999999999,111.4,119.3,-7.9,99,0.28500000000000003,0.359,0.554,NA,0.516,14,30.2,0.21500000000000002,0.5640000000000001,11.8,75.8,0.21800000000000003,,668865,16314,FALSE,82,19755,40.8,89.4,0.457,10.5,32.1,0.327,30.3,57.3,0.53,19.2,25.5,0.754,13.5,33.1,46.6,22.5,7.4,4.6,16.3,20.6,111.4,29,82,19755,42.7,88.7,0.48200000000000004,14.6,39.1,0.374,28.1,49.6,0.5670000000000001,19.3,24.4,0.7939999999999999,10.6,31.2,41.8,26.3,8.8,6.2,13.2,20.8,119.3
2023,Detroit Pistons,29,24.1,17,65,22,60,-8.219999999999999,0.49,-7.73,110.7,118.9,-8.2,99,0.29500000000000004,0.372,0.561,NA,0.52,13.3,24.9,0.227,0.557,11.9,74,0.231,,759715,18596,FALSE,82,19805,39.7,87.4,0.454,11.4,32.5,0.351,28.3,54.8,0.516,19.9,25.8,0.771,11.2,31.4,42.6,23.1,7,3.8,15.1,22.2,110.7,28,82,19805,43.2,88.4,0.48900000000000005,12,33.4,0.36,31.2,54.9,0.5680000000000001,20.4,26.3,0.777,11,33.9,44.9,25.8,7.7,5.5,13.6,21,118.9
2023,San Antonio Spurs,30,23.9,22,60,19,63,-10.04,0.22,-9.82,110.2,120,-9.8,101.6,0.229,0.348,0.554,NA,0.525,13,25.6,0.17,0.5760000000000001,12,74.9,0.201,,694434,15508,FALSE,82,19855,42,90.3,0.465,10.8,31.4,0.345,31.2,58.9,0.529,15.4,20.7,0.743,11.5,31.1,42.6,26.5,6.8,3.8,14.9,19.4,110.2,30,82,19855,45,88.7,0.507,12.3,31.5,0.391,32.6,57.2,0.5710000000000001,17.8,23.1,0.77,10.4,33.4,43.9,26.1,7.9,5.1,13.5,18,120
2024,Boston Celtics,1,28.2,64,18,66,16,11.34,-0.6,10.75,123.2,111.6,11.6,97.2,0.224,0.47100000000000003,0.609,NA,0.5780000000000001,10.8,24.9,0.18,0.523,10.8,76.3,0.14500000000000002,,785396,19156,TRUE,82,19830,44.9,92.1,0.48700000000000004,16.8,43.4,0.388,28,48.8,0.5750000000000001,16.6,20.6,0.807,10.9,36.4,47.3,27.5,6.9,6.7,12.2,16.5,123.2,3,82,19830,42.4,93.6,0.453,13.2,37.5,0.352,29.2,56.1,0.52,13.6,17.7,0.768,11.3,33,44.3,25.4,6.4,3.8,12.3,17.6,111.6
2024,Oklahoma City Thunder,2,23.4,57,25,58,24,7.41,-0.05,7.359999999999999,119.5,112.1,7.4,99.8,0.24000000000000002,0.383,0.608,NA,0.5730000000000001,11.4,21.1,0.198,0.53,13.6,73.8,0.202,,715509,17451,TRUE,82,19805,44.3,88.9,0.499,13.2,34,0.389,31.1,54.9,0.5670000000000001,17.6,21.4,0.8250000000000001,8.8,33.1,41.8,27,8.4,6.5,12.6,18.8,119.5,4,82,19805,40.4,88.9,0.455,13.4,37,0.361,27,51.8,0.522,18,22.8,0.7889999999999999,11.7,32.7,44.5,26.8,7.1,5.1,15.6,18.8,112.1
2024,Minnesota Timberwolves,3,27.2,56,26,57,25,6.45,-0.07,6.39,115.6,109,6.6,97.1,0.27,0.384,0.594,NA,0.559,13,23.2,0.20900000000000002,0.515,12.9,76.9,0.197,,738984,18024,TRUE,82,19805,42.2,87,0.48500000000000004,12.9,33.5,0.387,29.3,53.6,0.546,18.2,23.5,0.777,9.6,35,44.6,27.3,8.1,6.2,14.5,19.3,115.6,1,82,19805,39.9,88.8,0.45,11.7,33,0.354,28.2,55.8,0.506,17.5,22.4,0.7809999999999999,10.5,31.9,42.4,25.1,7.7,4.6,14.5,20.3,109
2024,Denver Nuggets,4,27.1,57,25,54,28,5.26,-0.03,5.23,118.5,113,5.5,96.8,0.224,0.352,0.589,NA,0.562,11.5,25.5,0.17,0.526,11.2,75.6,0.195,,807062,19684,TRUE,82,19705,45.4,91.5,0.496,12,32.2,0.374,33.4,59.4,0.562,15.6,20.5,0.762,11.1,34.8,45.8,30.4,7.4,5.7,13,18.7,118.5,8,82,19705,41.9,90.7,0.462,11.6,32.5,0.355,30.3,58.1,0.522,17.7,22.9,0.772,11.2,32.4,43.6,26.5,7.3,5,12.8,18.5,113
2024,New York Knicks,5,26.4,50,32,53,29,4.59,-0.23,4.359999999999999,118.2,113.4,4.8,95.2,0.24600000000000002,0.404,0.5740000000000001,NA,0.54,11.9,29.4,0.192,0.543,12.3,76.1,0.17600000000000002,,808885,19729,TRUE,82,19730,43.3,92.9,0.465,13.8,37.5,0.369,29.4,55.4,0.531,17.8,22.9,0.7799999999999999,13.3,34.1,47.3,25.5,7.8,4.3,13.9,18.5,118.2,10,82,19730,42.2,89.8,0.47000000000000003,13.1,35.9,0.365,29.1,53.8,0.54,15.8,20.7,0.764,10.7,31.8,42.6,26.8,7.1,5.5,13.8,20,113.4
2024,New Orleans Pelicans,6,26,49,33,52,30,4.41,0.05,4.46,117.4,112.9,4.5,97.9,0.261,0.373,0.591,NA,0.558,11.8,24.4,0.202,0.541,12.9,76.9,0.186,,692054,17301,TRUE,82,19705,43.3,89.1,0.48600000000000004,12.7,33.3,0.383,30.6,55.9,0.548,18,23.3,0.771,10.6,34.2,44.8,27.5,8.5,4.7,13.3,18.8,117.4,7,82,19705,41.3,89,0.464,13.8,39.5,0.349,27.5,49.5,0.555,16.6,21.1,0.7829999999999999,10.3,32.9,43.2,27.3,6.7,5.3,14.5,18.7,112.9
2024,Los Angeles Clippers,7,30.4,51,31,49,33,3.2800000000000002,0.13,3.4099999999999997,118.8,115.4,3.4,97.2,0.256,0.383,0.599,NA,0.561,12,24.4,0.21100000000000002,0.541,11.7,74.8,0.183,,776782,18946,TRUE,82,19705,43.5,89,0.48900000000000005,13,34.1,0.381,30.5,55,0.555,18.8,22.8,0.8250000000000001,10.3,33.8,44.1,26.3,8,5.2,13.5,19,118.8,18,82,19705,42.8,91.3,0.468,13.2,36.4,0.363,29.6,54.9,0.538,16.7,21.5,0.775,11.4,32,43.3,27.1,7.5,4.8,13.4,19.3,115.4
2024,Philadelphia 76ers,8,28.4,47,35,49,33,3.05,-0.54,2.51,116.9,113.8,3.1,97.5,0.264,0.373,0.5740000000000001,NA,0.532,10.7,24.8,0.21800000000000003,0.537,13.1,74.3,0.21500000000000002,,821714,20042,TRUE,82,19780,42.3,91.2,0.464,12.3,34,0.363,30,57.2,0.525,19.9,24.1,0.8260000000000001,11.3,32.5,43.8,25.4,8.6,6.1,12.2,20.7,116.9,11,82,19780,41.3,88.3,0.468,12.2,34.4,0.354,29.1,53.9,0.541,19,24,0.7909999999999999,11.2,34.1,45.3,26.7,6.3,6.3,14.9,18.9,113.8
2024,Phoenix Suns,9,29.3,49,33,49,33,3.06,0.02,3.08,117.6,114.6,3,98.3,0.271,0.378,0.603,NA,0.5650000000000001,13.4,25,0.21900000000000003,0.536,11.3,75.6,0.17800000000000002,,699911,17071,TRUE,82,19780,43,87.2,0.493,12.6,33,0.382,30.4,54.2,0.561,19.1,23.6,0.808,10.3,34.3,44.6,27.4,7.5,6.1,15.1,18.2,117.6,13,82,19780,42.5,91.7,0.464,13.3,36.4,0.364,29.3,55.3,0.529,16.3,21,0.774,11.1,30.7,41.8,26.6,8.5,4.6,12.9,19.9,114.6
2024,Indiana Pacers,10,25.3,47,35,48,34,3.05,-0.3,2.75,121,118,3,101.7,0.222,0.38,0.606,NA,0.5780000000000001,11.3,23.8,0.17300000000000001,0.556,12.1,74.1,0.228,,677554,16526,TRUE,82,19705,46.1,91,0.507,13,34.6,0.374,33.2,56.4,0.589,15.8,20.2,0.7819999999999999,9.9,30.9,40.8,30.2,7.6,5.8,12.7,21,121,24,82,19705,43.7,88.1,0.496,10.5,28.8,0.365,33.2,59.3,0.56,20.1,25.5,0.7869999999999999,10.8,31.8,42.6,24.2,6.5,5.3,13.7,18,118
2024,Golden State Warriors,11,28.4,46,36,47,35,2.61,0.16,2.77,117.8,115.2,2.6,99.2,0.21900000000000003,0.42500000000000004,0.586,NA,0.557,12.5,27.5,0.171,0.539,11.5,76.1,0.195,,740624,18064,FALSE,82,19830,43.7,91.7,0.47700000000000004,14.8,38.9,0.38,28.9,52.8,0.548,15.6,20.1,0.7799999999999999,12.2,34.6,46.7,29.3,7,4.6,14.3,19.5,117.8,15,82,19830,42.1,90.5,0.466,13.3,37,0.359,28.9,53.5,0.539,17.7,22.4,0.7879999999999999,10.9,32.1,42.9,26.7,7.7,5,13,17.9,115.2
2024,Milwaukee Bucks,12,30.2,49,33,47,35,2.62,-0.18,2.44,118.4,115.8,2.6,99.9,0.27,0.43000000000000005,0.601,NA,0.5680000000000001,11.5,21.8,0.20900000000000002,0.539,10.6,77.2,0.189,,740850,17659,TRUE,82,19805,42.9,88.1,0.48700000000000004,14.1,37.9,0.373,28.8,50.2,0.5740000000000001,18.4,23.8,0.774,9.4,34.6,43.9,26.4,6.8,5,12.8,19.1,118.4,19,82,19805,43,91.4,0.47000000000000003,12.5,35.1,0.356,30.5,56.3,0.541,17.3,21.4,0.807,10.2,33.5,43.8,26.3,7,4.2,12,19.1,115.8
2024,Cleveland Cavaliers,13,26.2,48,34,47,35,2.4099999999999997,-0.44,1.98,115.2,112.7,2.5,97.2,0.234,0.42200000000000004,0.586,NA,0.557,12.4,23.2,0.17900000000000002,0.535,12.3,76.9,0.19,,793167,19432,TRUE,82,19805,42.7,89.2,0.47900000000000004,13.8,37.6,0.367,28.9,51.5,0.561,15.9,20.8,0.765,10.1,34.2,44.3,28.7,7.5,4.7,13.9,17.9,115.2,6,82,19805,41.4,89.5,0.463,12.8,34.6,0.371,28.6,54.9,0.521,17,21.5,0.7909999999999999,10.3,33.4,43.6,25.8,7.9,5.1,13.9,19.2,112.7
2024,Dallas Mavericks,14,26.5,50,32,46,36,2.21,0.09,2.3,117.6,115.4,2.2,100.1,0.251,0.441,0.592,NA,0.562,11.2,22.2,0.19,0.548,12.1,75.2,0.184,,828897,20217,TRUE,82,19705,43,89.5,0.48100000000000004,14.6,39.5,0.369,28.5,50,0.5690000000000001,17,22.4,0.758,9.7,33.2,42.9,25.6,6.9,4.9,12.5,18.3,117.6,17,82,19705,42.9,90.2,0.47500000000000003,13.1,35.6,0.368,29.8,54.7,0.545,16.6,21.6,0.77,10.9,34.1,45,27.5,7.3,4,13.7,20.3,115.4
2024,Orlando Magic,15,24,47,35,46,36,2.02,-0.55,1.48,113.4,111.3,2.1,96.9,0.28700000000000003,0.369,0.5770000000000001,NA,0.541,13.3,25.3,0.21800000000000003,0.543,13.8,78.1,0.20600000000000002,,773939,18849,TRUE,82,19780,41.5,87.2,0.47600000000000003,11.3,32.1,0.352,30.2,55,0.549,19,25.1,0.759,10.8,32.6,43.4,25.3,8.4,5.3,15.1,20.3,113.4,2,82,19780,40.9,86.2,0.47400000000000003,11.8,33,0.358,29,53.2,0.546,17.8,22.8,0.7799999999999999,9.1,31.8,40.9,24.5,8.3,4.7,15.4,21.4,111.3
2024,Miami Heat,16,28,46,36,46,36,1.76,-0.6599999999999999,1.1,114,112.2,1.8,96.2,0.257,0.394,0.5780000000000001,NA,0.538,11.7,21.8,0.21000000000000002,0.543,12.7,78.1,0.17400000000000002,,809743,19750,TRUE,82,19755,41.2,88.7,0.465,12.9,34.9,0.37,28.3,53.8,0.527,18.7,22.8,0.8180000000000001,9.7,34.1,43.8,26.7,7.8,3.5,13.1,17.9,114,5,82,19755,41.6,89.1,0.467,13.4,38.1,0.353,28.2,51,0.553,15.5,19.9,0.7799999999999999,9.6,34.7,44.3,27.4,6.9,4.9,14.2,19.6,112.2
2024,Sacramento Kings,17,26.4,46,36,45,37,1.74,0.55,2.29,116.9,115.2,1.7,98.8,0.229,0.43200000000000005,0.582,NA,0.556,11.6,24.5,0.171,0.555,12.5,78.4,0.21300000000000002,,735015,17927,FALSE,82,19855,43.5,91.2,0.47700000000000004,14.4,39.4,0.366,29,51.8,0.561,15.6,20.9,0.745,10.9,33.3,44.1,28.4,7.6,4.2,13.2,20,116.9,14,82,19855,41.8,87,0.48000000000000004,13.1,33.9,0.387,28.6,53.1,0.539,18.5,23.1,0.8,9.1,33.5,42.7,27,7.4,4.5,13.9,18.4,115.2
2024,Houston Rockets,18,25.1,41,41,44,38,1.12,0.12000000000000001,1.24,114.5,113.4,1.1,99,0.257,0.397,0.5650000000000001,NA,0.529,11.2,25.1,0.199,0.533,12.2,76,0.21900000000000003,,720045,17562,FALSE,82,19855,41.8,91.1,0.459,12.7,36.2,0.352,29.1,54.9,0.53,18.1,23.4,0.773,11.5,34,45.5,24.9,7.8,4.6,12.8,20.8,114.5,9,82,19855,40.8,88.3,0.463,12.4,35.5,0.348,28.5,52.8,0.54,19.3,25.2,0.767,10.7,34.2,45,24.4,7.3,5.9,13.8,19.7,113.4
2024,Los Angeles Lakers,19,28,47,35,42,40,0.6,0.48000000000000004,1.07,115.9,115.3,0.6,100.9,0.276,0.358,0.601,NA,0.5660000000000001,12.5,19.9,0.21600000000000003,0.55,11.7,76.2,0.15300000000000002,,793945,18925,TRUE,82,19855,42.9,86,0.499,11.6,30.8,0.377,31.3,55.2,0.5670000000000001,18.6,23.8,0.7819999999999999,8.1,34.2,42.3,28,7.2,5.4,13.7,15.4,115.9,16,82,19855,43.6,92.1,0.47400000000000003,14,37.2,0.376,29.6,54.8,0.54,14.1,17.7,0.7949999999999999,10.7,32.6,43.3,27.7,8.1,4.7,13.2,19.4,115.3
2024,Chicago Bulls,20,28.1,39,43,37,45,-1.44,-0.32999999999999996,-1.77,114.9,116.3,-1.4,96.3,0.23600000000000002,0.358,0.5680000000000001,NA,0.534,11,25.1,0.187,0.556,12.7,76.4,0.195,,845620,20625,FALSE,82,19980,43,91.6,0.47000000000000003,11.7,32.8,0.358,31.3,58.7,0.532,17.1,21.6,0.7909999999999999,11.4,33.4,44.8,25.6,8,4.9,12.5,19.2,114.9,21,82,19980,42,89,0.47300000000000003,14.9,40.4,0.37,27.1,48.6,0.558,17.3,22.3,0.776,10.3,34,44.4,28.5,6.9,5,14.3,19.2,116.3
2024,Atlanta Hawks,21,26.2,36,46,36,46,-2.18,-0.19,-2.38,117.2,119.4,-2.2,100.1,0.251,0.40800000000000003,0.5760000000000001,NA,0.539,11.6,27.1,0.2,0.5720000000000001,12.4,75.2,0.192,,696418,16986,FALSE,82,19855,42.6,91.6,0.465,13.6,37.3,0.364,29,54.3,0.535,18.4,23,0.7969999999999999,12.4,31.9,44.2,26.3,7.4,4.5,13.4,18.4,117.2,27,82,19855,44.2,89.3,0.495,13.9,36.1,0.384,30.3,53.2,0.5700000000000001,17.1,21.6,0.7919999999999999,10.5,33.3,43.8,27.9,7.7,5.6,14,19.3,119.4
2024,Brooklyn Nets,22,26.1,32,50,34,48,-2.8899999999999997,-0.13,-3.02,113.2,116.1,-2.9,96.9,0.234,0.41200000000000003,0.561,NA,0.531,11.8,25.2,0.17700000000000002,0.543,11.4,76,0.193,,720291,17568,FALSE,82,19805,41.7,91.4,0.456,13.6,37.6,0.362,28.1,53.7,0.522,16.2,21.4,0.756,11.7,33.4,45.2,26.3,7,5.3,13.5,19,113.2,20,82,19805,42.6,90.7,0.47000000000000003,13.3,35.8,0.372,29.3,54.9,0.534,17.5,21.7,0.807,10.5,34.9,45.4,26.1,7,5.1,12.9,18.7,116.1
2024,Utah Jazz,23,25.1,31,51,29,53,-4.89,0.6799999999999999,-4.22,115.5,120.4,-4.9,99.5,0.251,0.406,0.5790000000000001,NA,0.539,13.6,28.1,0.20900000000000002,0.5670000000000001,10.9,75.2,0.182,,746446,18206,FALSE,82,19805,41.9,89.8,0.467,12.9,36.5,0.354,29,53.3,0.544,18.7,22.6,0.8300000000000001,12.2,33.2,45.4,27.2,6.5,5.6,15.7,18.6,115.5,30,82,19805,44.5,91.5,0.48700000000000004,14.8,37.4,0.395,29.7,54.1,0.55,16.6,21.5,0.771,11,31.2,42.2,29.7,8.6,6.4,12.3,19.2,120.4
2024,San Antonio Spurs,24,23,22,60,26,56,-6.49,0.69,-5.8,110,116.4,-6.4,101.1,0.22,0.401,0.5630000000000001,NA,0.532,13.2,22.9,0.17200000000000001,0.555,11.7,76.4,0.17400000000000002,,742522,18211,FALSE,82,19830,41.2,89,0.462,12.4,35.7,0.347,28.8,53.3,0.539,15.3,19.6,0.7819999999999999,10.2,33.3,43.4,29.3,7,6.2,14.9,16.9,110,22,82,19830,44.1,90.6,0.48700000000000004,12.4,33.4,0.373,31.6,57.2,0.553,15.8,20.1,0.7839999999999999,10.3,34.2,44.5,27.5,8.8,4.5,13.1,17.6,116.4
2024,Toronto Raptors,25,25.9,25,57,26,56,-6.44,-0.01,-6.45,112.3,118.8,-6.5,99.4,0.24100000000000002,0.369,0.5660000000000001,NA,0.535,12.4,24.2,0.182,0.5660000000000001,12.2,73.9,0.17200000000000001,,800129,19515,FALSE,82,19805,42.3,89.7,0.47100000000000003,11.5,33.1,0.347,30.8,56.6,0.543,16.3,21.6,0.756,10.9,31.8,42.6,28.5,7.7,4.7,14,18.4,112.3,26,82,19805,44.7,91.1,0.491,13.7,36.3,0.376,31.1,54.8,0.5670000000000001,15.6,19.8,0.7889999999999999,11.2,34,45.2,28.6,7.3,5.8,13.9,18.1,118.8
2024,Memphis Grizzlies,26,24.4,27,55,24,58,-7,0.43000000000000005,-6.57,107.2,114.3,-7.1,98.2,0.23800000000000002,0.42800000000000005,0.543,NA,0.509,13.4,23.8,0.182,0.551,13.5,74.8,0.195,,681875,16631,FALSE,82,19780,38.9,89.3,0.43500000000000005,13.2,38.3,0.346,25.6,51.1,0.502,16.3,21.3,0.764,11.1,32.1,43.2,25,8.3,6.2,15.3,19.3,107.2,12,82,19780,41.8,88.1,0.47400000000000003,13.6,35.9,0.378,28.2,52.2,0.541,17.2,22.1,0.779,10.8,35.4,46.2,26.9,8.3,6.6,15.3,19,114.3
2024,Detroit Pistons,27,23.8,14,68,20,62,-9.11,0.05,-9.06,109.7,118.8,-9.1,99.8,0.24600000000000002,0.36,0.562,NA,0.526,13.5,23.9,0.193,0.558,11.1,77.3,0.221,,726378,18159,FALSE,82,19755,40.8,88.1,0.463,11,31.7,0.348,29.8,56.4,0.528,17,21.7,0.7849999999999999,10.5,32.8,43.3,25.4,6.5,4.7,15.2,20.6,109.7,25,82,19755,43.6,88.9,0.49,12.1,32.7,0.37,31.5,56.2,0.56,19.6,24.5,0.8,9.6,33.4,43.1,27,8.9,6,12.4,17.7,118.8
2024,Washington Wizards,28,24.9,15,67,20,62,-9.29,0,-9.29,110.5,119.6,-9.1,102.7,0.221,0.389,0.5670000000000001,NA,0.538,12.2,20,0.169,0.562,12,72.5,0.201,,692851,16899,FALSE,82,19730,41.7,88.8,0.47000000000000003,12,34.5,0.348,29.7,54.2,0.548,15,19.6,0.764,8.9,31,39.9,27.1,7.4,4.9,13.6,19.4,110.5,28,82,19730,44.8,90.3,0.496,11.9,33,0.362,32.8,57.3,0.5730000000000001,18.1,23.3,0.777,11.8,35.8,47.6,28.2,7.8,5.9,13.7,17.5,119.6
2024,Portland Trail Blazers,29,24.1,21,61,20,62,-9.02,0.74,-8.29,108.3,117.5,-9.2,97.2,0.228,0.37,0.539,NA,0.503,13.4,27.5,0.181,0.558,12.8,74,0.21600000000000003,,751395,18327,FALSE,82,19880,40.1,91.3,0.43900000000000006,11.7,33.8,0.345,28.4,57.5,0.494,16.5,20.9,0.7909999999999999,12.9,30.7,43.5,23.5,7.8,4.4,15.5,20.5,108.3,23,82,19880,43.3,88.2,0.491,11.9,33.9,0.351,31.4,54.3,0.5780000000000001,19.1,24.1,0.7919999999999999,10.8,33.9,44.6,27.6,9.1,6.6,14.6,18.2,117.5
2024,Charlotte Hornets,30,25.1,21,61,18,64,-10.239999999999998,0.13,-10.12,109.3,119.8,-10.5,97.3,0.21200000000000002,0.391,0.56,NA,0.529,12.6,21.1,0.167,0.5720000000000001,12.3,74.5,0.188,,674400,16449,FALSE,82,19730,41,89.2,0.46,12.4,34.9,0.355,28.7,54.3,0.528,14.9,18.9,0.7859999999999999,9.6,31.7,41.3,25.4,7,4.6,14.1,18.4,109.3,29,82,19730,44.5,89.9,0.494,14,37.1,0.377,30.5,52.9,0.5770000000000001,16.9,21.2,0.7959999999999999,10.8,35.7,46.5,29.5,7.3,5,14,17.9,119.8
2025,Oklahoma City Thunder,1,24.8,68,14,68,14,12.870000000000001,-0.16,12.7,120.3,107.5,12.8,100,0.22,0.41900000000000004,0.593,NA,0.56,10.3,24.2,0.18,0.513,14.9,74.6,0.21100000000000002,,754832,17973,TRUE,82,19705,44.6,92.6,0.48200000000000004,14.5,38.8,0.374,30.1,53.8,0.559,16.7,20.4,0.8190000000000001,10.6,34.1,44.7,26.8,10.3,5.7,11.7,19.9,120.3,1,82,19705,37.9,86.8,0.43600000000000005,13.4,39.3,0.34199999999999997,24.4,47.6,0.513,18.3,23.7,0.774,11.6,33.2,44.8,24.6,6.7,4.8,17,18.1,107.5
2025,Boston Celtics,2,28.9,61,21,62,20,9.11,-0.8300000000000001,8.28,120.6,111.1,9.5,95.7,0.21200000000000002,0.536,0.591,NA,0.561,10.8,25.7,0.169,0.522,11.6,76,0.15400000000000003,,785396,19156,TRUE,82,19830,43.2,93.3,0.462,18.4,50,0.368,24.7,43.3,0.5710000000000001,15.8,19.8,0.7989999999999999,11.8,35.2,47,27.1,7.4,5.7,12.3,16.5,120.6,5,82,19830,41.8,92.7,0.45,13.3,38.5,0.347,28.4,54.2,0.524,14.3,18.3,0.777,11.1,34.2,45.3,24.9,7.2,3.7,13.3,18.2,111.1
2025,Cleveland Cavaliers,3,26.6,64,18,62,20,9.54,-0.73,8.81,121.7,112.2,9.5,99.8,0.24100000000000002,0.457,0.607,NA,0.5780000000000001,11.6,25.9,0.187,0.528,12.6,74.8,0.181,,796712,19432,TRUE,82,19755,44.5,90.6,0.491,15.9,41.4,0.383,28.6,49.2,0.581,16.9,21.8,0.776,11.2,34.2,45.3,28,8.2,4.3,13.2,18.1,121.7,8,82,19755,41.2,90.7,0.454,13.4,37.4,0.359,27.7,53.3,0.52,16.4,21.1,0.779,11.5,31.9,43.5,25.6,7.8,4.4,14.5,18.9,112.2
2025,Minnesota Timberwolves,4,27.2,49,33,53,29,5,0.15000000000000002,5.1499999999999995,116.6,111.5,5.1,97.3,0.24900000000000003,0.455,0.588,NA,0.554,13,25.8,0.196,0.532,13.2,75.1,0.17800000000000002,,772249,18835,TRUE,82,19830,41.8,89.3,0.468,15.3,40.7,0.377,26.5,48.7,0.545,17.6,22.3,0.7889999999999999,11.3,33.9,45.2,26.6,8.1,5.1,14.8,18.6,116.6,6,82,19830,41.3,89.7,0.46,12.9,36.7,0.353,28.3,53,0.534,16,20.8,0.767,11.3,32.5,43.7,25.3,8.5,4.6,15,19.5,111.5
2025,Los Angeles Clippers,5,29.7,50,32,53,29,4.659999999999999,0.18,4.84,115.1,110.3,4.8,97.5,0.251,0.387,0.589,NA,0.554,13.4,24.4,0.2,0.536,13.7,77.5,0.189,,679593,16575,TRUE,82,19805,42.4,87.9,0.48200000000000004,12.7,34,0.373,29.7,53.9,0.55,17.6,22.1,0.7969999999999999,10.5,34.2,44.6,25.7,9.6,4.6,15.2,18.7,115.1,3,82,19805,40.3,87.4,0.461,13.2,37.8,0.35,27,49.6,0.545,16.5,21.4,0.772,9.9,32.4,42.3,26.2,9,4.4,15.3,18.1,110.3
2025,Memphis Grizzlies,6,24.7,48,34,52,30,4.85,-0.06,4.79,117.7,113,4.7,103.3,0.24900000000000003,0.406,0.588,NA,0.554,13.1,28.7,0.196,0.533,12.9,74.9,0.20600000000000002,,683067,16660,TRUE,82,19705,43.3,90.3,0.47900000000000004,13.5,36.6,0.367,29.8,53.6,0.556,17.7,22.5,0.7859999999999999,12.5,33.3,45.7,27.5,8.6,5.4,15.2,20.2,117.7,10,82,19705,40.5,88.8,0.456,13.7,38.1,0.36,26.8,50.7,0.529,18.3,23.7,0.77,11.1,31,42.1,26.2,8.4,5.3,14.6,19.5,113
2025,Houston Rockets,7,24.9,52,30,52,30,4.51,0.45,4.970000000000001,115.3,110.8,4.5,98.6,0.24200000000000002,0.384,0.553,NA,0.523,11.8,31.7,0.17800000000000002,0.528,12.8,76.2,0.186,,716853,17484,TRUE,82,19780,42.9,94.2,0.455,12.8,36.2,0.353,30.1,58.1,0.518,16.8,22.8,0.738,14.8,34.1,48.9,23.6,8.5,5.1,14,19.2,115.3,4,82,19780,40.9,89.1,0.459,12.4,34.9,0.357,28.4,54.3,0.524,16.6,21.9,0.759,10.7,31.9,42.5,23.7,8,5.7,14.5,19.4,110.8
2025,New York Knicks,8,27.5,51,31,51,31,4.1,-0.51,3.59,118.5,114.3,4.2,96.7,0.232,0.382,0.589,NA,0.556,11.9,26,0.186,0.549,13.1,74.5,0.17600000000000002,,811794,19800,TRUE,82,19880,44.3,91.3,0.48600000000000004,12.9,34.9,0.369,31.5,56.4,0.558,16.9,21.2,0.8,11.1,32.5,43.6,28.1,8.4,4,13.6,17.6,118.5,14,82,19880,42.6,89.8,0.47400000000000003,13.4,36.5,0.367,29.2,53.3,0.548,15.8,20,0.7889999999999999,11.1,31.7,42.8,25.8,7.2,5.1,14.8,19.4,114.3
2025,Denver Nuggets,9,27,50,32,50,32,3.8899999999999997,0.08,3.9699999999999998,119.9,116,3.9,99.8,0.259,0.356,0.604,NA,0.5730000000000001,12.5,26.7,0.2,0.542,11.3,74.6,0.17300000000000001,,811211,19786,TRUE,82,19855,45.1,89.1,0.506,11.9,31.7,0.376,33.2,57.4,0.5780000000000001,17.8,23.1,0.77,11.1,34.3,45.4,30.8,7.9,4.9,14.2,17.5,119.9,21,82,19855,43,92.4,0.466,14,38.4,0.365,29,54,0.538,16,20.6,0.777,11.7,30.5,42.2,28.8,8.7,5.1,12.9,18.9,116
2025,Golden State Warriors,10,28.6,48,34,49,33,3.3,0.25,3.56,115,111.7,3.3,98.7,0.24400000000000002,0.46900000000000003,0.5680000000000001,NA,0.536,12.3,27.3,0.187,0.541,14.1,75.6,0.189,,740624,18064,TRUE,82,19730,41.2,91.4,0.451,15.6,42.8,0.364,25.6,48.5,0.528,17,22.3,0.764,12.7,33.2,45.9,29.4,9.5,4.8,14.2,19.4,115,7,82,19730,40.9,87.8,0.465,13.3,36.7,0.363,27.6,51.2,0.539,16.6,21.6,0.769,10.7,33.8,44.5,26.1,7.7,5.4,15.9,18.8,111.7
2025,Milwaukee Bucks,11,29.3,48,34,47,35,2.48,-0.36,2.12,115.9,113.4,2.5,99.3,0.268,0.42400000000000004,0.598,NA,0.5680000000000001,12.2,19.3,0.201,0.533,11.4,76.2,0.17400000000000002,,732014,17437,TRUE,82,19755,42.2,86.7,0.48600000000000004,14.2,36.7,0.387,28,49.9,0.56,17.4,23.2,0.75,8.2,35.3,43.5,25.6,7.4,4.7,13.4,18,115.9,12,82,19755,41.8,91.4,0.457,14,39.6,0.353,27.8,51.9,0.536,15.9,20.3,0.7829999999999999,11,34.4,45.4,26.5,7.4,3.9,12.9,19,113.4
2025,Indiana Pacers,12,25.8,50,32,46,36,2.23,-0.55,1.6800000000000002,116.5,114.3,2.2,99.9,0.24100000000000002,0.4,0.594,NA,0.562,11.8,21.3,0.19,0.546,13.1,74.5,0.19,,685434,16737,TRUE,82,19855,43.3,88.7,0.48800000000000004,13.1,35.5,0.368,30.2,53.2,0.5680000000000001,16.9,21.4,0.7889999999999999,9.1,32.4,41.5,29,8.4,5.4,13.1,18.6,116.5,13,82,19855,42.3,89.2,0.47400000000000003,12.8,36,0.355,29.5,53.2,0.554,16.9,21.9,0.773,11.1,33.6,44.7,25.8,7.1,4.4,14.9,18.7,114.3
2025,Detroit Pistons,13,25.8,44,38,46,36,1.9,-0.17,1.73,115,113.1,1.9,99.8,0.24800000000000003,0.394,0.58,NA,0.547,13,26.2,0.192,0.539,13.3,76,0.21400000000000002,,781929,19071,TRUE,82,19805,42.5,89.4,0.47600000000000003,12.8,35.2,0.362,29.8,54.2,0.55,17.2,22.2,0.774,11.3,33.3,44.6,26.3,7.9,5.2,14.8,20.6,115,11,82,19805,40.4,87.5,0.461,13.6,37.1,0.366,26.8,50.5,0.531,18.7,24.1,0.776,10.5,31.8,42.3,24.7,8.8,5,15,18.8,113.1
2025,Los Angeles Lakers,14,27.9,50,32,44,38,1.22,0.23,1.45,115.9,114.7,1.2,97.6,0.271,0.42500000000000004,0.593,NA,0.557,12.7,23.3,0.21300000000000002,0.539,12.2,74.5,0.17800000000000002,,767626,18723,TRUE,82,19730,41.8,87.3,0.47900000000000004,13.6,37.2,0.366,28.2,50.2,0.562,18.6,23.7,0.7849999999999999,9.9,33.5,43.4,26.6,7.9,4.6,14.3,17.6,115.9,15,82,19730,42.3,91.2,0.463,13.9,38.9,0.356,28.4,52.3,0.544,16.2,20.9,0.775,11.5,32.5,44,27.9,8.4,4.3,14,19.6,114.7
2025,Miami Heat,15,26.8,37,45,42,40,0.56,-0.45,0.11,113.5,112.9,0.6,96.2,0.232,0.42900000000000005,0.5760000000000001,NA,0.544,12.4,22.3,0.183,0.543,12.5,75.8,0.15700000000000003,,808337,19716,TRUE,82,19930,41.5,89.3,0.465,14.1,38.3,0.367,27.5,51,0.538,16.4,20.7,0.7909999999999999,10,34.5,44.5,27.1,8.4,3.9,13.9,16,113.5,9,82,19930,42.3,90.9,0.466,14,38.9,0.36,28.3,52,0.545,14.3,18.4,0.776,11,34.8,45.8,27.2,7.7,4.8,14.2,17.4,112.9
2025,Sacramento Kings,16,27.8,40,42,42,40,0.48000000000000004,0.11,0.58,116.7,116.2,0.5,98.2,0.23500000000000001,0.391,0.582,NA,0.548,11.8,25.4,0.19,0.557,12.5,76.9,0.2,,696409,16986,FALSE,82,19880,43.4,90.8,0.47800000000000004,12.7,35.5,0.357,30.7,55.3,0.555,17.2,21.4,0.806,11.1,33.5,44.6,26.7,7.6,4.4,13.4,19,116.7,23,82,19880,41.9,88.5,0.47400000000000003,14.7,38.5,0.381,27.3,50,0.545,17.7,22.6,0.7829999999999999,10.1,32.6,42.7,27.2,8,4.3,14,18.6,116.2
2025,Orlando Magic,17,24.9,41,41,41,41,-0.12000000000000001,-0.58,-0.7,109.4,109.6,-0.2,96.1,0.269,0.41100000000000003,0.55,NA,0.51,12.9,25.3,0.20800000000000002,0.538,15,77,0.22,,762121,18588,TRUE,82,19730,39.6,89,0.445,11.7,36.6,0.318,28,52.4,0.533,18.5,23.9,0.775,11.6,31.9,43.4,23.9,9.2,6.2,14.7,20.9,109.4,2,82,19730,39.6,84.6,0.468,11.9,32.5,0.365,27.7,52,0.532,18.6,24.3,0.766,9.5,34.2,43.7,23.7,8,4.6,16.8,21.1,109.6
2025,Atlanta Hawks,18,24.9,40,42,38,44,-1.1300000000000001,-0.28,-1.41,114.6,115.7,-1.1,102.6,0.252,0.41000000000000003,0.5790000000000001,NA,0.546,13.2,26.3,0.196,0.56,13.8,76,0.202,,657613,16440,FALSE,82,19780,42,89,0.47200000000000003,13.1,36.5,0.358,29,52.5,0.552,17.4,22.5,0.775,11.5,31.6,43.1,28.7,9.4,5,15.1,18.5,114.6,19,82,19780,42.1,87.5,0.48100000000000004,13.8,36.6,0.377,28.3,50.8,0.557,17.6,22,0.802,10,32.3,42.3,27.4,8.9,4.8,15.5,18.5,115.7
2025,Dallas Mavericks,19,27.5,39,43,38,44,-1.2,0.46,-0.74,114.8,116,-1.2,99.2,0.263,0.389,0.583,NA,0.549,12.5,23.3,0.203,0.54,11.6,73.1,0.17900000000000002,,803174,20079,FALSE,82,19730,42.2,88.2,0.47900000000000004,12.5,34.3,0.364,29.7,53.9,0.552,17.9,23.2,0.77,10.2,33.1,43.3,25.4,7.8,5.5,14.1,17.9,114.8,22,82,19730,43.3,92.2,0.46900000000000003,12.9,35.6,0.363,30.4,56.6,0.536,16.5,21.2,0.779,12.2,33.3,45.5,27.2,8.1,4.6,13.3,18.8,116
2025,Chicago Bulls,20,25.2,39,43,37,45,-1.56,-0.27,-1.83,114.1,115.6,-1.5,102.8,0.21400000000000002,0.457,0.585,NA,0.553,12.7,22.3,0.17300000000000001,0.539,10.8,76.6,0.17800000000000002,,825659,20138,FALSE,82,19755,41.9,89.1,0.47000000000000003,15,40.7,0.367,26.9,48.4,0.556,15.5,19.1,0.809,9.7,34.7,44.4,28.2,7.3,4.6,14.2,17.1,114.1,18,82,19755,43,92,0.467,13.2,38.4,0.344,29.8,53.6,0.556,16.4,20.8,0.7859999999999999,10.6,34,44.6,28,7.8,4.9,12.2,16.2,115.6
2025,San Antonio Spurs,21,26,34,48,34,48,-2.7600000000000002,0.31,-2.4499999999999997,114.4,117.2,-2.8,99.3,0.234,0.441,0.5750000000000001,NA,0.544,12.3,24.3,0.181,0.551,12,73,0.15800000000000003,,731474,17976,FALSE,82,19730,42,90.2,0.465,14.2,39.8,0.357,27.8,50.4,0.551,16.3,21.1,0.774,11,32.9,43.9,28.8,8.3,5.6,13.9,16.7,114.4,25,82,19730,44,92.9,0.47400000000000003,14.4,39.5,0.365,29.6,53.4,0.554,14.7,18.6,0.7899999999999999,12.1,34.2,46.4,28.1,8.1,4.4,13.7,17.5,117.2
2025,Portland Trail Blazers,22,23.8,36,46,33,49,-2.98,0.31,-2.67,111.7,114.7,-3,98.8,0.24600000000000002,0.41800000000000004,0.555,NA,0.521,13.8,29.2,0.187,0.543,13.6,72.5,0.20400000000000001,,719369,17546,FALSE,82,19780,40.8,90.9,0.45,13,38,0.34199999999999997,27.9,52.8,0.527,17,22.4,0.762,13.5,31.6,45.1,24,8.3,5.3,16.1,19.1,111.7,16,82,19780,41.9,88.9,0.47100000000000003,12.8,35.4,0.361,29.1,53.5,0.544,18.1,22.7,0.7989999999999999,12,32.6,44.6,26.4,9.6,5.6,15.6,19.4,114.7
2025,Phoenix Suns,23,29.1,36,46,34,48,-3,0.45,-2.55,116.2,119.3,-3.1,97.1,0.24100000000000002,0.44,0.595,NA,0.561,12.8,22.6,0.195,0.552,10.9,74.1,0.191,,699911,17071,FALSE,82,19830,42.2,88.2,0.47800000000000004,14.7,38.8,0.378,27.5,49.4,0.556,17.2,21.2,0.81,9.8,33.7,43.4,28.4,7.4,4.9,14.4,18.3,116.2,28,82,19830,43.6,92.1,0.47300000000000003,14.5,39.2,0.37,29.1,52.9,0.549,17.6,22.3,0.7899999999999999,11.8,33.4,45.2,27.9,8.7,4.1,12.5,18.8,119.3
2025,Toronto Raptors,24,24.5,30,52,30,52,-4.29,-0.11,-4.4,110.5,114.8,-4.3,99.7,0.232,0.373,0.553,NA,0.522,13.3,27.3,0.17300000000000001,0.541,13.2,73.9,0.222,,768573,18746,FALSE,82,19805,41.5,90.7,0.458,11.8,33.9,0.348,29.7,56.8,0.523,15.7,21,0.748,12.6,32.4,45,28.4,8.1,4.2,15.3,21.1,110.5,17,82,19805,41,88,0.466,13.1,37.6,0.349,27.9,50.4,0.554,19.6,25.2,0.778,11.4,33.4,44.8,25.8,9.1,5.9,15,18,114.8
2025,Philadelphia 76ers,25,27.1,24,58,26,56,-6.23,-0.06,-6.29,111.9,118.2,-6.3,97.4,0.257,0.42600000000000005,0.5630000000000001,NA,0.527,12.3,23.4,0.201,0.5700000000000001,14.3,71.8,0.194,,813621,19844,FALSE,82,19805,40.5,89.2,0.454,13,38,0.34099999999999997,27.5,51.3,0.537,17.9,23,0.7799999999999999,10.6,30,40.6,23.7,9.4,4.6,13.9,19.4,111.9,26,82,19805,43.3,88.6,0.48800000000000004,14.5,38.4,0.378,28.7,50.2,0.5720000000000001,17.2,21.7,0.7939999999999999,11.8,34.7,46.5,28.8,7.6,5.2,16.3,19,118.2
2025,Brooklyn Nets,26,24.7,26,56,23,59,-7.109999999999999,0.16,-6.95,108.5,115.8,-7.3,96.4,0.24000000000000002,0.458,0.552,NA,0.516,13.7,24.5,0.189,0.557,13.7,75,0.21800000000000003,,713304,17398,FALSE,82,19780,38.8,88.8,0.43700000000000006,14,40.7,0.344,24.8,48.2,0.515,16.8,21.3,0.7869999999999999,11.3,31.4,42.6,26,8,4.4,15.7,21.4,108.5,20,82,19780,41.7,86.9,0.48000000000000004,13.3,36.8,0.362,28.4,50.1,0.5670000000000001,19,24.4,0.779,10.4,34.7,45.1,27.9,8.3,5.8,15.5,19.5,115.8
2025,Utah Jazz,27,23.9,17,65,20,62,-9.34,0.8300000000000001,-8.51,111.2,120.4,-9.2,100,0.252,0.449,0.5680000000000001,NA,0.533,14.9,26.9,0.195,0.559,10.3,74.1,0.185,,745175,18175,FALSE,82,19805,40,88.1,0.454,13.9,39.6,0.35,26.2,48.5,0.54,17.2,22.2,0.774,11.9,33.2,45.1,25.4,6.7,4.4,17.1,18.8,111.2,30,82,19805,44.3,92.3,0.48000000000000004,14.8,41.2,0.358,29.5,51.1,0.5770000000000001,17.1,22.4,0.763,11.6,32.3,43.9,29.4,9.7,6.4,11.7,19.1,120.4
2025,Charlotte Hornets,28,25.1,19,63,20,62,-9.11,0.01,-9.1,107.3,116.6,-9.3,97.6,0.222,0.43000000000000005,0.537,NA,0.503,13.7,26.5,0.17400000000000002,0.547,11.9,74.5,0.19,,703935,17169,FALSE,82,19755,39.1,91,0.43000000000000005,13.3,39.1,0.33899999999999997,25.9,51.8,0.499,15.8,20.2,0.7829999999999999,12.5,33.6,46.1,24.8,7.6,4.6,15.8,19.1,107.3,24,82,19755,42.4,90.8,0.467,14.5,40.8,0.355,28,50,0.559,17.2,21.8,0.7899999999999999,11.5,34.6,46.2,27.3,8.9,5.4,13.6,18.5,116.6
2025,New Orleans Pelicans,29,25.9,21,61,20,62,-9.43,0.8400000000000001,-8.59,110.4,119.9,-9.5,99.1,0.24400000000000002,0.385,0.552,NA,0.519,12.8,26.3,0.184,0.5640000000000001,12.3,72.7,0.19,,689400,16815,FALSE,82,19755,40.8,90.3,0.452,12.1,34.8,0.347,28.8,55.5,0.518,16.6,22.1,0.754,12.2,31.7,43.8,26,8.6,5.3,14.7,18.4,110.4,29,82,19755,43.9,91,0.48300000000000004,14.7,40.3,0.365,29.3,50.6,0.5780000000000001,17.3,22,0.7859999999999999,11.9,34.1,46,28.8,9.1,5.2,14.1,18,119.9
2025,Washington Wizards,30,23.5,18,64,15,67,-12.44,0.3,-12.139999999999999,106.8,119.1,-12.3,100.9,0.229,0.43500000000000005,0.546,NA,0.512,13.6,22.7,0.17800000000000002,0.548,11.4,71.9,0.202,,663691,16084,FALSE,82,19730,39,88.9,0.43900000000000006,13,38.7,0.33499999999999996,26,50.2,0.519,15.9,20.4,0.778,10.5,32.7,43.2,24.8,7.5,5.1,15.4,19.5,106.8,27,82,19730,43.2,91.8,0.47100000000000003,14.1,38.7,0.364,29.1,53,0.549,18.6,23.4,0.7929999999999999,12.8,35.6,48.3,28.1,9,5.2,13.2,18,119.1
2026,Oklahoma City Thunder,1,25.2,64,18,65,17,11.15,-0.11,11.04,118.9,107.7,11.2,99.3,0.261,0.42600000000000005,0.599,NA,0.561,11.2,22.3,0.21300000000000002,0.519,14.6,74.4,0.184,,764842,18203,TRUE,82,19855,43,89,0.48400000000000004,13.8,37.9,0.365,29.2,51.1,0.5720000000000001,19,23.2,0.8170000000000001,9.5,34.5,44.1,25.7,9.7,5.5,12.6,18.9,118.9,1,82,19855,38.6,88.3,0.43700000000000006,14.3,38.8,0.369,24.3,49.4,0.491,16.2,21.9,0.74,11.8,33.3,45.1,24.9,7.6,4.4,16.7,20.3,107.7
2026,San Antonio Spurs,2,25.4,62,20,60,22,8.3,-0.03,8.28,119.6,111.3,8.3,99.9,0.274,0.42200000000000004,0.595,NA,0.559,11.8,26.2,0.21500000000000002,0.522,11.5,77.3,0.18,,743129,18703,TRUE,82,19730,43.4,89.7,0.48300000000000004,13.6,37.8,0.359,29.8,51.9,0.5740000000000001,19.3,24.5,0.7869999999999999,11.4,35.6,46.9,28,7.5,5.4,13.4,18.8,119.6,3,82,19730,41,90.9,0.451,13,36.9,0.352,28,54,0.518,16.4,20.8,0.7899999999999999,10.4,32.1,42.5,26.1,7.6,4.6,12.9,20.2,111.3
2026,Detroit Pistons,3,26.1,60,22,60,22,8.16,-0.63,7.53,117.9,109.7,8.2,99.3,0.29200000000000004,0.345,0.583,NA,0.546,13,30.9,0.223,0.517,14.8,74.2,0.251,,806422,19651,TRUE,82,19805,43.5,89.6,0.48500000000000004,11,30.9,0.356,32.5,58.7,0.553,20,26.2,0.763,13.1,32.5,45.6,27.9,10.5,6.4,15.2,22,117.9,2,82,19805,37.8,85.3,0.443,12.7,36.8,0.345,25.1,48.5,0.517,21.4,27.2,0.7879999999999999,11.3,29.3,40.6,23.5,8.9,5.8,16.9,21.3,109.7
2026,Boston Celtics,4,26.9,56,26,59,23,7.7,-0.32999999999999996,7.37,120.8,112.7,8.1,94.8,0.20700000000000002,0.467,0.583,NA,0.553,11.2,29.2,0.167,0.523,11.4,75.7,0.189,,785396,19156,TRUE,82,19730,44.3,94.9,0.467,16.3,44.3,0.367,28.1,50.6,0.555,15.9,19.7,0.807,13.1,35.6,48.8,25.9,7.5,5.3,13,20,120.8,4,82,19730,40.3,91.3,0.442,14.7,41.1,0.358,25.6,50.1,0.511,17.3,22.3,0.775,11.4,31.9,43.3,26,6.5,4.3,13.1,19.3,112.7
2026,New York Knicks,5,28.1,53,29,56,26,6.33,-0.28,6.05,119.8,113.3,6.5,96.8,0.23800000000000002,0.42800000000000005,0.59,NA,0.557,12.1,29.3,0.188,0.541,13.1,76.7,0.20600000000000002,,792480,19812,TRUE,82,19755,43.9,92,0.47800000000000004,14.7,39.3,0.373,29.3,52.6,0.556,17.3,21.9,0.7919999999999999,13.1,33.9,46.9,28.2,8.4,4,14,20.6,119.8,7,82,19755,40.4,88,0.46,14.3,39.5,0.362,26.2,48.6,0.539,18.1,23.3,0.778,10.3,31.4,41.7,25.7,7.5,4.5,14.8,20,113.3
2026,Houston Rockets,6,26.5,52,30,54,28,5.22,-0.35,4.87,118.6,113.2,5.4,96.1,0.26,0.35,0.5760000000000001,NA,0.542,13.3,34.8,0.199,0.53,12.1,74.5,0.189,,740378,18058,TRUE,82,19905,44.2,92.4,0.47900000000000004,11.8,32.4,0.364,32.4,60,0.54,18.4,24.1,0.763,15.5,34,49.5,26.1,8.8,5.9,15.8,18.8,118.6,6,82,19905,41.7,90.6,0.46,12.7,36.3,0.351,28.9,54.3,0.533,17.2,22.7,0.756,11.6,29,40.6,25.2,9.3,4.8,13.8,20.6,113.2
2026,Denver Nuggets,7,27.8,54,28,53,29,5.1499999999999995,-0.17,4.970000000000001,122.6,117.4,5.2,98.4,0.29400000000000004,0.40800000000000003,0.616,NA,0.5770000000000001,11.5,23.6,0.23700000000000002,0.543,10.4,75.3,0.196,,812868,19826,TRUE,82,19930,43.7,88.1,0.496,14.2,35.9,0.396,29.5,52.2,0.5650000000000001,20.9,25.9,0.808,9.8,34.3,44.1,29.1,6.9,4,12.9,19.2,122.6,21,82,19930,42.9,91.6,0.468,13.7,39.3,0.349,29.2,52.3,0.558,17.9,23.2,0.771,11.3,31.7,43,27.6,7.9,4.7,11.8,21.5,117.4
2026,Charlotte Hornets,8,24,44,38,53,29,4.83,-0.35,4.48,119.4,114.4,5,96.8,0.24400000000000002,0.48700000000000004,0.589,NA,0.552,13.5,30.5,0.2,0.54,11.6,76.6,0.186,,767319,18715,FALSE,82,19755,42.1,91.5,0.46,16.9,44.5,0.378,25.3,47,0.538,18.3,22.3,0.8180000000000001,13.2,34.3,47.4,27.1,7.2,4.6,15.9,19.6,119.4,12,82,19755,42.2,90.4,0.467,13.2,36.7,0.359,29,53.8,0.54,16.8,21,0.801,10.5,29.9,40.4,26.7,8.4,4.6,13.1,20.4,114.4
2026,Cleveland Cavaliers,9,27.2,52,30,51,31,4.109999999999999,-0.33999999999999997,3.7800000000000002,119.2,115.1,4.1,99.9,0.265,0.442,0.595,NA,0.561,12.2,26.9,0.20600000000000002,0.543,13.1,74.4,0.20900000000000002,,796712,19432,TRUE,82,19755,43.2,89.8,0.48200000000000004,14.3,39.7,0.36,29,50.1,0.5780000000000001,18.5,23.8,0.776,11.7,32.6,44.3,28.2,8.5,5,14,19.5,119.2,15,82,19755,41.2,88.8,0.464,14.1,38,0.372,27.1,50.8,0.533,18.6,23.4,0.7939999999999999,11.2,31.8,43,26.9,8.6,4.3,15,20.5,115.1
2026,Minnesota Timberwolves,10,27.9,49,33,49,33,3.3499999999999996,-0.28,3.07,116.8,113.5,3.3,100.5,0.28500000000000003,0.42000000000000004,0.592,NA,0.559,12.9,25.7,0.21500000000000002,0.529,13,73.7,0.22,,732465,17865,TRUE,82,19780,42.2,87.6,0.48100000000000004,13.6,36.8,0.37,28.6,50.8,0.562,18.8,25,0.752,10.9,32.7,43.6,25.8,8.7,5.7,14.7,21,116.8,8,82,19780,41,88.7,0.462,11.9,33.6,0.355,29,55.1,0.527,19.6,25.1,0.7809999999999999,11.6,31.7,43.3,25.8,8.2,4.1,14.9,20.2,113.5
2026,Toronto Raptors,11,24.8,46,36,48,34,2.8299999999999996,-0.08,2.75,115.9,113,2.9,98.4,0.265,0.363,0.581,NA,0.546,12.2,25.5,0.20400000000000001,0.54,14.3,74,0.222,,772141,18833,TRUE,82,19780,43.1,89.4,0.48200000000000004,11.5,32.5,0.354,31.6,56.9,0.555,18.2,23.7,0.769,11,31.5,42.6,29.8,8.9,4.9,13.8,21.1,115.9,5,82,19780,40.5,86.9,0.467,12.7,36.3,0.349,27.9,50.6,0.551,19.2,24.3,0.7929999999999999,11.1,32.3,43.4,24.7,7.9,5.1,16.2,20,113
2026,Atlanta Hawks,12,25.2,46,36,47,35,2.4099999999999997,-0.03,2.38,116.1,113.7,2.4,101.7,0.234,0.42900000000000005,0.584,NA,0.554,12.3,24.4,0.181,0.546,13.9,74.5,0.20600000000000002,,670581,16356,TRUE,82,19755,42.7,90.1,0.47400000000000003,14.4,38.7,0.371,28.4,51.4,0.552,16.3,21.1,0.774,10.8,31.9,42.7,29.5,9.2,4.6,13.9,19.3,116.1,9,82,19755,41.5,87.7,0.47400000000000003,12.6,35.5,0.355,28.9,52.1,0.554,18.1,22.8,0.7939999999999999,10.9,33.4,44.3,26.1,8.3,4.8,15.7,18.1,113.7
2026,Miami Heat,13,26.2,43,39,47,35,2.3299999999999996,0.02,2.3499999999999996,116.7,114.5,2.2,103.4,0.268,0.406,0.58,NA,0.542,11.6,25.4,0.21200000000000002,0.54,12.8,74.9,0.193,,808063,19709,FALSE,82,19705,42.2,90.1,0.468,13.2,36.6,0.361,29,53.5,0.542,19.1,24.2,0.7919999999999999,11.4,33.3,44.7,28,8.3,4.1,13.2,18.2,116.7,13,82,19705,41.8,89.8,0.465,13.5,37.6,0.359,28.3,52.2,0.542,17.4,21.6,0.804,11.2,33.6,44.8,26.5,7.6,4.7,14.5,19.6,114.5
2026,Los Angeles Lakers,14,28,53,29,45,37,1.76,-0.07,1.6800000000000002,118.2,116.4,1.8,98.3,0.32,0.394,0.609,NA,0.5730000000000001,13.2,23.9,0.24400000000000002,0.555,13,74.3,0.191,,773047,18855,TRUE,82,19705,42.7,85,0.502,12,33.5,0.359,30.7,51.6,0.595,20.7,27.2,0.763,9.6,32,41.6,26.3,8.7,4.3,14.7,18.8,118.2,19,82,19705,43.2,89.5,0.48300000000000004,13,36.9,0.352,30.2,52.5,0.5740000000000001,17,21.5,0.7919999999999999,11.1,30.6,41.6,27.9,9.1,3.5,14.8,21.3,116.4
2026,Phoenix Suns,15,26.8,45,37,45,37,1.46,0.28,1.75,115.4,113.9,1.5,97.2,0.225,0.453,0.5680000000000001,NA,0.537,12.8,28.9,0.17600000000000002,0.541,14.5,71.9,0.21700000000000003,,699911,17071,TRUE,82,19755,42,92.4,0.455,15.1,41.9,0.361,26.9,50.5,0.533,16.2,20.8,0.7809999999999999,13.3,30.9,44.2,25.3,9.8,4.3,14.9,21.1,115.4,10,82,19755,41.2,87.7,0.47000000000000003,12.5,36,0.347,28.7,51.7,0.556,19,24.2,0.7849999999999999,12.1,32.7,44.8,25.7,8.1,4.6,16.7,19.3,113.9
2026,Los Angeles Clippers,16,30,42,40,44,38,1.1300000000000001,-0.17,0.96,117.3,116.1,1.2,96.5,0.29500000000000004,0.404,0.602,NA,0.559,13.2,23.7,0.24300000000000002,0.545,12.9,72.9,0.197,,722504,17622,FALSE,82,19780,41.8,86.2,0.48400000000000004,12.8,34.9,0.368,29,51.4,0.5640000000000001,20.9,25.5,0.8230000000000001,9.9,32,41.9,24.5,9.3,5,14.8,19.5,117.3,18,82,19780,42.3,90.2,0.46900000000000003,13.7,37.6,0.364,28.6,52.7,0.543,17.8,22.4,0.7959999999999999,11.9,31.8,43.7,27,8.7,4.7,14.8,20.7,116.1
2026,Orlando Magic,17,24.7,45,37,43,39,0.63,0.17,0.81,114.9,114.3,0.6,100,0.311,0.386,0.5760000000000001,NA,0.531,12.4,25,0.24900000000000003,0.545,13.1,75.6,0.223,,768906,18462,TRUE,82,19830,40.7,87.7,0.464,11.6,33.9,0.34299999999999997,29.1,53.8,0.54,21.8,27.3,0.801,10.9,32.2,43.1,26.4,8.4,4.7,14.1,20.8,114.9,11,82,19830,41.4,87.1,0.47600000000000003,12,34.1,0.353,29.4,53,0.555,19.4,24.9,0.7809999999999999,10.4,32.6,43,25.1,8.2,5.3,14.8,21.7,114.3
2026,Philadelphia 76ers,18,25.5,45,37,41,41,-0.18,-0.09,-0.27,115.4,115.5,-0.1,99.4,0.275,0.391,0.5720000000000001,NA,0.53,11.9,26.2,0.222,0.541,13.3,72.5,0.21200000000000002,,778871,18997,TRUE,82,19880,41.5,89.9,0.462,12.3,35.2,0.349,29.3,54.7,0.535,20,24.7,0.809,11.7,31.7,43.5,24.5,9.1,5.6,13.6,20.2,115.4,16,82,19880,41.6,89.2,0.467,13.3,37.7,0.353,28.3,51.5,0.55,18.9,24.1,0.7849999999999999,12,33.1,45.1,27.4,7.2,5.1,15.4,19.8,115.5
2026,Portland Trail Blazers,19,25.2,42,40,40,42,-0.29000000000000004,0.01,-0.29000000000000004,114.4,114.7,-0.3,100.5,0.28,0.46900000000000003,0.5700000000000001,NA,0.534,14.6,31.3,0.21400000000000002,0.541,13.5,72.7,0.21500000000000002,,718863,17533,TRUE,82,19755,40.5,89.3,0.453,14.3,41.8,0.34299999999999997,26.2,47.5,0.551,19.1,25,0.765,14,31.6,45.6,24.9,8.2,5.4,17.1,19.7,114.4,14,82,19755,41.6,88.5,0.47100000000000003,12.4,34.7,0.358,29.2,53.8,0.543,19,24.1,0.7899999999999999,11.9,30.7,42.6,26.1,10.7,5.7,15.5,21.8,114.7
2026,Golden State Warriors,20,28.6,37,45,40,42,-0.56,0.22,-0.33999999999999997,115,115.6,-0.6,99,0.23800000000000002,0.497,0.584,NA,0.549,13.8,25.8,0.192,0.553,14,72.9,0.198,,740624,18064,FALSE,82,19805,41.1,89.1,0.461,15.7,44.3,0.356,25.3,44.8,0.5650000000000001,17.1,21.2,0.807,11.4,31.1,42.5,29,9.7,4.2,15.7,19.7,115,17,82,19805,42.5,88.6,0.48000000000000004,13,36,0.36,29.5,52.6,0.562,17.6,21.9,0.802,11.6,32.8,44.4,27.2,8.8,4.2,16,18.7,115.6
2026,New Orleans Pelicans,21,24.1,26,56,30,52,-4.5,0.24000000000000002,-4.26,114.4,118.9,-4.5,100.3,0.28400000000000003,0.355,0.5680000000000001,NA,0.527,12.2,27,0.222,0.555,12.4,71.4,0.199,,675507,16476,FALSE,82,19805,41.7,89.6,0.466,11,31.8,0.347,30.7,57.8,0.531,19.9,25.4,0.7839999999999999,12.1,31.4,43.5,24.9,8.8,5.1,14,19.7,114.4,25,82,19805,43.3,90.8,0.47700000000000004,14.1,40.1,0.35,29.3,50.7,0.5780000000000001,18.1,23.4,0.774,12.6,32.8,45.4,27.9,7.9,5.7,14.3,20,118.9
2026,Chicago Bulls,22,25.3,31,51,29,53,-5.21,0.12000000000000001,-5.09,113,118.1,-5.1,102.5,0.24600000000000002,0.443,0.58,NA,0.547,13.3,23.1,0.191,0.553,11.1,75.5,0.19,,829997,20244,FALSE,82,19755,41.2,87.9,0.46900000000000003,13.9,38.9,0.356,27.3,48.9,0.559,16.8,21.6,0.776,10.1,33.7,43.8,27.7,7.4,4.9,14.9,18.5,113,22,82,19755,43.6,91.1,0.47800000000000004,13.7,37.1,0.368,29.9,54,0.554,17.3,22.3,0.774,11,33.5,44.4,27.9,8.9,5.4,12.6,18.3,118.1
2026,Dallas Mavericks,23,26.2,26,56,28,54,-5.51,0.18,-5.33,111.2,116.5,-5.3,101.7,0.28700000000000003,0.355,0.5640000000000001,NA,0.527,12.6,23.2,0.21700000000000003,0.546,11.4,74.1,0.183,,790821,19288,FALSE,82,19855,40.8,87.5,0.466,10.7,31.1,0.344,30.1,56.4,0.533,18.9,25.1,0.755,10.3,33.3,43.6,24.6,7.4,5,14.2,17.9,111.2,20,82,19855,43.7,91.4,0.47800000000000004,12.5,35.6,0.35,31.2,55.8,0.559,16.7,21.7,0.77,11.6,33.9,45.6,27.6,8.6,5.1,13,20.5,116.5
2026,Memphis Grizzlies,24,24.6,25,57,27,55,-6.01,0.18,-5.83,112.9,118.8,-5.9,101.3,0.251,0.43600000000000005,0.5700000000000001,NA,0.533,13,24.7,0.199,0.562,13.3,70.9,0.203,,632000,15339,FALSE,82,19730,40.7,89.2,0.456,13.7,38.9,0.353,27,50.3,0.536,17.8,22.4,0.7929999999999999,11,30.5,41.5,27.4,8.7,4.7,14.8,20.2,112.9,23,82,19730,43.4,89.5,0.48500000000000004,13.8,38,0.364,29.6,51.6,0.5740000000000001,18.2,23.5,0.775,12.5,33.5,46.1,27.8,8.7,5.2,15.3,19.2,118.8
2026,Milwaukee Bucks,25,27.1,32,50,26,56,-6.21,0.09,-6.119999999999999,112.9,119.3,-6.4,97.6,0.223,0.457,0.589,NA,0.5650000000000001,13.9,21.1,0.163,0.558,11.7,74.1,0.21500000000000002,,682644,16650,FALSE,82,19755,41.6,87.3,0.47700000000000004,15.4,39.9,0.387,26.2,47.4,0.553,14.2,19.5,0.73,9.1,32.5,41.6,26.3,7.6,4.1,15.5,20.1,112.9,27,82,19755,42.4,89.6,0.47300000000000003,15.1,40.3,0.375,27.3,49.3,0.554,19.3,24.6,0.7849999999999999,11.3,34.1,45.4,28.4,8.9,4.2,13.3,18,119.3
2026,Indiana Pacers,26,26.1,19,63,23,59,-7.99,0.35,-7.64,110.9,118.8,-7.9,101,0.252,0.42200000000000004,0.5680000000000001,NA,0.533,12.8,21.7,0.196,0.556,11.7,74.1,0.21800000000000003,,682287,16641,FALSE,82,19755,40.2,87.9,0.458,13.2,37.1,0.356,27.1,50.8,0.533,17.2,22.2,0.776,9.7,31.7,41.4,27.3,7.3,4.5,14.3,20.6,110.9,24,82,19755,43.7,89.3,0.48900000000000005,11.9,33.6,0.355,31.7,55.7,0.5700000000000001,19.5,25.2,0.773,11.1,34.9,46,26.1,8,4.7,13.3,19.6,118.8
2026,Utah Jazz,27,24.1,22,60,23,59,-8.43,0.38,-8.05,114.1,122.3,-8.2,102.3,0.277,0.402,0.5750000000000001,NA,0.536,13.2,26.2,0.21800000000000003,0.5780000000000001,12.4,72.9,0.227,,745626,18186,FALSE,82,19830,41.3,88.4,0.467,12.3,35.6,0.345,29,52.8,0.55,19.3,24.5,0.7859999999999999,11.6,30.9,42.5,28.7,8.6,3.7,15,20.5,114.1,29,82,19830,43.7,88.5,0.494,14.8,39.9,0.372,28.8,48.6,0.594,20,25.8,0.777,11.5,32.9,44.4,29.8,9,5.6,14.2,19.7,122.3
2026,Sacramento Kings,28,28.3,22,60,19,63,-10,0.42000000000000004,-9.58,111.4,121.5,-10.1,99.2,0.256,0.33899999999999997,0.56,NA,0.525,12.6,25.9,0.198,0.5720000000000001,12.3,73.5,0.21600000000000003,,661735,16140,FALSE,82,19755,41.7,89.4,0.467,10.3,30.3,0.33999999999999997,31.4,59,0.532,17.7,22.9,0.772,11.5,30.9,42.4,25.6,8.1,4.6,14.4,19.8,111.4,28,82,19755,44.1,89.3,0.494,13.9,36.6,0.379,30.3,52.7,0.5740000000000001,19.3,24.5,0.7889999999999999,11.2,33,44.1,28.1,8.8,4.7,14,18.4,121.5
2026,Brooklyn Nets,29,23.5,20,62,18,64,-9.99,0.29000000000000004,-9.7,108.7,119,-10.3,97.1,0.272,0.455,0.559,NA,0.52,14.3,23.6,0.21200000000000002,0.5710000000000001,13.2,74,0.225,,713896,17412,FALSE,82,19755,38.4,86.8,0.443,13.4,39.5,0.33999999999999997,25,47.3,0.528,18.4,23.6,0.7799999999999999,10.6,29.8,40.4,25.7,8.2,4.4,16.2,21.6,108.7,26,82,19755,43.3,87,0.497,12.9,33.7,0.381,30.4,53.2,0.5710000000000001,19.6,25.3,0.775,10.4,34.3,44.7,28.2,9.4,5.5,14.9,20,119
2026,Washington Wizards,30,23.5,17,65,16,66,-11.98,0.36,-11.62,111,122.7,-11.7,101.4,0.23500000000000001,0.403,0.5660000000000001,NA,0.535,13.6,24.1,0.18,0.5630000000000001,11.7,70.2,0.232,,660376,16107,FALSE,82,19755,41.1,88.8,0.463,12.8,35.8,0.359,28.3,53,0.533,16,20.8,0.766,10.8,30.4,41.2,24.6,7.9,5.4,15.4,21,111,30,82,19755,44.1,90.4,0.48800000000000004,13.5,36.5,0.368,30.7,53.9,0.5690000000000001,21,26.4,0.7969999999999999,12.9,34.1,47,28.9,9.6,5.3,13.6,17.6,122.7
