season,ranker,team,age,wins,losses,wins_pyth,losses_pyth,mov,sos,srs,off_rtg,def_rtg,net_rtg,pace,fta_per_fga_pct,fg3a_per_fga_pct,ts_pct,DUMMY,efg_pct,tov_pct,orb_pct,ft_rate,opp_efg_pct,opp_tov_pct,drb_pct,opp_ft_rate,arena_name,attendance,attendance_per_g,made_playoffs
2000,1,Los Angeles Lakers,29.2,67,15,64,18,8.55,-0.14,8.41,107.3,98.2,9.1,93.3,0.346,0.15300000000000002,0.525,NA,0.48400000000000004,12.7,30.6,0.24100000000000002,0.443,13.4,73.1,0.222,,771420,18815,TRUE
2000,2,Portland Trail Blazers,29.6,59,23,59,23,6.4,-0.04,6.359999999999999,107.9,100.8,7.1,89.9,0.316,0.17500000000000002,0.546,NA,0.501,14.5,30.3,0.24000000000000002,0.461,13.8,72.4,0.21700000000000003,,835078,20368,TRUE
2000,3,San Antonio Spurs,30.9,53,29,58,24,5.94,-0.02,5.92,105,98.6,6.4,90.8,0.346,0.138,0.535,NA,0.48800000000000004,14.3,27.8,0.258,0.451,13.5,73,0.188,,884450,21694,TRUE
2000,4,Phoenix Suns,28.6,53,29,56,26,5.22,0.02,5.24,104.6,99,5.6,94,0.28600000000000003,0.184,0.532,NA,0.491,15.2,29.3,0.21700000000000003,0.454,15.7,70.5,0.24500000000000002,,773115,18856,TRUE
2000,5,Utah Jazz,31.5,55,27,54,28,4.46,0.05,4.52,107.3,102.3,5,89.6,0.33699999999999997,0.134,0.54,NA,0.49,14.3,29.5,0.26,0.47700000000000004,15,73.2,0.256,,801268,19543,TRUE
2000,6,Indiana Pacers,30.4,56,26,54,28,4.6,-0.45,4.1499999999999995,108.5,103.6,4.9,93.1,0.302,0.224,0.552,NA,0.503,13.3,24.9,0.24500000000000002,0.46900000000000003,12.6,71.5,0.197,,752145,18345,TRUE
2000,7,Miami Heat,29.2,52,30,50,32,3.11,-0.36,2.75,104.5,101,3.5,89.7,0.28300000000000003,0.186,0.533,NA,0.495,14.5,28.2,0.20800000000000002,0.453,13.3,72.9,0.229,,706725,18374,TRUE
2000,8,Sacramento Kings,27.5,44,38,49,33,2.9099999999999997,0.12000000000000001,3.04,105,102.1,2.9,99.3,0.277,0.227,0.526,NA,0.48600000000000004,13.9,27.7,0.20900000000000002,0.47900000000000004,15.1,69.7,0.198,,720033,17185,TRUE
2000,9,Charlotte Hornets,28.7,49,33,49,33,2.67,-0.33999999999999997,2.3299999999999996,104.3,101.4,2.9,93.9,0.376,0.15300000000000002,0.53,NA,0.47500000000000003,13.7,25.7,0.28500000000000003,0.47800000000000004,14.6,73.2,0.198,,732827,17874,TRUE
2000,10,Minnesota Timberwolves,26.6,50,32,48,34,2.52,0.14,2.67,106.1,103.4,2.7,91.8,0.256,0.10400000000000001,0.525,NA,0.48500000000000004,12.9,29.4,0.2,0.47400000000000003,14,73,0.25,,690012,16400,TRUE
2000,11,New York Knicks,29.5,50,32,46,36,1.46,-0.16,1.3,102.5,100.9,1.6,89.2,0.28300000000000003,0.14700000000000002,0.527,NA,0.48200000000000004,14.4,24.7,0.221,0.455,13.6,73.1,0.251,,810103,19763,TRUE
2000,12,Detroit Pistons,28.3,42,40,45,37,1.44,-0.31,1.1300000000000001,107.3,105.8,1.5,95.7,0.378,0.184,0.548,NA,0.492,14.3,26.8,0.29500000000000004,0.499,15.4,71.6,0.24900000000000003,,678470,16548,TRUE
2000,13,Philadelphia 76ers,27.1,49,33,45,37,1.34,-0.32,1.02,101.5,100,1.5,92.7,0.329,0.095,0.501,NA,0.457,14.2,31.4,0.233,0.466,16.2,69.9,0.229,,756956,18462,TRUE
2000,14,Seattle SuperSonics,28.5,45,37,44,38,0.9500000000000001,0.22,1.1700000000000002,105.6,104.6,1,93.4,0.28200000000000003,0.232,0.52,NA,0.48700000000000004,12.9,28.5,0.196,0.48300000000000004,14,69.6,0.193,,615730,15018,TRUE
2000,15,Orlando Magic,26.3,41,41,43,39,0.6799999999999999,-0.26,0.43000000000000005,102.4,101.7,0.7,97.3,0.305,0.12400000000000001,0.516,NA,0.47300000000000003,15.4,31.6,0.224,0.47600000000000003,15.9,69.9,0.226,,576409,14059,FALSE
2000,16,Milwaukee Bucks,28.2,42,40,42,40,0.22,-0.28,-0.06,108.2,107.9,0.3,92.7,0.29000000000000004,0.15700000000000003,0.539,NA,0.494,13.8,30,0.228,0.496,14.6,69.6,0.254,,628605,15332,TRUE
2000,17,Toronto Raptors,29.3,45,37,41,41,-0.16,-0.3,-0.46,104.7,104.9,-0.2,92.5,0.3,0.17,0.511,NA,0.464,12.7,30.1,0.23,0.48000000000000004,14.2,71.8,0.24700000000000003,,756496,18451,TRUE
2000,18,Dallas Mavericks,26.3,40,42,39,43,-0.5700000000000001,0.29000000000000004,-0.29000000000000004,106.6,107.2,-0.6,94.9,0.24800000000000003,0.188,0.532,NA,0.49,12.6,25.5,0.2,0.48800000000000004,14.2,66.1,0.21000000000000002,,606177,14785,FALSE
2000,19,Boston Celtics,25.4,35,47,39,43,-0.76,-0.24000000000000002,-1,104.8,105.6,-0.8,94.6,0.316,0.183,0.52,NA,0.47400000000000003,13.8,30.4,0.23600000000000002,0.498,15.8,73.8,0.306,,683608,16673,FALSE
2000,20,Houston Rockets,26.3,34,48,39,43,-0.8700000000000001,0.3,-0.5700000000000001,104.8,105.7,-0.9,94.2,0.322,0.24400000000000002,0.536,NA,0.494,15.8,29.1,0.23600000000000002,0.48100000000000004,12.5,71.6,0.201,,624594,15234,FALSE
2000,21,New Jersey Nets,27.3,31,51,38,44,-1.04,-0.15000000000000002,-1.1800000000000002,105.1,106.3,-1.2,92.5,0.29700000000000004,0.2,0.517,NA,0.468,12.6,28.1,0.233,0.491,15.2,67.2,0.223,,643631,15698,FALSE
2000,22,Denver Nuggets,25.9,35,47,35,47,-2.12,0.36,-1.76,103.5,105.8,-2.3,94.7,0.306,0.202,0.517,NA,0.47600000000000003,14,29.2,0.222,0.47900000000000004,13,71.6,0.23500000000000001,,637698,15554,FALSE
2000,23,Washington Wizards,28,29,53,32,50,-3.2800000000000002,-0.19,-3.4699999999999998,103.5,107,-3.5,92.7,0.315,0.133,0.521,NA,0.47600000000000003,14.8,30.6,0.234,0.48900000000000005,13.9,71.7,0.273,,616593,15039,FALSE
2000,24,Cleveland Cavaliers,27.2,32,50,31,51,-3.5,-0.14,-3.64,100.4,104,-3.6,95.7,0.327,0.136,0.516,NA,0.468,15.6,28.1,0.24500000000000002,0.47400000000000003,15.1,71.2,0.275,,603702,14724,FALSE
2000,25,Atlanta Hawks,27.6,28,54,26,56,-5.38,-0.04,-5.41,102,107.9,-5.9,91.7,0.29200000000000004,0.12000000000000001,0.503,NA,0.46,14.1,31.7,0.21700000000000003,0.48100000000000004,11.3,71,0.196,,600954,14657,FALSE
2000,26,Vancouver Grizzlies,25.3,22,60,25,57,-5.619999999999999,0.52,-5.1,102.3,108.5,-6.2,91,0.32,0.139,0.524,NA,0.47400000000000003,15.8,30.1,0.24700000000000003,0.502,14.1,70.6,0.231,,569864,13899,FALSE
2000,27,Golden State Warriors,26.9,19,63,20,62,-8.27,0.64,-7.63,99.8,108.4,-8.6,95.4,0.301,0.15000000000000002,0.48400000000000004,NA,0.444,13.9,32.6,0.21000000000000002,0.499,14.6,69.1,0.259,,509171,12419,FALSE
2000,28,Chicago Bulls,26,17,65,15,67,-9.4,0.17,-9.229999999999999,94.2,104.6,-10.4,89.4,0.33799999999999997,0.167,0.49,NA,0.443,18,29.9,0.24000000000000002,0.48400000000000004,14.5,69.9,0.24000000000000002,,907064,22124,FALSE
2000,29,Los Angeles Clippers,24.2,15,67,13,69,-11.52,0.8,-10.729999999999999,97.8,110.1,-12.3,93.9,0.27,0.188,0.499,NA,0.458,14.9,26.1,0.202,0.507,13.1,69.6,0.22,,559714,13652,FALSE
2001,1,San Antonio Spurs,29.5,58,24,63,19,7.76,0.16,7.92,106.6,98,8.6,89.6,0.374,0.17500000000000002,0.541,NA,0.496,13.6,27.1,0.267,0.444,12.9,73.7,0.182,,913176,22273,TRUE
2001,2,Sacramento Kings,27.1,55,27,57,25,5.819999999999999,0.25,6.07,105.6,99.6,6,94.4,0.29800000000000004,0.194,0.529,NA,0.48400000000000004,13.4,27.2,0.23,0.46,14.5,70.7,0.181,,709997,17317,TRUE
2001,3,Utah Jazz,32,53,29,55,27,4.7,0.31,5,107.6,102.4,5.2,89.8,0.363,0.135,0.546,NA,0.497,15.1,30.2,0.273,0.47300000000000003,15.6,73.2,0.301,,792196,19322,TRUE
2001,4,Philadelphia 76ers,28.2,56,26,54,28,4.28,-0.65,3.64,103.6,98.9,4.7,90.6,0.351,0.12400000000000001,0.518,NA,0.468,14.7,31.2,0.262,0.46,14.5,72.5,0.186,,805692,19651,TRUE
2001,5,Portland Trail Blazers,30.1,50,32,53,29,4.2,0.32999999999999996,4.52,106.5,101.8,4.7,89.1,0.29600000000000004,0.165,0.539,NA,0.497,14.8,30,0.225,0.47000000000000003,14.3,72.4,0.223,,831376,20277,TRUE
2001,6,Dallas Mavericks,26.6,53,29,53,29,4.28,0.32,4.609999999999999,107.1,102.6,4.5,93.2,0.29100000000000004,0.202,0.544,NA,0.498,13.1,24.1,0.231,0.467,14.2,70.7,0.24400000000000002,,680238,16591,TRUE
2001,7,Milwaukee Bucks,28.2,52,30,52,30,3.88,-0.74,3.14,108.8,104.6,4.2,92.1,0.276,0.21800000000000003,0.542,NA,0.499,12.8,28.1,0.21700000000000003,0.47300000000000003,14.4,71.1,0.253,,683125,16662,TRUE
2001,8,Los Angeles Lakers,29.2,56,26,51,31,3.38,0.37,3.74,108.4,104.8,3.6,91.7,0.349,0.191,0.535,NA,0.498,13.3,31.1,0.23800000000000002,0.468,12.2,72.5,0.234,,776336,18935,TRUE
2001,9,New York Knicks,29.8,48,34,50,32,2.63,-0.65,1.98,101.2,98.2,3,86.7,0.279,0.18,0.523,NA,0.47600000000000003,14.6,24.2,0.222,0.453,14.7,74.3,0.24000000000000002,,810283,19763,TRUE
2001,10,Miami Heat,30.9,50,32,48,34,2.29,-0.5700000000000001,1.73,101.1,98.5,2.6,87.1,0.29900000000000004,0.221,0.515,NA,0.46900000000000003,13.7,24.3,0.227,0.46,15.3,72.7,0.21400000000000002,,678186,16541,TRUE
2001,11,Toronto Raptors,29.9,47,35,48,34,2.2600000000000002,-0.5700000000000001,1.6900000000000002,105.9,103.4,2.5,90.9,0.28500000000000003,0.167,0.51,NA,0.468,12.1,30.8,0.21300000000000002,0.47600000000000003,13.3,73.2,0.21200000000000002,,793256,19348,TRUE
2001,12,Houston Rockets,26.7,45,37,48,34,2.29,0.42000000000000004,2.71,106.7,104.2,2.5,90.4,0.321,0.21700000000000003,0.538,NA,0.492,14,27.5,0.24400000000000002,0.47500000000000003,12.6,71.9,0.20600000000000002,,518555,12648,FALSE
2001,13,Charlotte Hornets,28.2,46,36,48,34,2.1,-0.65,1.45,101.8,99.5,2.3,89.4,0.32999999999999996,0.15100000000000002,0.506,NA,0.457,13.7,29.8,0.24600000000000002,0.456,14.1,74.5,0.222,,615424,15010,TRUE
2001,14,Phoenix Suns,28.6,51,31,48,34,2.21,0.42000000000000004,2.63,100.3,98,2.3,93.1,0.29200000000000004,0.15600000000000003,0.506,NA,0.46,14.1,27.3,0.221,0.46,16.3,73.7,0.252,,737586,17990,TRUE
2001,15,Minnesota Timberwolves,27.4,47,35,45,37,1.35,0.46,1.81,105.2,103.7,1.5,91.8,0.253,0.131,0.523,NA,0.48200000000000004,13,28.6,0.199,0.47800000000000004,14.2,71.9,0.23800000000000002,,717371,17497,TRUE
2001,16,Orlando Magic,26,43,39,44,38,0.99,-0.6,0.39,103.2,102.1,1.1,93.2,0.301,0.196,0.513,NA,0.47400000000000003,13.8,29.1,0.21500000000000002,0.464,15.6,69.8,0.29000000000000004,,605031,14757,TRUE
2001,17,Seattle SuperSonics,27.9,44,38,41,41,0.02,0.52,0.55,105.6,105.6,0,91.6,0.29900000000000004,0.17600000000000002,0.53,NA,0.491,14.3,29.1,0.21900000000000003,0.48800000000000004,13.9,69.8,0.199,,640847,15630,FALSE
2001,18,Indiana Pacers,27.7,41,41,40,42,-0.2,-0.5700000000000001,-0.77,102,102.2,-0.2,89.4,0.312,0.18,0.519,NA,0.47100000000000003,14.5,27,0.23900000000000002,0.452,12.8,71.4,0.23500000000000001,,731800,17849,TRUE
2001,19,Detroit Pistons,27.1,32,50,36,46,-1.7,-0.39,-2.08,100,101.8,-1.8,94.7,0.325,0.162,0.498,NA,0.453,14.2,29.3,0.234,0.466,14,72.2,0.233,,607323,14813,FALSE
2001,20,Boston Celtics,25.9,36,46,35,47,-2.13,-0.26,-2.4,101.4,103.7,-2.3,92.6,0.33799999999999997,0.252,0.521,NA,0.47300000000000003,14.7,25.3,0.25,0.493,16,72.7,0.256,,629201,15346,FALSE
2001,21,Denver Nuggets,27.9,40,42,34,48,-2.46,0.64,-1.83,103.7,106.3,-2.6,92.6,0.28600000000000003,0.21000000000000002,0.511,NA,0.47000000000000003,12.8,28.3,0.21100000000000002,0.47600000000000003,12.1,71.8,0.223,,619300,15105,FALSE
2001,22,Los Angeles Clippers,24.3,31,51,32,50,-2.8899999999999997,0.6599999999999999,-2.23,101.3,104.5,-3.2,89.6,0.319,0.164,0.514,NA,0.47600000000000003,14.9,28.3,0.221,0.466,12,71.1,0.21700000000000003,,601587,14673,FALSE
2001,23,Cleveland Cavaliers,26.9,30,52,28,54,-4.24,-0.23,-4.48,100.3,104.9,-4.6,91.2,0.312,0.101,0.509,NA,0.459,15.4,29.7,0.23900000000000002,0.47700000000000004,14.1,71.1,0.24800000000000003,,650775,15873,FALSE
2001,24,New Jersey Nets,27.5,26,56,26,56,-5.05,-0.25,-5.3,100,105.5,-5.5,91.8,0.328,0.165,0.504,NA,0.452,13.9,25.7,0.24900000000000003,0.48800000000000004,14.9,70,0.258,,556573,13575,FALSE
2001,25,Atlanta Hawks,26.1,25,57,26,56,-5.21,-0.33999999999999997,-5.55,98.7,104.3,-5.6,91.9,0.272,0.14,0.5,NA,0.456,15.5,28.9,0.20600000000000002,0.47200000000000003,13.8,70.8,0.24900000000000003,,560330,13667,FALSE
2001,26,Vancouver Grizzlies,26.2,23,59,25,57,-5.73,0.7899999999999999,-4.94,99.6,105.8,-6.2,91.7,0.28900000000000003,0.14500000000000002,0.51,NA,0.464,14.9,26.1,0.223,0.491,13.8,69.8,0.194,,563218,13737,FALSE
2001,27,Washington Wizards,27,19,63,23,59,-6.67,-0.08,-6.75,100.6,107.8,-7.2,92.7,0.348,0.131,0.514,NA,0.46,15.7,29.7,0.264,0.503,14.1,71.8,0.23600000000000002,,638653,15577,FALSE
2001,28,Golden State Warriors,26.6,17,65,17,65,-9.05,0.9400000000000001,-8.11,97.8,107.4,-9.6,94.1,0.28200000000000003,0.134,0.47000000000000003,NA,0.42900000000000005,13.9,33.3,0.199,0.504,15,69.7,0.227,,591981,14439,FALSE
2001,29,Chicago Bulls,23.2,15,67,16,66,-9.1,0.01,-9.09,97.2,107.3,-10.1,89.3,0.29800000000000004,0.14800000000000002,0.495,NA,0.45,15.1,26.6,0.22,0.499,14.3,70.3,0.254,,888654,21674,FALSE
2002,1,Sacramento Kings,27,61,21,61,21,7.609999999999999,0,7.609999999999999,109,101.1,7.9,95.6,0.308,0.166,0.539,NA,0.497,12.4,27.9,0.231,0.467,13.6,71.7,0.185,,709997,17317,TRUE
2002,2,Los Angeles Lakers,27.9,58,24,60,22,7.119999999999999,0.03,7.1499999999999995,109.4,101.7,7.7,92.1,0.313,0.21000000000000002,0.534,NA,0.498,11.8,28.8,0.21800000000000003,0.453,13,72,0.233,,778777,18995,TRUE
2002,3,San Antonio Spurs,28.5,58,24,59,23,6.21,0.07,6.28,106.5,99.7,6.8,90,0.353,0.19,0.539,NA,0.492,13.8,27.2,0.262,0.453,13.7,71.9,0.189,,906390,22107,TRUE
2002,4,New Jersey Nets,26.1,52,30,53,29,4.159999999999999,-0.49,3.67,104,99.5,4.5,91.8,0.28,0.17500000000000002,0.515,NA,0.47600000000000003,13.4,29.2,0.20600000000000002,0.459,14.9,71.6,0.21300000000000002,,564194,13761,TRUE
2002,5,Dallas Mavericks,27.6,57,25,53,29,4.26,0.16,4.41,112.2,107.7,4.5,92.8,0.28800000000000003,0.23700000000000002,0.553,NA,0.507,11.3,26.1,0.232,0.48500000000000004,12.9,70.7,0.23900000000000002,,802783,19580,TRUE
2002,6,Minnesota Timberwolves,26.7,50,32,51,31,3.38,0.2,3.58,109,105.3,3.7,90.5,0.255,0.15200000000000002,0.532,NA,0.49,12.5,31.3,0.203,0.48200000000000004,12.7,73.7,0.21800000000000003,,731673,17846,TRUE
2002,7,Portland Trail Blazers,29,49,33,50,32,2.9899999999999998,0.22,3.21,107.4,104,3.4,89.3,0.28500000000000003,0.198,0.528,NA,0.48500000000000004,13.5,31.8,0.21800000000000003,0.48900000000000005,14.2,73.3,0.202,,797821,19459,TRUE
2002,8,Seattle SuperSonics,26.9,45,37,50,32,3.02,0.22,3.24,108.9,105.6,3.3,89,0.25,0.193,0.54,NA,0.505,13.2,29.4,0.189,0.48500000000000004,14.5,68.1,0.20600000000000002,,633516,15452,TRUE
2002,9,Boston Celtics,26.2,49,33,48,34,2.21,-0.46,1.75,103.4,101,2.4,92.5,0.29100000000000004,0.28900000000000003,0.52,NA,0.47600000000000003,12.8,24.1,0.223,0.464,15.1,72.9,0.24500000000000002,,659751,16091,TRUE
2002,10,Detroit Pistons,29.5,50,32,48,34,2.13,-0.45,1.6900000000000002,104.8,102.4,2.4,90,0.31,0.24000000000000002,0.54,NA,0.497,14.3,24.4,0.23500000000000001,0.47400000000000003,14.8,70.5,0.20600000000000002,,760807,18556,TRUE
2002,11,Philadelphia 76ers,29,43,39,46,36,1.6,-0.32999999999999996,1.27,102.1,100.3,1.8,88.9,0.327,0.111,0.507,NA,0.452,14.6,31.7,0.255,0.46,14.2,72.1,0.20800000000000002,,842976,20560,TRUE
2002,12,Orlando Magic,28,44,38,46,36,1.57,-0.32,1.25,107,105.3,1.7,93.2,0.278,0.24100000000000002,0.533,NA,0.493,12.6,26.3,0.21000000000000002,0.48600000000000004,14.4,69.2,0.21500000000000002,,621121,15149,TRUE
2002,13,Utah Jazz,29.9,44,38,44,38,0.89,0.32,1.21,105.6,104.6,1,90.3,0.381,0.132,0.529,NA,0.47200000000000003,15.4,33.5,0.29100000000000004,0.48400000000000004,15.9,71.7,0.28600000000000003,,766108,18686,TRUE
2002,14,Charlotte Hornets,28.3,44,38,44,38,0.96,-0.4,0.5700000000000001,104.3,103.3,1,89.7,0.32,0.15100000000000002,0.513,NA,0.466,13.3,30.6,0.23800000000000002,0.465,13.3,72.2,0.226,,462738,11286,TRUE
2002,15,Indiana Pacers,26.1,42,40,42,40,0.27,-0.33999999999999997,-0.07,104.1,103.8,0.3,91.9,0.328,0.182,0.527,NA,0.47700000000000004,14.2,27,0.253,0.46900000000000003,13.2,71,0.227,,686537,16745,TRUE
2002,16,Milwaukee Bucks,28.9,41,41,40,42,-0.22,-0.4,-0.62,106.9,107.1,-0.2,90.2,0.269,0.24100000000000002,0.544,NA,0.507,13.6,25.6,0.201,0.47700000000000004,12,70.9,0.21700000000000003,,745305,18178,FALSE
2002,17,Los Angeles Clippers,24.4,39,43,40,42,-0.46,0.38,-0.09,105.5,106,-0.5,90.1,0.304,0.17200000000000001,0.519,NA,0.47600000000000003,13.8,31.3,0.225,0.47700000000000004,12.1,69.9,0.194,,740185,18053,FALSE
2002,18,Toronto Raptors,29.3,42,40,40,42,-0.44,-0.27,-0.71,102.6,103.1,-0.5,88.8,0.255,0.165,0.501,NA,0.463,13.6,31.4,0.189,0.47100000000000003,14.7,70.1,0.23700000000000002,,810160,19760,TRUE
2002,19,Phoenix Suns,26.5,36,46,39,43,-0.6799999999999999,0.39,-0.3,103.3,104,-0.7,91.4,0.23500000000000001,0.15800000000000003,0.51,NA,0.47200000000000003,13.6,30.1,0.18,0.47600000000000003,14.4,70.2,0.227,,668939,16316,FALSE
2002,20,Washington Wizards,27.5,37,45,37,45,-1.4,-0.17,-1.58,104.8,106.4,-1.6,88.3,0.28,0.118,0.508,NA,0.464,12.5,30.7,0.21400000000000002,0.48400000000000004,13,71.4,0.21400000000000002,,847634,20674,FALSE
2002,21,Miami Heat,30.1,36,46,36,46,-1.54,-0.31,-1.84,98.5,100.2,-1.7,87.4,0.268,0.14100000000000001,0.501,NA,0.463,14.6,26.6,0.194,0.455,13.6,74,0.24900000000000003,,655549,15989,FALSE
2002,22,Cleveland Cavaliers,26,29,53,31,51,-3.3299999999999996,-0.19,-3.52,104.6,108.2,-3.6,90.3,0.301,0.15600000000000003,0.524,NA,0.47700000000000004,13.8,28.9,0.232,0.493,12.3,72.8,0.226,,596115,14539,FALSE
2002,23,New York Knicks,30.3,30,52,29,53,-3.9899999999999998,-0.16,-4.1499999999999995,101.5,105.9,-4.4,89.7,0.274,0.20600000000000002,0.514,NA,0.468,14,25.6,0.21600000000000003,0.47900000000000004,12.9,71.9,0.23600000000000002,,810283,19763,FALSE
2002,24,Atlanta Hawks,25.7,33,49,29,53,-4.23,-0.18,-4.41,101.8,106.4,-4.6,91.9,0.29400000000000004,0.181,0.517,NA,0.47100000000000003,14.6,27.5,0.225,0.495,14.1,70.9,0.21800000000000003,,506110,12344,FALSE
2002,25,Houston Rockets,25.9,28,54,27,55,-4.89,0.58,-4.31,103.1,108.6,-5.5,88.2,0.28600000000000003,0.223,0.507,NA,0.465,13.4,29,0.21100000000000002,0.491,11.5,69.8,0.17800000000000002,,481227,11737,FALSE
2002,26,Golden State Warriors,24.8,21,61,26,56,-5.4,0.61,-4.8,102.8,108.5,-5.7,94.5,0.33499999999999996,0.14200000000000002,0.499,NA,0.452,14.7,35.3,0.24200000000000002,0.48800000000000004,12.9,69.4,0.232,,593182,14468,FALSE
2002,27,Denver Nuggets,28.2,27,55,24,58,-5.819999999999999,0.63,-5.1899999999999995,101.4,107.8,-6.4,90.4,0.256,0.187,0.495,NA,0.455,13.6,30.6,0.19,0.492,13.6,69.9,0.24500000000000002,,633846,15460,FALSE
2002,28,Memphis Grizzlies,25.5,23,59,20,62,-7.44,0.7,-6.74,98.2,106.3,-8.1,91.1,0.28800000000000003,0.168,0.501,NA,0.462,15.4,27.8,0.20400000000000001,0.48600000000000004,13.7,68,0.197,,591030,14415,FALSE
2002,29,Chicago Bulls,25.5,21,61,18,64,-8.54,0.02,-8.52,98.2,107.6,-9.4,90.5,0.302,0.134,0.499,NA,0.456,14.6,26.6,0.21800000000000003,0.497,13.7,71.4,0.23900000000000002,,776311,18934,FALSE
2003,1,Dallas Mavericks,28.1,60,22,62,20,7.78,0.12000000000000001,7.9,110.7,102.3,8.4,92.5,0.257,0.23900000000000002,0.543,NA,0.498,10.9,25.4,0.21300000000000002,0.47300000000000003,14.8,70.9,0.221,,816429,19913,TRUE
2003,2,Sacramento Kings,28.3,59,23,59,23,6.5,0.18,6.68,105.9,99.1,6.8,95.4,0.262,0.184,0.535,NA,0.499,13.3,25.6,0.196,0.446,13.6,70.6,0.20400000000000001,,709997,17317,TRUE
2003,3,San Antonio Spurs,28.4,60,22,57,25,5.41,0.23,5.6499999999999995,105.6,99.7,5.9,90,0.348,0.202,0.541,NA,0.497,15.1,28.8,0.253,0.453,14.2,71.3,0.199,,735970,17950,TRUE
2003,4,New Jersey Nets,27.3,49,33,56,26,5.22,-0.8,4.42,103.8,98.1,5.7,91.6,0.33299999999999996,0.15800000000000003,0.518,NA,0.468,13.8,28.7,0.252,0.46,15.7,73.1,0.225,,622574,15185,TRUE
2003,5,Detroit Pistons,29,50,32,52,30,3.68,-0.71,2.9699999999999998,104.1,99.9,4.2,86.8,0.322,0.23700000000000002,0.523,NA,0.47300000000000003,13.3,25.9,0.24800000000000003,0.461,13.9,74,0.225,,839278,20470,TRUE
2003,6,Indiana Pacers,25.9,48,34,51,31,3.4899999999999998,-0.7,2.79,104.6,100.8,3.8,91.6,0.344,0.169,0.522,NA,0.46900000000000003,13.7,29,0.263,0.458,14.3,72.3,0.228,,670461,16353,TRUE
2003,7,Portland Trail Blazers,29.2,50,32,49,33,2.61,0.36,2.9699999999999998,105.5,102.6,2.9,89.4,0.3,0.17700000000000002,0.531,NA,0.48900000000000005,14.5,30.2,0.223,0.48300000000000004,14.9,72.3,0.194,,796258,19421,TRUE
2003,8,Utah Jazz,30.9,47,35,48,34,2.3899999999999997,0.37,2.7600000000000002,105.5,102.8,2.7,89.3,0.38,0.10400000000000001,0.537,NA,0.48600000000000004,16,32.5,0.28300000000000003,0.468,15.2,70.2,0.256,,786034,19172,TRUE
2003,9,Los Angeles Lakers,28.1,50,32,48,34,2.3299999999999996,0.38,2.71,107.2,104.7,2.5,92.5,0.311,0.199,0.528,NA,0.48600000000000004,13.3,30.2,0.228,0.47700000000000004,13.4,72.7,0.24100000000000002,,777888,18973,TRUE
2003,10,Philadelphia 76ers,28.3,48,34,48,34,2.3,-0.55,1.76,105,102.5,2.5,91.4,0.33899999999999997,0.119,0.52,NA,0.466,13.7,30.3,0.263,0.48800000000000004,16.2,72.7,0.24300000000000002,,807097,19685,TRUE
2003,11,Minnesota Timberwolves,28.2,51,31,47,35,2.07,0.39,2.46,106.1,103.8,2.3,91.9,0.268,0.118,0.528,NA,0.48800000000000004,12.9,28.2,0.20600000000000002,0.47200000000000003,12.7,72.9,0.203,,643684,15700,TRUE
2003,12,New Orleans Hornets,29.1,47,35,47,35,2.11,-0.59,1.52,103.9,101.6,2.3,89.4,0.28500000000000003,0.161,0.511,NA,0.465,13.9,31.7,0.21900000000000003,0.464,14,73.1,0.226,,641683,15651,TRUE
2003,13,Houston Rockets,25.9,43,39,46,36,1.48,0.42000000000000004,1.8900000000000001,104.3,102.6,1.7,88.8,0.316,0.196,0.522,NA,0.47400000000000003,14.8,30.3,0.24300000000000002,0.462,12.6,72.4,0.20900000000000002,,565166,13785,FALSE
2003,14,Phoenix Suns,25.2,44,38,44,38,1.1300000000000001,0.43000000000000005,1.57,103.7,102.5,1.2,91.5,0.28500000000000003,0.17,0.514,NA,0.47300000000000003,13.7,29.7,0.21100000000000002,0.47000000000000003,14.8,70.3,0.222,,666559,16258,TRUE
2003,15,Orlando Magic,26.9,42,40,41,41,0.13,-0.53,-0.39,105.2,105,0.2,93.1,0.307,0.23500000000000001,0.526,NA,0.47800000000000004,13.3,27,0.23900000000000002,0.48600000000000004,15.1,71.1,0.25,,605901,14778,TRUE
2003,16,Milwaukee Bucks,29.3,42,40,42,40,0.23,-0.48000000000000004,-0.24000000000000002,108.8,108.6,0.2,90.4,0.28700000000000003,0.229,0.543,NA,0.5,12.2,25.6,0.222,0.494,13.5,69.9,0.23700000000000002,,665966,16243,TRUE
2003,17,Seattle SuperSonics,26.9,40,42,41,41,-0.12000000000000001,0.49,0.37,103.7,103.9,-0.2,88,0.27,0.196,0.512,NA,0.47200000000000003,12.8,28.1,0.201,0.48400000000000004,14.3,71.8,0.21000000000000002,,637194,15541,FALSE
2003,18,Boston Celtics,26.9,44,38,40,42,-0.39,-0.36,-0.75,101.2,101.6,-0.4,90.9,0.306,0.33099999999999996,0.514,NA,0.47000000000000003,13.4,23.6,0.227,0.47100000000000003,15.1,72.5,0.24200000000000002,,709049,17294,TRUE
2003,19,Washington Wizards,28.4,37,45,38,44,-1.01,-0.46,-1.47,103,104.1,-1.1,88.2,0.325,0.127,0.513,NA,0.46,13,27.3,0.253,0.47700000000000004,13.8,71.6,0.21200000000000002,,827093,20173,FALSE
2003,20,Golden State Warriors,24.4,38,44,38,44,-1.1300000000000001,0.54,-0.6,108.3,109.5,-1.2,94.2,0.34299999999999997,0.17800000000000002,0.526,NA,0.47200000000000003,13.9,35,0.267,0.48200000000000004,12.2,67.9,0.22,,634935,15486,FALSE
2003,21,New York Knicks,30.2,37,45,37,45,-1.35,-0.26,-1.61,104.7,106.2,-1.5,90.7,0.24100000000000002,0.23500000000000001,0.528,NA,0.48600000000000004,13.4,24.4,0.196,0.48500000000000004,13.7,71.8,0.261,,779479,19012,FALSE
2003,22,Memphis Grizzlies,24.9,28,54,32,50,-3.23,0.63,-2.6,103.9,107.3,-3.4,92.7,0.28700000000000003,0.19,0.526,NA,0.48700000000000004,14.2,27,0.21200000000000002,0.491,13.4,68.7,0.197,,611322,14910,FALSE
2003,23,Atlanta Hawks,27.2,35,47,31,51,-3.56,-0.31,-3.8699999999999997,102.3,106.1,-3.8,91,0.313,0.17700000000000002,0.527,NA,0.47600000000000003,15.7,27.9,0.24800000000000003,0.46900000000000003,12.1,70.4,0.221,,528655,12894,FALSE
2003,24,Los Angeles Clippers,25.3,27,55,29,53,-4.119999999999999,0.6799999999999999,-3.4499999999999997,102.3,106.8,-4.5,91.3,0.33499999999999996,0.182,0.516,NA,0.467,14.8,29.1,0.252,0.48100000000000004,13.1,70.2,0.222,,706471,17231,FALSE
2003,25,Chicago Bulls,25.2,30,52,27,55,-5.13,-0.17,-5.31,100.2,105.6,-5.4,93.5,0.3,0.14800000000000002,0.512,NA,0.47100000000000003,15.4,27.7,0.21700000000000003,0.47000000000000003,13.3,69.5,0.263,,804309,19617,FALSE
2003,26,Miami Heat,26.5,25,57,25,57,-5.05,-0.08,-5.13,96.7,102.4,-5.7,87.8,0.259,0.169,0.48300000000000004,NA,0.43900000000000006,13.8,26.8,0.198,0.47000000000000003,14.1,73.9,0.257,,628242,15323,FALSE
2003,27,Toronto Raptors,27.6,24,58,24,58,-5.87,-0.23,-6.1,100.5,107,-6.5,89.9,0.28200000000000003,0.17900000000000002,0.497,NA,0.458,13.6,28.2,0.203,0.48900000000000005,13.1,70.7,0.226,,777507,18964,FALSE
2003,28,Denver Nuggets,24.1,17,65,17,65,-8.28,0.8700000000000001,-7.41,92.2,101.3,-9.1,91,0.28300000000000003,0.126,0.46900000000000003,NA,0.42800000000000005,17.1,31.3,0.198,0.47700000000000004,16.5,73.3,0.29000000000000004,,607813,14825,FALSE
2003,29,Cleveland Cavaliers,23.5,17,65,16,66,-9.62,0.04,-9.59,96.5,106.7,-10.2,94,0.29800000000000004,0.133,0.491,NA,0.444,16.4,31,0.223,0.48400000000000004,13,73.2,0.252,,471374,11497,FALSE
2004,1,San Antonio Spurs,27.3,57,25,62,20,7.22,0.29000000000000004,7.51,102.2,94.1,8.1,89.2,0.322,0.17700000000000002,0.511,NA,0.47300000000000003,14.1,29.5,0.21900000000000003,0.43300000000000005,14.8,74.6,0.21500000000000002,,739706,18042,TRUE
2004,2,Detroit Pistons,27.4,54,28,59,23,5.84,-0.81,5.04,102,95.4,6.6,87.9,0.328,0.15300000000000002,0.511,NA,0.461,14.7,30.1,0.24700000000000003,0.441,15.5,71.8,0.202,,872902,21290,TRUE
2004,3,Indiana Pacers,27.1,61,21,58,24,5.76,-0.8200000000000001,4.930000000000001,103.8,97.2,6.6,87.5,0.319,0.203,0.52,NA,0.47100000000000003,14.1,28.5,0.24300000000000002,0.459,15.7,73.9,0.21800000000000003,,678326,16545,TRUE
2004,4,Minnesota Timberwolves,29.7,58,24,57,25,5.49,0.37,5.859999999999999,105.9,99.7,6.2,89,0.265,0.137,0.528,NA,0.48600000000000004,12.4,26.7,0.20700000000000002,0.444,12.9,72.5,0.21500000000000002,,723071,17636,TRUE
2004,5,Sacramento Kings,29.3,55,27,55,27,5.01,0.4,5.41,110.3,104.9,5.4,92.8,0.305,0.223,0.554,NA,0.507,13,26,0.24200000000000002,0.48300000000000004,13.7,69.8,0.193,,709997,17317,TRUE
2004,6,Dallas Mavericks,27.4,52,30,53,29,4.44,0.42000000000000004,4.859999999999999,112.1,107.4,4.7,93.2,0.256,0.201,0.536,NA,0.495,11.1,31.4,0.20400000000000001,0.498,13.9,71.6,0.21400000000000002,,825594,20136,TRUE
2004,7,Los Angeles Lakers,29.8,56,26,52,30,3.9,0.45,4.35,105.5,101.3,4.2,92.3,0.352,0.167,0.522,NA,0.48100000000000004,12.8,28.1,0.24400000000000002,0.47100000000000003,14.3,73.3,0.222,,777757,18970,TRUE
2004,8,New Jersey Nets,27.7,47,35,49,33,2.5,-0.63,1.8800000000000001,100.8,98,2.8,89.4,0.29100000000000004,0.17600000000000002,0.515,NA,0.47100000000000003,14.4,25.9,0.21900000000000003,0.46,15.7,73.9,0.221,,613051,14952,TRUE
2004,9,Memphis Grizzlies,26,50,32,48,34,2.44,0.52,2.9499999999999997,104.8,102.2,2.6,91.4,0.322,0.197,0.522,NA,0.47900000000000004,13.9,29.5,0.234,0.465,15.7,68.4,0.251,,622723,15188,TRUE
2004,10,Houston Rockets,28.3,45,37,47,35,1.73,0.55,2.2800000000000002,100.9,99,1.9,87.8,0.28600000000000003,0.227,0.528,NA,0.48400000000000004,16.4,26.5,0.221,0.447,13.1,74.5,0.233,,640794,15629,TRUE
2004,11,Denver Nuggets,25.6,43,39,44,38,1.07,0.58,1.6500000000000001,103.9,102.7,1.2,93.3,0.319,0.14600000000000002,0.517,NA,0.467,14.2,30.5,0.24500000000000002,0.48100000000000004,15.6,69.3,0.221,,721476,17597,TRUE
2004,12,Milwaukee Bucks,26.5,41,41,44,38,1.06,-0.64,0.42000000000000004,106.5,105.4,1.1,91.6,0.32999999999999996,0.17200000000000001,0.528,NA,0.47700000000000004,12.7,27.6,0.255,0.48500000000000004,13.3,71.8,0.21300000000000002,,690180,16834,TRUE
2004,13,Miami Heat,26.4,42,40,43,39,0.52,-0.65,-0.13,102.2,101.7,0.5,88,0.29800000000000004,0.21100000000000002,0.51,NA,0.463,13.5,27.4,0.227,0.463,14.5,73.4,0.26,,624809,15239,TRUE
2004,14,New Orleans Hornets,30.3,41,41,41,41,-0.1,-0.62,-0.72,102.3,102.4,-0.1,89.1,0.29300000000000004,0.252,0.505,NA,0.46,14.1,30.6,0.22,0.47600000000000003,15,71.3,0.21800000000000003,,587613,14332,TRUE
2004,15,Seattle SuperSonics,26,37,45,39,43,-0.63,0.6599999999999999,0.02,107.3,108,-0.7,89.9,0.27,0.29400000000000004,0.54,NA,0.501,13.9,27.2,0.20700000000000002,0.48700000000000004,13.9,68.5,0.23700000000000002,,625474,15154,FALSE
2004,16,Golden State Warriors,28.1,37,45,39,43,-0.73,0.6599999999999999,-0.07,103,103.8,-0.8,89.8,0.311,0.197,0.517,NA,0.47500000000000003,14.1,28.4,0.226,0.47600000000000003,13.3,72.1,0.21100000000000002,,665648,16235,FALSE
2004,17,Portland Trail Blazers,27.6,41,41,37,45,-1.27,0.69,-0.58,103.7,105.1,-1.4,86.2,0.267,0.17,0.515,NA,0.47800000000000004,14.4,31.2,0.195,0.48200000000000004,13.3,70,0.186,,684038,16684,FALSE
2004,18,Utah Jazz,24.9,42,40,37,45,-1.22,0.69,-0.53,101.9,103.3,-1.4,86.6,0.356,0.127,0.509,NA,0.456,16.1,34.1,0.266,0.468,15.4,72.4,0.319,,785330,19154,FALSE
2004,19,Boston Celtics,26.4,36,46,37,45,-1.45,-0.54,-1.99,102.1,103.7,-1.6,93.2,0.327,0.24900000000000003,0.532,NA,0.48600000000000004,15.4,25.2,0.24500000000000002,0.47900000000000004,15.7,69.5,0.24000000000000002,,664248,16201,TRUE
2004,20,New York Knicks,29.6,39,43,36,46,-1.48,-0.49,-1.97,101.7,103.3,-1.6,89.5,0.266,0.171,0.518,NA,0.47400000000000003,15.1,28,0.21100000000000002,0.461,13.2,72.8,0.259,,785739,19164,TRUE
2004,21,Philadelphia 76ers,27.5,33,49,33,49,-2.4899999999999998,-0.46,-2.9499999999999997,99.1,101.9,-2.8,88,0.321,0.15800000000000003,0.505,NA,0.456,15.5,28.2,0.24200000000000002,0.467,14.7,70.7,0.231,,788128,19223,FALSE
2004,22,Cleveland Cavaliers,24.9,35,47,33,49,-2.62,-0.44,-3.07,101.4,104.2,-2.8,90.8,0.301,0.116,0.498,NA,0.451,13.7,31.1,0.226,0.46900000000000003,12.3,73,0.221,,749790,18288,FALSE
2004,23,Toronto Raptors,27.6,33,49,31,51,-3.01,-0.4,-3.42,97,100.4,-3.4,86.8,0.26,0.20400000000000001,0.495,NA,0.454,14.1,23.8,0.195,0.449,14.1,70.1,0.24100000000000002,,750608,18308,FALSE
2004,24,Phoenix Suns,24.4,29,53,30,52,-3.74,0.8,-2.94,101.4,105.5,-4.1,92.6,0.28,0.18,0.515,NA,0.47500000000000003,14.3,26.6,0.20900000000000002,0.48200000000000004,14.7,69.9,0.24000000000000002,,670385,16351,FALSE
2004,25,Los Angeles Clippers,24.3,28,54,28,54,-4.59,0.8400000000000001,-3.74,103.5,108.5,-5,91,0.35,0.15600000000000003,0.512,NA,0.453,15,32.8,0.275,0.494,12.9,70,0.231,,665396,16143,FALSE
2004,26,Atlanta Hawks,26.2,28,54,28,54,-4.6499999999999995,-0.36,-5,101,106.1,-5.1,90.8,0.303,0.191,0.514,NA,0.465,15.4,28.6,0.23500000000000001,0.47600000000000003,13.1,70.5,0.234,,565728,13798,FALSE
2004,27,Washington Wizards,24.4,25,57,25,57,-5.63,-0.48000000000000004,-6.119999999999999,98.8,104.8,-6,92.2,0.33699999999999997,0.194,0.5,NA,0.454,16,30.7,0.24100000000000002,0.48600000000000004,14.9,69.5,0.21400000000000002,,645363,15741,FALSE
2004,28,Chicago Bulls,26.8,23,59,23,59,-6.35,-0.32999999999999996,-6.6899999999999995,96.6,103.4,-6.8,92.2,0.272,0.186,0.48600000000000004,NA,0.446,14.9,28.1,0.197,0.46900000000000003,14.1,71.4,0.253,,809177,19736,FALSE
2004,29,Orlando Magic,25.8,21,61,22,60,-7.02,-0.23,-7.25,102.7,110.4,-7.7,90.8,0.29600000000000004,0.184,0.504,NA,0.461,12.8,28.1,0.21800000000000003,0.502,12.7,68.7,0.21400000000000002,,589144,14369,FALSE
2005,1,San Antonio Spurs,28.5,59,23,63,19,7.8,0.03,7.84,107.5,98.8,8.7,88.9,0.329,0.21600000000000003,0.534,NA,0.492,13.2,29.1,0.23800000000000002,0.452,14.7,73.6,0.23600000000000002,,750970,18316,TRUE
2005,2,Phoenix Suns,25.2,62,20,59,23,7.119999999999999,-0.04,7.08,114.5,107.1,7.4,95.9,0.29600000000000004,0.28900000000000003,0.5710000000000001,NA,0.534,12.4,27.5,0.222,0.47800000000000004,12,68.3,0.17600000000000002,,726066,17709,TRUE
2005,3,Miami Heat,28,59,23,59,23,6.52,-0.76,5.7700000000000005,110.2,103.1,7.1,90.8,0.387,0.198,0.559,NA,0.524,13.1,27,0.26,0.46,12.4,74.1,0.24200000000000002,,815143,19882,TRUE
2005,4,Dallas Mavericks,27.7,58,24,57,25,5.74,0.11,5.859999999999999,110.3,104.1,6.2,92.7,0.346,0.19,0.545,NA,0.492,12.5,28.6,0.273,0.47200000000000003,14.3,70.2,0.23900000000000002,,822533,20062,TRUE
2005,5,Houston Rockets,29.7,51,31,53,29,4.04,0.23,4.2700000000000005,106.2,101.7,4.5,88.8,0.309,0.23700000000000002,0.534,NA,0.48600000000000004,13.5,26.3,0.24200000000000002,0.459,12.9,74.5,0.24500000000000002,,663444,16182,TRUE
2005,6,Detroit Pistons,27.9,54,28,53,29,3.8699999999999997,-0.55,3.3099999999999996,105.6,101.2,4.4,87.2,0.33499999999999996,0.164,0.519,NA,0.47200000000000003,13.3,31.2,0.24700000000000003,0.461,13.5,73,0.20700000000000002,,905116,22076,TRUE
2005,7,Seattle SuperSonics,26,52,30,48,34,2.29,0.3,2.59,112.2,109.6,2.6,87.9,0.328,0.281,0.546,NA,0.495,13,32.4,0.259,0.496,12.9,71.3,0.24900000000000003,,675490,16475,TRUE
2005,8,Memphis Grizzlies,26.3,45,37,48,34,2.29,0.33999999999999997,2.64,105.5,102.9,2.6,88.5,0.323,0.23700000000000002,0.535,NA,0.48900000000000005,14.3,27.1,0.24300000000000002,0.466,15.4,69.9,0.27,,691362,16862,TRUE
2005,9,Sacramento Kings,27.7,50,32,47,35,2.16,0.4,2.56,110.5,108.2,2.3,93,0.28700000000000003,0.2,0.541,NA,0.496,12,28.8,0.226,0.493,13.3,69,0.21400000000000002,,709997,17317,TRUE
2005,10,Denver Nuggets,26.7,49,33,47,35,2.02,0.2,2.23,106,103.9,2.1,93.5,0.35,0.14200000000000002,0.535,NA,0.48300000000000004,13.8,28.4,0.267,0.48200000000000004,15.1,71.7,0.24700000000000003,,723949,17657,TRUE
2005,11,Minnesota Timberwolves,29,44,38,45,37,1.45,0.28,1.73,108.2,106.6,1.6,89.1,0.275,0.17300000000000001,0.534,NA,0.48900000000000005,12.7,28.6,0.21900000000000003,0.47200000000000003,11.2,71.4,0.20800000000000002,,704438,17181,FALSE
2005,12,Chicago Bulls,25,47,35,44,38,1.06,-0.41000000000000003,0.65,101.4,100.3,1.1,92.4,0.311,0.21700000000000003,0.517,NA,0.47100000000000003,15.5,28.4,0.233,0.454,14.4,72.6,0.262,,828384,20204,TRUE
2005,13,Boston Celtics,27.1,45,37,43,39,0.8700000000000001,-0.52,0.35,107.5,106.6,0.9,93.3,0.357,0.192,0.551,NA,0.501,14.7,27.2,0.273,0.48100000000000004,14.2,70.1,0.274,,656081,16002,TRUE
2005,14,Cleveland Cavaliers,26.5,42,40,43,39,0.7899999999999999,-0.52,0.27,106.6,105.7,0.9,89.7,0.325,0.135,0.518,NA,0.47000000000000003,13,32.5,0.24400000000000002,0.48500000000000004,14.1,71.5,0.24800000000000003,,784249,19128,FALSE
2005,15,Indiana Pacers,28.3,44,38,43,39,0.76,-0.27,0.49,105.5,104.6,0.9,87.2,0.358,0.255,0.534,NA,0.47600000000000003,14.1,26.4,0.28300000000000003,0.47200000000000003,13.6,71.3,0.261,,696764,16994,TRUE
2005,16,Washington Wizards,25.3,45,37,40,42,-0.32999999999999996,-0.38,-0.71,107.2,107.5,-0.3,93.3,0.364,0.22,0.523,NA,0.47400000000000003,12.9,31.1,0.264,0.498,14.6,70,0.23,,705069,17197,TRUE
2005,17,Philadelphia 76ers,26.4,43,39,39,43,-0.74,-0.32999999999999996,-1.07,103.5,104.3,-0.8,94.9,0.326,0.21600000000000003,0.528,NA,0.47500000000000003,14.2,25.4,0.257,0.48500000000000004,15.4,72.7,0.267,,732686,17870,TRUE
2005,18,Los Angeles Clippers,25.5,37,45,39,43,-0.77,0.3,-0.47000000000000003,105.5,106.4,-0.9,89.1,0.357,0.10500000000000001,0.533,NA,0.47700000000000004,14.9,30.3,0.278,0.48000000000000004,13,71.3,0.23500000000000001,,696181,16980,FALSE
2005,19,New Jersey Nets,27.8,42,40,36,46,-1.5,-0.32,-1.82,101.4,103.1,-1.7,89.1,0.318,0.187,0.512,NA,0.463,13.7,25.5,0.24200000000000002,0.47900000000000004,15.2,73.2,0.278,,618681,15090,TRUE
2005,20,Toronto Raptors,27,33,49,36,46,-1.62,-0.19,-1.81,106.9,108.7,-1.8,92.7,0.316,0.253,0.539,NA,0.492,12.5,23.7,0.24400000000000002,0.499,13.4,71.1,0.24000000000000002,,703388,17156,FALSE
2005,21,Golden State Warriors,26.7,34,48,35,47,-2.16,0.42000000000000004,-1.74,104.7,106.9,-2.2,93.3,0.278,0.252,0.512,NA,0.47500000000000003,12.3,27.8,0.201,0.491,13.9,69.7,0.227,,670368,16350,FALSE
2005,22,Orlando Magic,26.5,36,46,35,47,-2.24,-0.27,-2.52,104.9,107.3,-2.4,94.7,0.35,0.137,0.529,NA,0.47800000000000004,14.6,29.9,0.265,0.48400000000000004,13.2,71.3,0.255,,597942,14584,FALSE
2005,23,New York Knicks,27.3,33,49,34,48,-2.44,-0.28,-2.72,106.2,108.9,-2.7,90.7,0.312,0.188,0.531,NA,0.48500000000000004,13.8,28.3,0.23900000000000002,0.501,13.8,71.2,0.265,,800144,19516,FALSE
2005,24,Milwaukee Bucks,26.9,30,52,32,50,-2.9899999999999998,-0.1,-3.09,106.6,109.8,-3.2,90.8,0.33899999999999997,0.14100000000000001,0.527,NA,0.47500000000000003,13,29,0.261,0.499,12.4,72,0.233,,637009,15537,FALSE
2005,25,Los Angeles Lakers,26,34,48,33,49,-2.96,0.64,-2.32,108.1,111.4,-3.3,90.8,0.322,0.273,0.535,NA,0.48500000000000004,13.4,29.5,0.251,0.493,11,71.1,0.21800000000000003,,770494,18793,FALSE
2005,26,Portland Trail Blazers,27,27,55,29,53,-4,0.55,-3.4499999999999997,103.2,107.7,-4.5,89.8,0.303,0.181,0.524,NA,0.48400000000000004,15.2,29.6,0.21900000000000003,0.47900000000000004,12.6,67.7,0.20400000000000001,,680374,16594,FALSE
2005,27,Utah Jazz,25.7,26,56,29,53,-4.2700000000000005,0.53,-3.74,104.7,109.5,-4.8,88.4,0.361,0.12100000000000001,0.522,NA,0.46900000000000003,15,31.9,0.273,0.499,14.2,72.3,0.33999999999999997,,769014,18756,FALSE
2005,28,Charlotte Bobcats,24.9,18,64,24,58,-5.99,-0.16,-6.1499999999999995,101.1,107.5,-6.4,92.3,0.306,0.128,0.497,NA,0.455,13.3,29.5,0.21700000000000003,0.497,14.7,70.9,0.269,,591701,14432,FALSE
2005,29,New Orleans Hornets,27.5,18,64,21,61,-7.07,0.7799999999999999,-6.3,99.7,107.7,-8,87.6,0.279,0.201,0.493,NA,0.446,14.2,29.1,0.21400000000000002,0.491,13.9,70.7,0.261,,583070,14221,FALSE
2005,30,Atlanta Hawks,26,13,69,16,66,-9.709999999999999,0.09,-9.62,100.6,111.1,-10.5,91.4,0.29900000000000004,0.14600000000000002,0.504,NA,0.464,14.9,30.7,0.21200000000000002,0.513,14,72.1,0.28900000000000003,,586390,14302,FALSE
2006,1,San Antonio Spurs,29.8,63,19,61,21,6.819999999999999,-0.13,6.6899999999999995,107.3,99.6,7.7,88.5,0.29800000000000004,0.21500000000000002,0.546,NA,0.513,13.6,26,0.20900000000000002,0.457,13.5,74.2,0.22,,770677,18797,TRUE
2006,2,Detroit Pistons,28.5,64,18,60,22,6.67,-0.44,6.24,110.8,103.1,7.7,86.8,0.29700000000000004,0.221,0.535,NA,0.497,11.2,28.9,0.21600000000000003,0.47700000000000004,13.7,71.2,0.191,,905116,22076,TRUE
2006,3,Dallas Mavericks,27.5,60,22,58,24,6.07,-0.11,5.96,111.8,105,6.8,87.8,0.364,0.17500000000000002,0.55,NA,0.495,13.1,31.8,0.28500000000000003,0.47500000000000003,13.7,72.2,0.257,,824693,20114,TRUE
2006,4,Phoenix Suns,27.5,54,28,55,27,5.55,-0.07,5.48,111.5,105.8,5.7,95.8,0.20600000000000002,0.29300000000000004,0.5680000000000001,NA,0.537,12.2,22.1,0.166,0.49,13.2,72.1,0.2,,730179,17809,TRUE
2006,5,Memphis Grizzlies,28.1,49,33,52,30,3.7,0.05,3.74,105.9,101.6,4.3,86.3,0.33899999999999997,0.258,0.537,NA,0.496,13.9,25.8,0.24100000000000002,0.46900000000000003,14.7,72,0.23700000000000002,,647533,15793,TRUE
2006,6,Miami Heat,29.2,52,30,52,30,3.8699999999999997,-0.27,3.59,108.7,104.5,4.2,91.6,0.363,0.227,0.556,NA,0.517,13.9,26.7,0.254,0.47700000000000004,12.4,76.4,0.251,,818149,19955,TRUE
2006,7,Los Angeles Lakers,25.1,45,37,48,34,2.5,0.03,2.53,108.4,105.7,2.7,90.9,0.329,0.24000000000000002,0.539,NA,0.495,13.1,28.8,0.24500000000000002,0.48600000000000004,13.4,73.6,0.24200000000000002,,774189,18883,TRUE
2006,8,Cleveland Cavaliers,27.1,50,32,48,34,2.23,-0.06,2.17,107.8,105.4,2.4,89.8,0.362,0.228,0.538,NA,0.492,13.3,28.4,0.263,0.49,12.8,75.7,0.226,,792391,19327,TRUE
2006,9,Indiana Pacers,27.3,41,41,47,35,1.8900000000000001,-0.27,1.62,104.5,102.4,2.1,89.7,0.344,0.24500000000000002,0.533,NA,0.48700000000000004,14.8,27.1,0.254,0.464,13,72.6,0.232,,663368,16180,TRUE
2006,10,Washington Wizards,26.5,42,40,46,36,1.85,-0.29000000000000004,1.57,109.3,107.3,2,92.3,0.375,0.20900000000000002,0.538,NA,0.48400000000000004,12.8,29.5,0.28400000000000003,0.504,15.1,70.9,0.256,,705062,17197,TRUE
2006,11,Sacramento Kings,27.2,44,38,45,37,1.54,0.07,1.61,106.7,105,1.7,91.9,0.33399999999999996,0.21700000000000003,0.544,NA,0.492,13.9,25.4,0.262,0.48800000000000004,13.7,72.2,0.21000000000000002,,709997,17317,TRUE
2006,12,Los Angeles Clippers,26.8,47,35,46,36,1.57,0.18,1.75,105.3,103.6,1.7,91.7,0.33199999999999996,0.131,0.54,NA,0.48700000000000004,13.8,25.4,0.263,0.47100000000000003,12.2,75.9,0.24000000000000002,,712409,17376,TRUE
2006,13,New Jersey Nets,28.6,49,33,45,37,1.37,-0.26,1.11,103.9,102.4,1.5,89.8,0.346,0.229,0.528,NA,0.47800000000000004,13.3,24,0.262,0.47600000000000003,14,76.3,0.266,,691543,16867,TRUE
2006,14,Chicago Bulls,24.1,41,41,43,39,0.63,-0.12000000000000001,0.51,104,103.4,0.6,92.9,0.29200000000000004,0.21900000000000003,0.527,NA,0.48700000000000004,13.9,26.3,0.21600000000000003,0.464,13.9,74.7,0.29500000000000004,,868720,21188,TRUE
2006,15,Denver Nuggets,27.4,44,38,42,40,0.23,0.13,0.36,105.5,105.2,0.3,93.9,0.347,0.161,0.535,NA,0.48800000000000004,13.7,26.8,0.258,0.493,14.7,72,0.227,,702555,17135,TRUE
2006,16,Milwaukee Bucks,25.5,40,42,38,44,-1.04,-0.04,-1.07,106.3,107.4,-1.1,91.2,0.322,0.203,0.535,NA,0.492,13.8,27.3,0.23800000000000002,0.504,13.8,74.6,0.262,,681337,16618,TRUE
2006,17,Orlando Magic,25.5,36,46,38,44,-1.07,-0.18,-1.26,106.3,107.5,-1.2,88.3,0.369,0.129,0.543,NA,0.496,14.7,28.5,0.27,0.49,13,72.5,0.264,,638005,15561,FALSE
2006,18,Golden State Warriors,25.6,34,48,37,45,-1.35,0.25,-1.11,104.8,106.2,-1.4,93.3,0.323,0.27,0.521,NA,0.47900000000000004,13,26.9,0.232,0.492,14.1,71.6,0.24300000000000002,,749185,18273,FALSE
2006,19,Houston Rockets,28.8,34,48,36,46,-1.59,0.28,-1.3,101.6,103.3,-1.7,88,0.317,0.226,0.519,NA,0.47100000000000003,14.3,25.5,0.24000000000000002,0.47200000000000003,13.1,74.6,0.24700000000000003,,636110,15515,FALSE
2006,20,Boston Celtics,25.3,33,49,37,45,-1.54,-0.05,-1.59,105.2,106.9,-1.7,92.2,0.349,0.20400000000000001,0.551,NA,0.504,15.7,25.5,0.263,0.49,13.8,72.8,0.28200000000000003,,692873,16899,FALSE
2006,21,Minnesota Timberwolves,26.7,33,49,35,47,-1.8800000000000001,0.13,-1.75,102.4,104.5,-2.1,88.8,0.29900000000000004,0.14900000000000002,0.524,NA,0.48000000000000004,14.2,25.2,0.226,0.47500000000000003,13.4,71.3,0.23600000000000002,,662167,16150,FALSE
2006,22,Philadelphia 76ers,26.5,38,44,35,47,-1.95,-0.15000000000000002,-2.1,106,108.1,-2.1,92.7,0.356,0.15800000000000003,0.538,NA,0.48700000000000004,13.3,25.6,0.27,0.5,14.3,71.3,0.24000000000000002,,677278,16519,FALSE
2006,23,Utah Jazz,25.6,41,41,33,49,-2.63,0.14,-2.4899999999999998,104.1,107,-2.9,87.8,0.397,0.14900000000000002,0.519,NA,0.467,15,32.4,0.28600000000000003,0.49,14,73.2,0.303,,751621,18332,FALSE
2006,24,New Orleans/Oklahoma City Hornets,26.3,38,44,33,49,-2.82,0.31,-2.51,103.7,106.8,-3.1,89,0.33899999999999997,0.138,0.515,NA,0.464,12.9,26.9,0.257,0.502,14.3,73.4,0.24300000000000002,,744920,18717,FALSE
2006,25,Toronto Raptors,25.9,27,55,33,49,-2.9899999999999998,-0.04,-3.03,109.5,112.7,-3.2,91.1,0.315,0.24400000000000002,0.548,NA,0.5,12.4,25.4,0.24900000000000003,0.53,13.5,73.3,0.263,,699332,17057,FALSE
2006,26,Seattle SuperSonics,25.6,35,47,33,49,-3.02,0.15000000000000002,-2.88,111.1,114.4,-3.3,91.6,0.314,0.24300000000000002,0.551,NA,0.504,13.7,30.4,0.24600000000000002,0.527,13.6,69,0.26,,664157,16199,FALSE
2006,27,Charlotte Bobcats,25.2,26,56,30,52,-4,0.1,-3.9,102.5,106.7,-4.2,93.4,0.319,0.184,0.509,NA,0.464,13,27.1,0.233,0.514,16.5,70.7,0.263,,671011,16366,FALSE
2006,28,Atlanta Hawks,22.7,26,56,28,54,-4.76,0.07,-4.6899999999999995,106.4,111.6,-5.2,90.4,0.33999999999999997,0.17800000000000002,0.534,NA,0.48600000000000004,14.7,31.4,0.255,0.513,14.1,69.5,0.275,,617817,15069,FALSE
2006,29,New York Knicks,25.6,23,59,24,58,-6.4,0.11,-6.3,104,111,-7,90.8,0.41700000000000004,0.14200000000000002,0.534,NA,0.48100000000000004,16.5,31.2,0.303,0.511,13.4,72.8,0.29400000000000004,,776176,18931,FALSE
2006,30,Portland Trail Blazers,24.6,21,61,16,66,-9.450000000000001,0.54,-8.91,101.1,111.9,-10.8,87.6,0.31,0.166,0.511,NA,0.47400000000000003,14.5,26.6,0.21400000000000002,0.507,12.6,68.2,0.231,,617019,15049,FALSE
2007,1,San Antonio Spurs,30.4,58,24,64,18,8.43,-0.08,8.350000000000001,109.2,99.9,9.3,89.8,0.313,0.24700000000000003,0.561,NA,0.521,13.6,24.2,0.23500000000000001,0.47100000000000003,14,75.7,0.201,,764823,18654,TRUE
2007,2,Dallas Mavericks,28.1,67,15,61,21,7.22,0.06,7.28,111.3,103.2,8.1,89.5,0.317,0.21800000000000003,0.559,NA,0.509,13.4,28.7,0.256,0.47700000000000004,14.2,75,0.265,,834411,20351,TRUE
2007,3,Phoenix Suns,27.6,61,21,59,23,7.3,-0.03,7.28,113.9,106.4,7.5,95.6,0.267,0.28700000000000003,0.59,NA,0.551,13.4,22.7,0.21500000000000002,0.492,13.6,71.9,0.20600000000000002,,755302,18422,TRUE
2007,4,Chicago Bulls,26,49,33,55,27,5.01,-0.49,4.52,104.9,99.6,5.3,93.6,0.313,0.186,0.534,NA,0.493,14.7,28.6,0.229,0.47300000000000003,16.2,74.3,0.252,,912364,22253,TRUE
2007,5,Houston Rockets,28.2,52,30,55,27,4.85,0.19,5.04,106,100.7,5.3,90.7,0.29200000000000004,0.29000000000000004,0.54,NA,0.499,13.6,25.7,0.22,0.466,13.6,77,0.23,,678362,16545,TRUE
2007,6,Detroit Pistons,29,53,29,53,29,4.159999999999999,-0.47000000000000003,3.69,108.9,104.2,4.7,87.3,0.307,0.201,0.535,NA,0.48800000000000004,12,28.3,0.23700000000000002,0.47700000000000004,14.3,70.9,0.234,,905116,22076,TRUE
2007,7,Cleveland Cavaliers,26.9,50,32,52,30,3.8299999999999996,-0.5,3.3299999999999996,105.5,101.3,4.2,90.8,0.32,0.21100000000000002,0.522,NA,0.48400000000000004,13.4,29.7,0.223,0.48000000000000004,14.7,75.8,0.24300000000000002,,837883,20436,TRUE
2007,8,Utah Jazz,25.9,51,31,49,33,2.8699999999999997,0.2,3.06,110.1,107,3.1,91.6,0.38,0.163,0.551,NA,0.502,14.5,31.7,0.28300000000000003,0.496,14.4,75.1,0.314,,802214,19566,TRUE
2007,9,Denver Nuggets,26.5,45,37,45,37,1.62,0.07,1.6900000000000002,107.6,105.9,1.7,97.4,0.36,0.21200000000000002,0.548,NA,0.501,14.6,28.9,0.268,0.499,14.5,71.8,0.203,,706437,17230,TRUE
2007,10,Toronto Raptors,26,47,35,44,38,0.99,-0.38,0.61,107,106,1,92.6,0.303,0.224,0.55,NA,0.504,13,22.2,0.23900000000000002,0.503,14.3,74.5,0.21900000000000003,,748603,18259,TRUE
2007,11,Orlando Magic,25.6,40,42,43,39,0.7799999999999999,-0.43000000000000005,0.35,104.9,104.1,0.8,89.9,0.393,0.15800000000000003,0.544,NA,0.5,16.3,29.3,0.276,0.48000000000000004,14.6,73.7,0.28600000000000003,,700887,17095,TRUE
2007,12,Los Angeles Lakers,25.3,42,40,41,41,-0.07,0.32,0.24000000000000002,108.6,108.6,0,93.5,0.33299999999999996,0.259,0.554,NA,0.511,14.3,26.1,0.24900000000000003,0.5,13.5,72.3,0.262,,778415,18986,TRUE
2007,13,Golden State Warriors,24.6,42,40,40,42,-0.33999999999999997,0.33999999999999997,0,107,107.4,-0.4,99.2,0.3,0.279,0.548,NA,0.512,14.1,25.6,0.21500000000000002,0.506,16.1,69.6,0.264,,742267,18104,TRUE
2007,14,Washington Wizards,26.8,41,41,40,42,-0.51,-0.28,-0.8,110.1,110.6,-0.5,94.1,0.356,0.23700000000000002,0.542,NA,0.491,12.6,28.1,0.272,0.517,14.4,71,0.24900000000000003,,753283,18373,TRUE
2007,15,Los Angeles Clippers,27.5,40,42,40,42,-0.46,0.39,-0.07,105.1,105.6,-0.5,90.8,0.355,0.14300000000000002,0.537,NA,0.48100000000000004,14.5,27.2,0.28,0.48800000000000004,13.3,74.7,0.24900000000000003,,755261,18421,FALSE
2007,16,New Jersey Nets,28.2,41,41,39,43,-0.77,-0.23,-1,105.7,106.6,-0.9,91.4,0.33799999999999997,0.263,0.546,NA,0.504,14.2,24.6,0.24500000000000002,0.49,13.7,74.4,0.266,,693955,16926,TRUE
2007,17,Miami Heat,29.3,44,38,38,44,-0.91,-0.29000000000000004,-1.21,104.3,105.3,-1,89.9,0.321,0.24500000000000002,0.541,NA,0.506,14.3,24.9,0.222,0.48500000000000004,13.8,73.3,0.232,,808541,19721,TRUE
2007,18,New Orleans/Oklahoma City Hornets,26.4,39,43,36,46,-1.57,0.38,-1.1900000000000002,104.8,106.5,-1.7,90.2,0.29100000000000004,0.188,0.52,NA,0.47900000000000004,13.6,29.1,0.21500000000000002,0.499,13.2,74.7,0.21200000000000002,,731165,17954,FALSE
2007,19,Sacramento Kings,27.3,33,49,36,46,-1.8,0.46,-1.35,106.2,108,-1.8,94.8,0.379,0.232,0.545,NA,0.491,13.5,23.1,0.28900000000000003,0.513,14.9,72.5,0.24000000000000002,,709997,17317,FALSE
2007,20,Indiana Pacers,27.2,35,47,34,48,-2.44,-0.18,-2.62,102.9,105.5,-2.6,92.4,0.324,0.21200000000000002,0.523,NA,0.47400000000000003,15.1,28.4,0.24600000000000002,0.491,14.8,72.7,0.271,,629750,15360,FALSE
2007,21,Seattle SuperSonics,25.9,31,51,33,49,-2.8899999999999997,0.45,-2.4499999999999997,107.2,110.3,-3.1,91.8,0.28800000000000003,0.21900000000000003,0.544,NA,0.499,14.5,27.8,0.228,0.515,14.1,70.9,0.24300000000000002,,654163,15955,FALSE
2007,22,New York Knicks,25.4,33,49,33,49,-2.8499999999999996,-0.21000000000000002,-3.06,105.7,108.8,-3.1,90.8,0.377,0.21600000000000003,0.539,NA,0.494,15.9,31,0.27,0.504,13,74,0.24600000000000002,,770617,18796,FALSE
2007,23,Philadelphia 76ers,26.2,35,47,32,50,-3.02,-0.23,-3.2600000000000002,103.6,106.9,-3.3,90.7,0.33299999999999996,0.128,0.53,NA,0.48000000000000004,14.6,27.2,0.255,0.501,14.7,70.8,0.221,,608603,14844,FALSE
2007,24,Boston Celtics,23.5,24,58,31,51,-3.4099999999999997,-0.29000000000000004,-3.7,103.2,106.9,-3.7,92,0.33699999999999997,0.199,0.53,NA,0.47900000000000004,15.4,27,0.259,0.502,14.5,73.8,0.28,,690576,16843,FALSE
2007,25,Minnesota Timberwolves,27.7,32,50,30,52,-3.67,0.51,-3.16,103.9,107.9,-4,91,0.29100000000000004,0.167,0.537,NA,0.49,14.8,25.1,0.231,0.498,13.3,72.1,0.226,,655947,15999,FALSE
2007,26,Charlotte Bobcats,25.5,33,49,30,52,-3.74,-0.22,-3.9699999999999998,103.6,107.6,-4,92,0.322,0.193,0.524,NA,0.48000000000000004,13.9,26.4,0.23600000000000002,0.5,14.7,71.6,0.279,,637520,15549,FALSE
2007,27,Milwaukee Bucks,26,28,54,29,53,-4.38,-0.06,-4.430000000000001,107,111.7,-4.7,92.3,0.28600000000000003,0.21900000000000003,0.541,NA,0.504,14.1,27.6,0.20900000000000002,0.522,14.5,68.1,0.234,,663629,16186,FALSE
2007,28,Portland Trail Blazers,24.4,32,50,29,53,-4.29,0.51,-3.7800000000000002,105.1,109.9,-4.8,88.3,0.314,0.193,0.53,NA,0.48300000000000004,14.5,28.2,0.24100000000000002,0.508,13.5,73,0.267,,670778,16360,FALSE
2007,29,Atlanta Hawks,24.1,30,52,27,55,-4.76,-0.1,-4.859999999999999,103,108.3,-5.3,90,0.346,0.163,0.523,NA,0.47100000000000003,15.1,29.2,0.263,0.503,14.5,70.9,0.268,,639375,15595,FALSE
2007,30,Memphis Grizzlies,26.2,22,60,27,55,-5.1499999999999995,0.71,-4.44,106.9,112.3,-5.4,93.6,0.374,0.21100000000000002,0.555,NA,0.504,15.2,25.9,0.28500000000000003,0.529,14,71.1,0.23700000000000002,,600836,14655,FALSE
2008,1,Boston Celtics,27.9,66,16,67,15,10.26,-0.9500000000000001,9.3,110.2,98.9,11.3,90.9,0.346,0.24900000000000003,0.5690000000000001,NA,0.522,14.7,26.6,0.267,0.457,15.2,74.4,0.253,,763584,18624,TRUE
2008,2,Detroit Pistons,28.3,59,23,62,20,7.39,-0.72,6.67,111.4,102.9,8.5,87.3,0.3,0.203,0.539,NA,0.495,11.4,29.4,0.23,0.47000000000000003,13.4,73.7,0.24400000000000002,,905116,22076,TRUE
2008,3,Los Angeles Lakers,26.7,57,25,59,23,7.26,0.09,7.34,113,105.5,7.5,95.6,0.33299999999999996,0.257,0.5700000000000001,NA,0.525,12.9,26.3,0.256,0.48500000000000004,12.9,73.4,0.21400000000000002,,778877,18997,TRUE
2008,4,Utah Jazz,25.3,54,28,59,23,6.88,-0.01,6.859999999999999,113.8,106.5,7.3,93.2,0.349,0.166,0.5730000000000001,NA,0.528,13.6,29.5,0.265,0.501,15,74.1,0.29400000000000004,,816211,19908,TRUE
2008,5,Orlando Magic,26.7,52,30,56,26,5.46,-0.6799999999999999,4.79,111.3,105.5,5.8,93.4,0.355,0.322,0.5750000000000001,NA,0.537,13.6,23.4,0.256,0.48400000000000004,12.3,74.8,0.21700000000000003,,709346,17301,TRUE
2008,6,New Orleans Hornets,27.1,56,26,56,26,5.28,0.18,5.46,111.5,105.7,5.8,89.9,0.251,0.23900000000000002,0.548,NA,0.512,11.4,27,0.193,0.501,13.5,75.4,0.184,,581432,14181,TRUE
2008,7,San Antonio Spurs,31.4,56,26,55,27,4.79,0.31,5.1,107.2,101.8,5.4,88.8,0.276,0.251,0.543,NA,0.504,12.6,23.4,0.21000000000000002,0.47700000000000004,12.8,77.1,0.201,,761149,18565,TRUE
2008,8,Houston Rockets,28.3,55,27,55,27,4.68,0.15000000000000002,4.83,106.8,101.6,5.2,90.4,0.276,0.255,0.528,NA,0.492,13,29.1,0.2,0.465,12.8,74.8,0.21400000000000002,,718524,17525,TRUE
2008,9,Phoenix Suns,29.3,55,27,54,28,5.05,0.09,5.14,113.3,108.1,5.2,96.7,0.29200000000000004,0.26,0.59,NA,0.551,13.4,22.4,0.228,0.48800000000000004,11.8,70.9,0.191,,755302,18422,TRUE
2008,10,Dallas Mavericks,28.9,51,31,54,28,4.54,0.16,4.7,111.1,106.1,5,90.2,0.318,0.21500000000000002,0.554,NA,0.502,12.3,26.7,0.259,0.47400000000000003,11.7,75,0.252,,831738,20286,TRUE
2008,11,Denver Nuggets,28.5,50,32,51,31,3.71,0.03,3.74,110,106.3,3.7,99.7,0.358,0.228,0.557,NA,0.51,12.9,25.5,0.269,0.499,14.1,72.1,0.203,,711962,17365,TRUE
2008,12,Toronto Raptors,26.3,41,41,49,33,2.9,-0.44,2.4699999999999998,110.2,107,3.2,90.2,0.24700000000000003,0.21700000000000003,0.551,NA,0.511,11.4,23.4,0.2,0.505,13.5,75,0.20500000000000002,,796835,19435,TRUE
2008,13,Golden State Warriors,25.5,48,34,47,35,2.21,0.17,2.38,111.8,109.5,2.3,98.8,0.276,0.29500000000000004,0.548,NA,0.511,11.5,27.2,0.20800000000000002,0.509,14.7,70.3,0.258,,804864,19631,FALSE
2008,14,Philadelphia 76ers,25.3,40,42,42,40,0.41000000000000003,-0.23,0.19,106.4,106,0.4,90.4,0.321,0.14300000000000002,0.522,NA,0.48200000000000004,13.4,31.8,0.227,0.504,15.1,72,0.20500000000000002,,609675,14870,TRUE
2008,15,Washington Wizards,27.2,43,39,40,42,-0.32999999999999996,-0.28,-0.61,109.2,109.6,-0.4,89.5,0.29700000000000004,0.24100000000000002,0.535,NA,0.48900000000000005,12.5,28.9,0.233,0.513,13.5,72.8,0.21700000000000003,,736461,17962,TRUE
2008,16,Cleveland Cavaliers,27.1,45,37,40,42,-0.35,-0.17,-0.53,106,106.4,-0.4,90.2,0.308,0.231,0.52,NA,0.48000000000000004,13.1,30.4,0.221,0.494,12.9,75.9,0.24000000000000002,,839074,20465,TRUE
2008,17,Portland Trail Blazers,24.1,41,41,38,44,-0.98,0.45,-0.52,107.3,108.4,-1.1,87.9,0.281,0.21800000000000003,0.532,NA,0.48900000000000005,12.6,26.8,0.21600000000000003,0.491,12.1,71.8,0.21200000000000002,,801566,19550,FALSE
2008,18,Indiana Pacers,26.7,36,46,37,45,-1.4,-0.46,-1.87,106,107.5,-1.5,97.7,0.29200000000000004,0.28900000000000003,0.54,NA,0.498,13.5,24.4,0.224,0.498,14.1,73.9,0.271,,501092,12222,FALSE
2008,19,Atlanta Hawks,24.2,37,45,36,46,-1.82,-0.41000000000000003,-2.23,106.9,108.9,-2,91.1,0.33999999999999997,0.165,0.535,NA,0.48300000000000004,14,29.7,0.263,0.501,12.9,71.7,0.21700000000000003,,667518,16281,TRUE
2008,20,Sacramento Kings,27.3,38,44,35,47,-2.2600000000000002,0.4,-1.86,107.5,109.9,-2.4,94.7,0.346,0.20800000000000002,0.556,NA,0.503,14.8,25.2,0.276,0.51,13.9,71.7,0.256,,580181,14151,FALSE
2008,21,Chicago Bulls,25.7,33,49,32,50,-3.09,-0.11,-3.19,103.9,107.2,-3.3,93,0.29600000000000004,0.19,0.515,NA,0.47000000000000003,13.4,28.9,0.223,0.496,14.2,73.1,0.258,,901502,21988,FALSE
2008,22,Charlotte Bobcats,26.3,32,50,29,53,-4.38,-0.11,-4.49,104.6,109.4,-4.8,91.8,0.323,0.22,0.532,NA,0.492,13.9,25.6,0.23,0.505,13.4,71,0.23500000000000001,,603403,14717,FALSE
2008,23,New Jersey Nets,27.4,34,48,27,55,-5.06,-0.09,-5.1499999999999995,104,109.4,-5.4,91.5,0.347,0.222,0.528,NA,0.48100000000000004,14.2,26.6,0.255,0.497,12.7,73.8,0.271,,641921,15657,FALSE
2008,24,Memphis Grizzlies,24.5,22,60,25,57,-6.21,0.45,-5.76,105,111.4,-6.4,95.3,0.311,0.264,0.539,NA,0.5,14,23.8,0.225,0.521,12.2,73.4,0.196,,523578,12770,FALSE
2008,25,New York Knicks,25.7,23,59,23,59,-6.609999999999999,0.06,-6.55,104.7,111.9,-7.2,91.6,0.31,0.21500000000000002,0.518,NA,0.47500000000000003,13.4,28.6,0.226,0.518,12.1,72.7,0.229,,783739,19116,FALSE
2008,26,Minnesota Timberwolves,24.6,22,60,23,59,-6.78,0.52,-6.26,103.8,111.2,-7.4,91.9,0.24800000000000003,0.185,0.518,NA,0.48400000000000004,13.6,27.5,0.183,0.513,12.9,73.6,0.269,,593537,14477,FALSE
2008,27,Milwaukee Bucks,25.8,26,56,23,59,-6.89,-0.03,-6.92,105.3,112.8,-7.5,91.3,0.29400000000000004,0.195,0.522,NA,0.48200000000000004,13.7,30,0.21500000000000002,0.524,13,73,0.25,,639421,15596,FALSE
2008,28,Los Angeles Clippers,28.5,23,59,21,61,-7.2700000000000005,0.71,-6.56,101.2,109.1,-7.9,92.1,0.33799999999999997,0.167,0.519,NA,0.465,13.7,23.1,0.264,0.503,12.8,73.1,0.23600000000000002,,692408,16888,FALSE
2008,29,Seattle SuperSonics,25.4,20,62,19,63,-8.76,0.72,-8.04,100.5,109.5,-9,96.3,0.265,0.134,0.509,NA,0.467,14.3,26.8,0.20400000000000001,0.503,11.9,73.7,0.21500000000000002,,547556,13355,FALSE
2008,30,Miami Heat,27.4,15,67,18,64,-8.65,0.11,-8.53,100.5,110,-9.5,90.2,0.3,0.21700000000000003,0.522,NA,0.48200000000000004,14.4,22.1,0.21800000000000003,0.51,13.6,71.9,0.24500000000000002,,798004,19464,FALSE
2009,1,Cleveland Cavaliers,26.6,66,16,65,17,8.93,-0.25,8.68,112.4,102.4,10,88.7,0.312,0.259,0.56,NA,0.519,12.5,27.7,0.23600000000000002,0.468,13.5,74.6,0.226,,841000,20512,TRUE
2009,2,Boston Celtics,27.8,62,20,61,21,7.51,-0.07,7.44,110.5,102.3,8.2,90.4,0.328,0.21400000000000002,0.5710000000000001,NA,0.528,15,27.9,0.251,0.47000000000000003,14,75.6,0.253,,763584,18624,TRUE
2009,3,Los Angeles Lakers,27.4,65,17,61,21,7.659999999999999,-0.55,7.109999999999999,112.8,104.7,8.1,94.3,0.29900000000000004,0.21700000000000003,0.555,NA,0.513,12.3,29.4,0.23,0.49,14.2,73,0.21300000000000002,,778877,18997,TRUE
2009,4,Orlando Magic,27.3,59,23,59,23,6.7,-0.21000000000000002,6.48,109.2,101.9,7.3,92.3,0.351,0.33499999999999996,0.559,NA,0.52,13.4,24,0.251,0.465,12.3,75.9,0.20900000000000002,,698768,17043,TRUE
2009,5,Portland Trail Blazers,24,54,28,56,26,5.34,-0.35,5,113.9,107.8,6.1,86.6,0.306,0.23900000000000002,0.553,NA,0.511,12.5,32.6,0.234,0.499,13.2,75,0.227,,841499,20524,TRUE
2009,6,Houston Rockets,27.9,53,29,53,29,4,-0.27,3.73,108.4,104,4.4,90.2,0.29200000000000004,0.254,0.548,NA,0.501,13.6,26.4,0.23500000000000001,0.47900000000000004,11.9,75.3,0.192,,717669,17504,TRUE
2009,7,San Antonio Spurs,30.4,54,28,52,30,3.7600000000000002,-0.4,3.36,108.5,104.3,4.2,88.4,0.251,0.24800000000000003,0.548,NA,0.513,11.7,22.1,0.191,0.48700000000000004,11.7,78,0.191,,749048,18269,TRUE
2009,8,Denver Nuggets,27.7,54,28,50,32,3.4099999999999997,-0.29000000000000004,3.13,110.4,106.8,3.6,94.3,0.382,0.227,0.5630000000000001,NA,0.512,14.2,27.5,0.29000000000000004,0.48500000000000004,14.1,71.7,0.259,,706165,17224,TRUE
2009,9,Utah Jazz,25.5,48,34,48,34,2.65,-0.33999999999999997,2.3099999999999996,110.1,107.3,2.8,93.1,0.355,0.169,0.554,NA,0.504,13.6,28.2,0.274,0.505,15,72.7,0.262,,816042,19903,TRUE
2009,10,Dallas Mavericks,29,50,32,47,35,1.98,-0.3,1.6800000000000002,110.5,108.4,2.1,91.5,0.274,0.24100000000000002,0.55,NA,0.504,12.1,26.6,0.224,0.493,12.3,74.6,0.225,,821723,20042,TRUE
2009,11,Phoenix Suns,29.5,46,36,46,36,1.93,-0.31,1.62,113.6,111.6,2,96,0.33599999999999997,0.21600000000000003,0.584,NA,0.545,14.4,27.7,0.25,0.511,12.8,71.7,0.233,,755302,18422,FALSE
2009,12,Atlanta Hawks,25.8,47,35,46,36,1.57,0.13,1.7,109.3,107.6,1.7,89.6,0.323,0.253,0.546,NA,0.504,12.5,26,0.23800000000000002,0.494,13.2,71.6,0.21000000000000002,,686688,16748,TRUE
2009,13,New Orleans Hornets,28.2,49,33,46,36,1.55,-0.14,1.41,108.7,107,1.7,87.8,0.28800000000000003,0.24000000000000002,0.548,NA,0.501,12.5,24.6,0.232,0.496,13.2,74.9,0.23,,695727,16969,TRUE
2009,14,Miami Heat,25.6,43,39,42,40,0.26,0.23,0.49,107.8,107.6,0.2,89.9,0.28200000000000003,0.24500000000000002,0.54,NA,0.5,12.1,24.6,0.21200000000000002,0.501,14.5,72.9,0.251,,748778,18263,TRUE
2009,15,Philadelphia 76ers,26.1,41,41,41,41,0.07,0.09,0.16,107.9,107.8,0.1,90,0.33899999999999997,0.164,0.532,NA,0.48500000000000004,13.4,31.3,0.253,0.507,14.9,71.4,0.21600000000000003,,647898,15802,TRUE
2009,16,Chicago Bulls,24.9,41,41,40,42,-0.28,0.12000000000000001,-0.16,108.4,108.7,-0.3,93.1,0.3,0.189,0.541,NA,0.493,13.3,28,0.23900000000000002,0.493,13.1,70.9,0.23800000000000002,,868667,21187,TRUE
2009,17,Detroit Pistons,28.2,39,43,40,42,-0.49,0.13,-0.36,107.4,108,-0.6,86.7,0.28200000000000003,0.165,0.524,NA,0.48300000000000004,11.7,27.9,0.21200000000000002,0.48500000000000004,11.7,74,0.24800000000000003,,896971,21877,TRUE
2009,18,Indiana Pacers,26.5,36,46,38,44,-1.11,0.35,-0.76,108.1,109.2,-1.1,96.5,0.267,0.24400000000000002,0.545,NA,0.501,13.1,25.4,0.21500000000000002,0.499,12.7,74.5,0.271,,581472,14182,FALSE
2009,19,Milwaukee Bucks,26.3,34,48,38,44,-1.09,0.21000000000000002,-0.88,106.7,107.9,-1.2,92.6,0.306,0.20800000000000002,0.531,NA,0.48300000000000004,13.1,27.8,0.23900000000000002,0.503,15.6,74,0.315,,630976,15390,FALSE
2009,20,Charlotte Bobcats,25.8,35,47,37,45,-1.27,0.07,-1.2,104.7,106.1,-1.4,88.3,0.312,0.21300000000000002,0.536,NA,0.494,15.1,27.7,0.231,0.498,14.4,73,0.229,,597548,14574,FALSE
2009,21,New York Knicks,25.7,32,50,34,48,-2.61,0.28,-2.3299999999999996,108.1,110.8,-2.7,96.7,0.268,0.322,0.544,NA,0.503,12.9,24.4,0.21000000000000002,0.52,13,72.7,0.21500000000000002,,790801,19288,FALSE
2009,22,New Jersey Nets,25.7,34,48,34,48,-2.44,0.13,-2.3099999999999996,108.3,111,-2.7,89.9,0.303,0.265,0.543,NA,0.497,12.7,25.2,0.23600000000000002,0.509,13,73.5,0.272,,621062,15148,FALSE
2009,23,Toronto Raptors,27,33,49,33,49,-2.82,0.28,-2.54,107,110,-3,92,0.279,0.193,0.542,NA,0.494,12.8,24,0.23,0.511,12.6,73.7,0.202,,769707,18773,FALSE
2009,24,Golden State Warriors,25,29,53,31,51,-3.74,-0.06,-3.8,109.5,113.3,-3.8,98.2,0.33899999999999997,0.20900000000000002,0.549,NA,0.497,12.9,26.1,0.268,0.508,12.9,68.1,0.251,,776660,18943,FALSE
2009,25,Minnesota Timberwolves,25.4,24,58,27,55,-4.91,0.18,-4.74,106.1,111.4,-5.3,91.6,0.28900000000000003,0.227,0.526,NA,0.48100000000000004,13.3,27.7,0.222,0.515,12,75,0.254,,595013,14513,FALSE
2009,26,Memphis Grizzlies,23.3,24,58,26,56,-5.46,0.24000000000000002,-5.23,103.5,109.5,-6,90.1,0.329,0.17500000000000002,0.533,NA,0.48600000000000004,14.8,25.8,0.24900000000000003,0.515,14.1,73.5,0.24700000000000003,,519895,12680,FALSE
2009,27,Oklahoma City Thunder,24.5,23,59,24,58,-6.1,0.06,-6.04,102.9,109.4,-6.5,93.6,0.308,0.14100000000000001,0.521,NA,0.47100000000000003,14.8,28.6,0.24200000000000002,0.514,13,73.9,0.21600000000000003,,766868,18704,FALSE
2009,28,Washington Wizards,26.9,19,63,21,61,-7.46,0.48000000000000004,-6.98,105.4,113.6,-8.2,91,0.29300000000000004,0.18,0.524,NA,0.48000000000000004,13.2,27.7,0.224,0.533,13.3,71.4,0.227,,681119,16613,FALSE
2009,29,Sacramento Kings,26.3,17,65,19,63,-8.76,0.16,-8.6,105.5,114.7,-9.2,94.2,0.315,0.23800000000000002,0.542,NA,0.491,14.3,24.5,0.252,0.526,13,69.9,0.269,,520169,12687,FALSE
2009,30,Los Angeles Clippers,26.6,19,63,18,64,-8.77,0.3,-8.47,102.3,111.7,-9.4,92.1,0.275,0.226,0.52,NA,0.48100000000000004,14,25.1,0.202,0.512,12.4,71.2,0.227,,663587,16185,FALSE
2010,1,Orlando Magic,27.9,59,23,61,21,7.49,-0.37,7.119999999999999,111.4,103.3,8.1,92,0.33999999999999997,0.35,0.5730000000000001,NA,0.536,13.6,24.6,0.24600000000000002,0.47700000000000004,12.2,77.4,0.20500000000000002,,715901,17461,TRUE
2010,2,Cleveland Cavaliers,28,61,21,59,23,6.52,-0.36,6.17,111.2,104.1,7.1,91.4,0.34099999999999997,0.24800000000000003,0.5700000000000001,NA,0.532,13.4,25.1,0.24600000000000002,0.48200000000000004,12.3,77.2,0.21800000000000003,,843042,20562,TRUE
2010,3,Utah Jazz,25.6,53,29,55,27,5.34,-0.01,5.33,110.7,105,5.7,93.8,0.33999999999999997,0.184,0.5650000000000001,NA,0.524,14.2,26.8,0.252,0.492,14.2,75.6,0.269,,794512,19378,TRUE
2010,4,San Antonio Spurs,28.7,50,32,55,27,5.09,-0.02,5.07,110,104.5,5.5,91.7,0.29600000000000004,0.232,0.552,NA,0.515,12.9,26.8,0.21900000000000003,0.48300000000000004,12.1,76.3,0.21400000000000002,,741676,18090,TRUE
2010,5,Atlanta Hawks,26.5,53,29,54,28,4.659999999999999,-0.22,4.44,111.9,106.7,5.2,90.1,0.281,0.21400000000000002,0.545,NA,0.506,11.4,28.2,0.21300000000000002,0.496,13.2,72.7,0.20800000000000002,,678375,16546,TRUE
2010,6,Phoenix Suns,28.5,54,28,54,28,4.9,-0.23,4.67,115.3,110.2,5.1,95.3,0.312,0.261,0.585,NA,0.546,13.6,27.6,0.24000000000000002,0.491,11.6,70.8,0.224,,723582,17648,TRUE
2010,7,Los Angeles Lakers,28.4,57,25,54,28,4.72,0.06,4.78,108.8,103.7,5.1,92.8,0.28900000000000003,0.227,0.538,NA,0.496,12.4,27.6,0.221,0.48400000000000004,13.2,74.4,0.195,,778877,18997,TRUE
2010,8,Denver Nuggets,27.7,53,29,52,30,4.09,0.06,4.1499999999999995,111.8,107.5,4.3,94.8,0.376,0.227,0.561,NA,0.509,12.7,26.1,0.29000000000000004,0.495,13.8,72.4,0.251,,737301,17983,TRUE
2010,9,Boston Celtics,29.4,50,32,52,30,3.66,-0.29000000000000004,3.3699999999999997,107.7,103.8,3.9,91.6,0.33199999999999996,0.228,0.5640000000000001,NA,0.522,14.5,22.8,0.24800000000000003,0.48700000000000004,14.9,73.8,0.251,,763584,18624,TRUE
2010,10,Portland Trail Blazers,26.6,50,32,51,31,3.3,-0.13,3.18,110.8,107.1,3.7,87.7,0.315,0.21500000000000002,0.547,NA,0.499,12.1,28.2,0.24900000000000003,0.502,13.3,74.8,0.21900000000000003,,840371,20497,TRUE
2010,11,Oklahoma City Thunder,23.2,50,32,51,31,3.4899999999999998,0.06,3.55,108.3,104.6,3.7,93.1,0.33299999999999996,0.185,0.547,NA,0.494,13.9,28.6,0.268,0.48300000000000004,14,73.6,0.229,,738149,18004,TRUE
2010,12,Dallas Mavericks,30.7,55,27,49,33,2.72,-0.06,2.66,109.2,106.3,2.9,92.5,0.277,0.222,0.552,NA,0.506,12.3,24.3,0.226,0.495,13.6,73.7,0.20600000000000002,,819770,19994,TRUE
2010,13,Miami Heat,27.1,47,35,48,34,2.2800000000000002,-0.29000000000000004,1.99,106.6,104.1,2.5,89.6,0.29600000000000004,0.21900000000000003,0.537,NA,0.496,12.8,26.1,0.223,0.48000000000000004,13.9,74.9,0.24600000000000002,,726935,17730,TRUE
2010,14,Milwaukee Bucks,26.4,46,36,46,36,1.7,-0.32,1.37,104.9,103.1,1.8,91.7,0.23900000000000002,0.259,0.518,NA,0.48200000000000004,12.3,26.2,0.181,0.48600000000000004,14.6,76.4,0.266,,619453,15109,TRUE
2010,15,Charlotte Bobcats,27.4,44,38,45,37,1.46,-0.17,1.3,104.4,102.8,1.6,90.4,0.346,0.21100000000000002,0.538,NA,0.49,15.1,26.5,0.26,0.491,14.7,74.2,0.194,,648520,15818,TRUE
2010,16,Houston Rockets,26,42,40,40,42,-0.37,0.35,-0.02,107.6,108,-0.4,94,0.29200000000000004,0.265,0.537,NA,0.494,13.2,26.9,0.225,0.511,13.6,73.8,0.21500000000000002,,677658,16528,FALSE
2010,17,Memphis Grizzlies,24.1,40,42,37,45,-1.51,0.13,-1.3900000000000001,108.3,109.9,-1.6,93.6,0.32,0.14800000000000002,0.536,NA,0.494,13.7,31.3,0.23500000000000001,0.52,13.2,73.3,0.20500000000000002,,552914,13486,FALSE
2010,18,Chicago Bulls,26.2,41,41,36,46,-1.6300000000000001,0,-1.6400000000000001,103.5,105.3,-1.8,93.1,0.28700000000000003,0.15600000000000003,0.52,NA,0.47700000000000004,13.3,26.6,0.21700000000000003,0.48400000000000004,12.3,74.8,0.21200000000000002,,849760,20726,TRUE
2010,19,Toronto Raptors,25.2,40,42,36,46,-1.78,-0.05,-1.83,111.3,113.2,-1.9,93.1,0.319,0.21100000000000002,0.5640000000000001,NA,0.521,12.7,24.7,0.24400000000000002,0.513,11.8,72.9,0.24700000000000003,,733784,17897,FALSE
2010,20,New Orleans Hornets,27.5,37,45,34,48,-2.46,0.19,-2.27,107.4,110.1,-2.7,92.6,0.24300000000000002,0.23,0.543,NA,0.506,12.7,24.8,0.189,0.523,13.5,73.8,0.20500000000000002,,617366,15058,FALSE
2010,21,Indiana Pacers,26.6,32,50,33,49,-3.01,-0.1,-3.11,103.7,106.8,-3.1,97.1,0.29600000000000004,0.278,0.536,NA,0.491,13.8,21.6,0.229,0.49,13.4,73,0.258,,582295,14202,FALSE
2010,22,Golden State Warriors,25.1,26,56,32,50,-3.6,0.32,-3.2800000000000002,108.1,111.7,-3.6,100.4,0.29400000000000004,0.23800000000000002,0.557,NA,0.514,13.1,20.9,0.23,0.525,15.1,68.5,0.26,,739120,18027,FALSE
2010,23,New York Knicks,25.4,29,53,31,51,-3.82,-0.19,-4.01,107.6,111.6,-4,94,0.256,0.312,0.547,NA,0.509,13,23.5,0.2,0.526,13.3,72.1,0.20700000000000002,,799550,19501,FALSE
2010,24,Philadelphia 76ers,25.4,27,55,30,52,-3.9,-0.03,-3.9299999999999997,106.1,110.3,-4.2,91.6,0.27,0.20600000000000002,0.534,NA,0.496,13.7,27.6,0.20400000000000001,0.518,13.8,73.2,0.231,,583219,14225,FALSE
2010,25,Sacramento Kings,24.1,25,57,29,53,-4.37,0.3,-4.06,105.3,109.9,-4.6,94,0.28600000000000003,0.201,0.528,NA,0.491,13.6,27.8,0.20700000000000002,0.505,12.6,73.5,0.24400000000000002,,543416,13254,FALSE
2010,26,Washington Wizards,27.6,26,56,28,54,-4.78,0.06,-4.72,104.2,109.4,-5.2,91.6,0.28300000000000003,0.183,0.524,NA,0.48100000000000004,13.9,27.6,0.21600000000000003,0.502,12.8,72.4,0.23900000000000002,,664398,16205,FALSE
2010,27,Detroit Pistons,26.7,27,55,26,56,-5.109999999999999,0.09,-5.02,105.6,111.4,-5.8,88.5,0.303,0.18,0.515,NA,0.47400000000000003,12.8,30.3,0.22,0.526,14.2,73.4,0.264,,768826,18752,FALSE
2010,28,Los Angeles Clippers,27.3,29,53,24,58,-6.35,0.33999999999999997,-6.01,103.3,110.1,-6.8,92.6,0.28300000000000003,0.221,0.529,NA,0.491,14.8,27.1,0.20600000000000002,0.509,12.2,74,0.21400000000000002,,670063,16343,FALSE
2010,29,Minnesota Timberwolves,24.1,15,67,17,65,-9.6,0.54,-9.06,101.7,111.6,-9.9,96.1,0.278,0.171,0.518,NA,0.47800000000000004,14.6,26.7,0.20700000000000002,0.525,13,73.6,0.22,,619170,15102,FALSE
2010,30,New Jersey Nets,24.8,12,70,17,65,-9.12,0.19,-8.93,100.6,110.5,-9.9,91.4,0.307,0.181,0.509,NA,0.458,13.7,25.1,0.24000000000000002,0.517,13.3,71.8,0.229,,537230,13103,FALSE
2011,1,Miami Heat,29,58,24,61,21,7.46,-0.71,6.76,111.7,103.5,8.2,90.9,0.363,0.23500000000000001,0.5730000000000001,NA,0.524,13.5,25.2,0.279,0.47500000000000003,12.6,75.5,0.223,,810930,19779,TRUE
2011,2,Chicago Bulls,26.4,62,20,61,21,7.319999999999999,-0.7899999999999999,6.53,108.3,100.3,8,90.4,0.305,0.21500000000000002,0.541,NA,0.501,13.5,29.4,0.227,0.463,13.6,76.2,0.222,,893462,21792,TRUE
2011,3,Los Angeles Lakers,30.2,57,25,58,24,6.109999999999999,-0.1,6.01,111,104.3,6.7,90.7,0.29300000000000004,0.22,0.545,NA,0.502,12.3,29.2,0.228,0.47700000000000004,12.8,72.3,0.181,,778877,18997,TRUE
2011,4,San Antonio Spurs,28.8,61,21,56,26,5.71,0.16,5.859999999999999,111.8,105.6,6.2,92.3,0.29900000000000004,0.261,0.5670000000000001,NA,0.527,12.8,24.9,0.229,0.491,12.6,74.6,0.19,,750879,18314,TRUE
2011,5,Boston Celtics,29.5,56,26,57,25,5.37,-0.54,4.83,106.2,100.3,5.9,90.4,0.305,0.18,0.561,NA,0.519,14.5,21.1,0.23500000000000001,0.46900000000000003,14.8,74.7,0.23500000000000001,,763584,18624,TRUE
2011,6,Orlando Magic,27.6,52,30,56,26,5.46,-0.54,4.92,107.9,102,5.9,91.2,0.328,0.328,0.554,NA,0.521,14.3,26.1,0.227,0.47500000000000003,13.3,76.9,0.21900000000000003,,777852,18972,TRUE
2011,7,Denver Nuggets,27.3,50,32,54,28,4.76,0.05,4.81,112.3,107.3,5,95.6,0.367,0.258,0.5740000000000001,NA,0.526,13.1,23.9,0.281,0.5,12.7,75.4,0.224,,696568,16989,TRUE
2011,8,Dallas Mavericks,30.9,57,25,53,29,4.23,0.18,4.41,109.7,105,4.7,91.3,0.28600000000000003,0.274,0.5650000000000001,NA,0.525,13.6,24.1,0.222,0.48800000000000004,13,74.8,0.20600000000000002,,824162,20102,TRUE
2011,9,Oklahoma City Thunder,23.7,55,27,51,31,3.79,0.02,3.8099999999999996,111.2,107.2,4,92.7,0.363,0.21200000000000002,0.561,NA,0.501,13.1,27.4,0.29900000000000004,0.493,12.9,73.6,0.228,,744068,18148,TRUE
2011,10,Memphis Grizzlies,25.2,46,36,48,34,2.34,0.2,2.55,107.6,105.1,2.5,91.9,0.29100000000000004,0.136,0.534,NA,0.493,13,28.9,0.21800000000000003,0.502,15.7,72.5,0.228,,600687,14651,TRUE
2011,11,Houston Rockets,26.5,43,39,47,35,2.18,0.19,2.3699999999999997,111.3,109,2.3,94.2,0.29900000000000004,0.264,0.55,NA,0.503,12.3,27.4,0.23900000000000002,0.5,12.6,72.7,0.21900000000000003,,663839,16191,FALSE
2011,12,Portland Trail Blazers,26.7,48,34,46,36,1.52,0.32,1.85,108.8,107.1,1.7,87.9,0.278,0.228,0.533,NA,0.48600000000000004,12.6,29.5,0.224,0.51,15.4,72,0.231,,840924,20510,TRUE
2011,13,Philadelphia 76ers,24.7,41,41,45,37,1.5,-0.5,1.01,106.6,105,1.6,91.7,0.273,0.184,0.535,NA,0.494,12.3,24.6,0.21000000000000002,0.48700000000000004,13.5,74.5,0.231,,604823,14752,TRUE
2011,14,New Orleans Hornets,26.3,46,36,44,38,0.89,0.39,1.28,106.2,105.2,1,88.7,0.29600000000000004,0.192,0.537,NA,0.493,12.8,25.1,0.226,0.501,14.4,76.2,0.22,,603088,14709,TRUE
2011,15,New York Knicks,25.3,42,40,43,39,0.7799999999999999,-0.3,0.48000000000000004,110.9,110.1,0.8,95.6,0.304,0.303,0.561,NA,0.513,12.6,24.2,0.24600000000000002,0.511,13.8,71.9,0.24000000000000002,,808879,19729,TRUE
2011,16,Milwaukee Bucks,26.7,35,47,38,44,-0.8400000000000001,-0.17,-1.02,101.6,102.5,-0.9,89.8,0.28700000000000003,0.21600000000000003,0.511,NA,0.467,13,24.7,0.21700000000000003,0.48100000000000004,14.7,74.8,0.23600000000000002,,631912,15412,FALSE
2011,17,Phoenix Suns,29.6,40,42,39,43,-0.89,0.43000000000000005,-0.46,109.5,110.4,-0.9,94.4,0.28300000000000003,0.271,0.559,NA,0.522,13.2,23.7,0.21500000000000002,0.513,13.1,71.6,0.21100000000000002,,720249,17567,FALSE
2011,18,Atlanta Hawks,27.4,44,38,39,43,-0.8200000000000001,-0.28,-1.1,106.1,107,-0.9,89.3,0.269,0.222,0.542,NA,0.501,13.5,23.4,0.20900000000000002,0.495,12.3,74.6,0.21100000000000002,,641596,15649,TRUE
2011,19,Indiana Pacers,25.9,37,45,38,44,-1.07,-0.3,-1.3800000000000001,104.8,106,-1.2,94.7,0.3,0.24400000000000002,0.533,NA,0.48600000000000004,14.1,25.9,0.23500000000000001,0.48700000000000004,12.8,74.1,0.23700000000000002,,555077,13538,TRUE
2011,20,Utah Jazz,26.8,39,43,36,46,-1.83,0.39,-1.44,108.1,110.1,-2,91,0.313,0.191,0.544,NA,0.498,13.5,27,0.24100000000000002,0.505,13.8,71.7,0.275,,799982,19512,FALSE
2011,21,Golden State Warriors,25.2,36,46,35,47,-2.3299999999999996,0.32999999999999996,-2,108.2,110.7,-2.5,94.8,0.24100000000000002,0.24800000000000003,0.544,NA,0.51,13.3,26.7,0.183,0.509,14.5,69.3,0.259,,766398,18693,FALSE
2011,22,Los Angeles Clippers,24.6,32,50,32,50,-3.13,0.42000000000000004,-2.71,105.3,108.7,-3.4,92.8,0.33199999999999996,0.23,0.535,NA,0.496,15.1,28.4,0.234,0.499,12.8,73.2,0.25,,727462,17743,FALSE
2011,23,Detroit Pistons,27.2,30,52,31,51,-3.6,-0.18,-3.7800000000000002,107.7,111.7,-4,89.2,0.279,0.189,0.533,NA,0.495,12.5,27.4,0.20600000000000002,0.526,13.8,72.1,0.23500000000000001,,683080,16660,FALSE
2011,24,Charlotte Bobcats,26.9,34,48,29,53,-4,-0.08,-4.08,103.4,107.8,-4.4,89.6,0.314,0.189,0.528,NA,0.48200000000000004,14.1,25.7,0.23700000000000002,0.5,12.9,75.2,0.229,,649694,15846,FALSE
2011,25,Sacramento Kings,24.8,24,58,27,55,-5.34,0.54,-4.8,103.5,109,-5.5,95.2,0.28400000000000003,0.183,0.519,NA,0.48000000000000004,14.4,29.9,0.20800000000000002,0.513,13.5,74.4,0.233,,569496,13890,FALSE
2011,26,New Jersey Nets,24.8,24,58,24,58,-6.24,-0.04,-6.28,103.1,109.9,-6.8,89.9,0.28300000000000003,0.201,0.517,NA,0.47400000000000003,13.4,26.1,0.21500000000000002,0.503,11.8,74.2,0.24100000000000002,,581378,13949,FALSE
2011,27,Toronto Raptors,24.5,22,60,24,58,-6.28,0.01,-6.28,106.1,112.9,-6.8,92.9,0.29300000000000004,0.162,0.533,NA,0.491,13.7,28.2,0.221,0.522,13,72,0.251,,680255,16592,FALSE
2011,28,Minnesota Timberwolves,23.8,17,65,24,58,-6.63,0.6699999999999999,-5.970000000000001,104.2,111.1,-6.9,96.5,0.28200000000000003,0.223,0.526,NA,0.48300000000000004,15.1,29.6,0.21700000000000003,0.514,13.1,73.7,0.251,,624960,15243,FALSE
2011,29,Washington Wizards,24.9,23,59,22,60,-7.4,0.11,-7.3,102.4,110.2,-7.8,93.8,0.29000000000000004,0.17200000000000001,0.513,NA,0.47100000000000003,13.9,28,0.21600000000000003,0.512,14.4,70.5,0.24900000000000003,,688466,16792,FALSE
2011,30,Cleveland Cavaliers,26.6,19,63,18,64,-9.01,0.14,-8.88,102.2,111.8,-9.6,93,0.312,0.224,0.518,NA,0.47200000000000003,13.4,24.2,0.233,0.524,12.7,73.3,0.21100000000000002,,824595,20112,FALSE
2012,1,Chicago Bulls,27.1,50,16,51,15,8.18,-0.76,7.430000000000001,107.4,98.3,9.1,89.1,0.255,0.20500000000000002,0.523,NA,0.49,13.2,32.6,0.184,0.45,12.8,74.3,0.17500000000000002,,731326,22161,TRUE
2012,2,San Antonio Spurs,27.5,50,16,48,18,7.17,0.11,7.28,110.9,103.2,7.7,92.9,0.261,0.257,0.562,NA,0.528,12.8,25.1,0.195,0.48900000000000005,12.9,76,0.168,,607095,18397,TRUE
2012,3,Oklahoma City Thunder,25.1,47,19,46,20,6.119999999999999,0.32,6.44,109.8,103.2,6.6,93,0.33399999999999996,0.252,0.5670000000000001,NA,0.516,15.3,27.8,0.269,0.465,13,72.1,0.20700000000000002,,600699,18203,TRUE
2012,4,Miami Heat,28.3,46,20,47,19,5.98,-0.27,5.72,106.6,100.2,6.4,91.2,0.307,0.198,0.549,NA,0.505,14.5,26.6,0.23800000000000002,0.47900000000000004,15.8,73.9,0.2,,657855,19935,TRUE
2012,5,Philadelphia 76ers,24.9,35,31,43,23,4.24,-0.65,3.59,103.9,99.2,4.7,89.7,0.21700000000000003,0.17500000000000002,0.511,NA,0.48000000000000004,10.9,24.4,0.161,0.46,13.5,75.2,0.192,,577597,17503,TRUE
2012,6,Atlanta Hawks,27.9,40,26,41,25,3.44,-0.77,2.67,104.9,101.2,3.7,90.2,0.259,0.24900000000000003,0.535,NA,0.5,13.4,23.9,0.192,0.48000000000000004,14.4,74.4,0.186,,501593,15200,TRUE
2012,7,Indiana Pacers,26.3,42,24,41,25,3.3,-0.71,2.6,106.7,103.1,3.6,90.7,0.321,0.198,0.526,NA,0.47400000000000003,13.1,29.2,0.251,0.47600000000000003,14.1,72.3,0.222,,467561,14169,TRUE
2012,8,New York Knicks,26.3,36,30,41,25,3.2,-0.81,2.3899999999999997,104.4,101,3.4,93.2,0.306,0.28800000000000003,0.533,NA,0.492,14.9,26.6,0.227,0.48500000000000004,15.9,73.7,0.224,,652179,19763,TRUE
2012,9,Denver Nuggets,26.6,38,28,39,27,2.88,0.29000000000000004,3.16,109.2,106.2,3,94.2,0.326,0.24300000000000002,0.556,NA,0.516,14.1,27.7,0.23900000000000002,0.508,14.3,74.3,0.185,,561966,17029,TRUE
2012,10,Boston Celtics,29.3,39,27,39,27,2.52,-0.26,2.2600000000000002,101,98.2,2.8,90.4,0.257,0.194,0.535,NA,0.496,14.7,19.7,0.2,0.452,14.9,72.4,0.21600000000000003,,614592,18624,TRUE
2012,11,Los Angeles Clippers,27.3,40,26,39,27,2.56,0.26,2.82,108.5,105.7,2.8,89.2,0.28700000000000003,0.269,0.533,NA,0.502,12.7,29.5,0.195,0.492,14.2,73.2,0.24500000000000002,,634237,19219,TRUE
2012,12,Memphis Grizzlies,25.6,41,25,38,28,2.02,0.42000000000000004,2.4299999999999997,104,101.8,2.2,90.8,0.277,0.15700000000000003,0.515,NA,0.47300000000000003,13.6,29.8,0.21100000000000002,0.48500000000000004,16.3,72.7,0.227,,518446,15710,TRUE
2012,13,Los Angeles Lakers,29.7,41,25,36,30,1.42,0.54,1.96,106,104.4,1.6,90.5,0.29900000000000004,0.20900000000000002,0.534,NA,0.491,14.2,29.1,0.226,0.47600000000000003,10.7,74.8,0.15800000000000003,,626901,18997,TRUE
2012,14,Dallas Mavericks,31.3,36,30,35,31,0.9500000000000001,0.8300000000000001,1.78,103.3,102.3,1,91.4,0.24600000000000002,0.271,0.527,NA,0.48900000000000005,13.4,23.4,0.19,0.47900000000000004,13.9,74.8,0.203,,671050,20335,TRUE
2012,15,Orlando Magic,27.5,37,29,35,31,0.7899999999999999,-0.32999999999999996,0.46,105,104.1,0.9,89,0.29200000000000004,0.346,0.533,NA,0.506,14.5,26.5,0.193,0.48800000000000004,12.9,75.5,0.19,,623587,18897,TRUE
2012,16,Utah Jazz,25.6,36,30,34,32,0.62,0.3,0.92,106.8,106.1,0.7,91.4,0.302,0.15300000000000002,0.525,NA,0.48100000000000004,13,30.2,0.227,0.493,13.8,73.8,0.24500000000000002,,637124,19307,TRUE
2012,17,Milwaukee Bucks,26.2,31,35,34,32,0.27,-0.5,-0.23,105.5,105.2,0.3,93.7,0.25,0.224,0.521,NA,0.48100000000000004,12.9,27.7,0.194,0.48900000000000005,14.6,70.9,0.21700000000000003,,485717,14719,FALSE
2012,18,Houston Rockets,26.2,34,32,34,32,0.23,0.35,0.5700000000000001,105.5,105.2,0.3,91.7,0.23500000000000001,0.24000000000000002,0.529,NA,0.492,13.5,27.5,0.184,0.49,13.8,73.4,0.21000000000000002,,506994,15363,FALSE
2012,19,Phoenix Suns,28.9,33,33,32,34,-0.24000000000000002,0.53,0.29000000000000004,106.2,106.5,-0.3,92.6,0.257,0.23800000000000002,0.536,NA,0.499,13.3,25.8,0.194,0.491,13.1,71.7,0.2,,514718,15598,FALSE
2012,20,Portland Trail Blazers,27.5,28,38,32,34,-0.62,0.41000000000000003,-0.22,105.7,106.4,-0.7,91.2,0.263,0.255,0.531,NA,0.48800000000000004,13.4,26.3,0.20900000000000002,0.504,14.1,72.8,0.199,,676384,20496,FALSE
2012,21,Minnesota Timberwolves,24.4,26,40,28,38,-2.2,0.37,-1.83,104.3,106.6,-2.3,93.3,0.306,0.262,0.524,NA,0.47700000000000004,14,27.5,0.23600000000000002,0.491,12.2,73,0.187,,577197,17491,FALSE
2012,22,Golden State Warriors,25.3,23,43,25,41,-3.4099999999999997,0.62,-2.79,105.4,109.1,-3.7,92.3,0.227,0.24800000000000003,0.539,NA,0.505,13.3,22.9,0.17500000000000002,0.496,13.6,69.1,0.23700000000000002,,622311,18858,FALSE
2012,23,Toronto Raptors,25.7,23,43,25,41,-3.3,-0.36,-3.67,100.8,104.5,-3.7,89.3,0.274,0.20900000000000002,0.518,NA,0.47500000000000003,14.8,25.9,0.21100000000000002,0.47500000000000003,12.8,75.4,0.26,,555584,16836,FALSE
2012,24,New Orleans Hornets,25.5,21,45,24,42,-3.7600000000000002,0.65,-3.11,100.9,105.1,-4.2,88.3,0.274,0.15200000000000002,0.517,NA,0.47600000000000003,15.2,27.5,0.20700000000000002,0.48500000000000004,13.5,73.1,0.21800000000000003,,498618,15110,FALSE
2012,25,Washington Wizards,24.2,20,46,22,44,-4.8,-0.33999999999999997,-5.14,101,106.2,-5.2,92.5,0.253,0.196,0.508,NA,0.47200000000000003,14.2,27.3,0.184,0.492,14.2,70.9,0.229,,552038,16728,FALSE
2012,26,Detroit Pistons,26.3,25,41,22,44,-4.79,-0.4,-5.1899999999999995,101,106.3,-5.3,89.2,0.279,0.17500000000000002,0.51,NA,0.468,15,28.1,0.21000000000000002,0.5,14.2,72.8,0.226,,475638,14413,FALSE
2012,27,Sacramento Kings,24.3,22,44,21,45,-5.68,0.73,-4.95,103.8,109.8,-6,94.7,0.268,0.228,0.51,NA,0.47200000000000003,13,29.1,0.197,0.515,13.9,70.5,0.199,,478764,14508,FALSE
2012,28,New Jersey Nets,26.1,22,44,19,47,-5.98,-0.39,-6.37,102.9,109.6,-6.7,90.1,0.269,0.278,0.516,NA,0.47300000000000003,14.3,27.8,0.20900000000000002,0.513,13.7,70.7,0.20900000000000002,,460719,13961,FALSE
2012,29,Cleveland Cavaliers,26,21,45,17,49,-7.2,-0.14,-7.34,101.1,108.9,-7.8,91.3,0.307,0.23800000000000002,0.505,NA,0.463,14.3,28.9,0.22,0.508,13.1,72.2,0.202,,525577,15927,FALSE
2012,30,Charlotte Bobcats,24.5,7,59,7,59,-13.91,-0.05,-13.96,95.2,110.4,-15.2,91.1,0.276,0.169,0.48300000000000004,NA,0.43900000000000006,13.9,23.6,0.20600000000000002,0.512,12.8,70.9,0.20600000000000002,,486984,14757,FALSE
2013,1,Oklahoma City Thunder,26,60,22,64,18,9.209999999999999,-0.06,9.15,112.4,102.6,9.8,93.3,0.33799999999999997,0.24400000000000002,0.58,NA,0.527,14.4,26.7,0.28,0.46900000000000003,13.5,73.4,0.197,,746323,18203,TRUE
2013,2,Miami Heat,30.3,66,16,62,20,7.87,-0.8400000000000001,7.03,112.3,103.7,8.6,90.7,0.29700000000000004,0.28500000000000003,0.588,NA,0.552,13.7,22.2,0.224,0.48700000000000004,14.8,73,0.2,,819290,19983,TRUE
2013,3,Los Angeles Clippers,28.8,56,26,59,23,6.45,-0.02,6.430000000000001,110.6,103.6,7,91.1,0.28600000000000003,0.265,0.557,NA,0.526,13.9,28.8,0.203,0.492,15.4,73.5,0.229,,788293,19227,TRUE
2013,4,San Antonio Spurs,28.6,58,24,58,24,6.4,0.27,6.67,108.3,101.6,6.7,94.2,0.258,0.264,0.5680000000000001,NA,0.531,14,20.5,0.20400000000000001,0.48000000000000004,13.7,74.9,0.17900000000000002,,755700,18432,TRUE
2013,5,Denver Nuggets,26.1,57,25,55,27,5.09,0.28,5.37,110.4,105.1,5.3,95.1,0.308,0.21700000000000003,0.549,NA,0.515,13.6,31.4,0.21600000000000003,0.493,14.3,71.8,0.193,,730616,17820,TRUE
2013,6,New York Knicks,30.2,54,28,53,29,4.23,-0.5,3.73,111.1,106.3,4.8,89.8,0.258,0.354,0.55,NA,0.515,11.7,25.6,0.196,0.508,14.8,74.7,0.21600000000000003,,780353,19033,TRUE
2013,7,Memphis Grizzlies,27,56,26,54,28,4.1499999999999995,0.18,4.319999999999999,104.9,100.3,4.6,88.4,0.261,0.166,0.514,NA,0.47200000000000003,13.3,31,0.202,0.47500000000000003,15.2,74.3,0.20900000000000002,,681613,16625,TRUE
2013,8,Indiana Pacers,25.7,49,32,52,29,4.02,-0.69,3.34,104.3,99.8,4.5,90.2,0.29300000000000004,0.24500000000000002,0.521,NA,0.47900000000000004,14.3,30.3,0.21900000000000003,0.453,12.9,74.6,0.197,,626069,15270,TRUE
2013,9,Houston Rockets,24.4,45,37,50,32,3.48,0.22,3.69,109.7,106.1,3.6,96.1,0.308,0.349,0.5640000000000001,NA,0.525,14.9,26.4,0.232,0.502,13.5,75.2,0.196,,683564,16672,TRUE
2013,10,Brooklyn Nets,28.6,49,33,46,36,1.78,-0.53,1.25,108.2,106.2,2,88.8,0.29900000000000004,0.269,0.536,NA,0.498,14,30.9,0.21900000000000003,0.503,13.1,73.7,0.17400000000000002,,704702,17188,TRUE
2013,11,Los Angeles Lakers,30.7,45,37,44,38,1.1600000000000001,0.32,1.48,107.8,106.6,1.2,94.4,0.345,0.303,0.548,NA,0.512,13.9,27,0.23900000000000002,0.496,11.9,74.3,0.163,,778877,18997,TRUE
2013,12,Golden State Warriors,25.3,47,35,44,38,0.89,0.42000000000000004,1.32,106.4,105.5,0.9,94.5,0.255,0.23900000000000002,0.545,NA,0.506,14,25.4,0.201,0.48600000000000004,12.4,75.5,0.21100000000000002,,794320,19374,TRUE
2013,13,Atlanta Hawks,27.1,44,38,42,40,0.4,-0.48000000000000004,-0.08,104.8,104.4,0.4,92.6,0.24400000000000002,0.28600000000000003,0.546,NA,0.517,14.2,22.2,0.17400000000000002,0.496,14.2,73.6,0.181,,620146,15126,TRUE
2013,14,Chicago Bulls,28,45,37,42,40,0.32,-0.32999999999999996,-0.02,103.5,103.2,0.3,89.3,0.259,0.189,0.512,NA,0.47000000000000003,13.6,29.4,0.201,0.47700000000000004,13.2,73.6,0.20600000000000002,,896944,21877,TRUE
2013,15,Utah Jazz,26.3,43,39,41,41,-0.09,0.38,0.3,106.7,106.8,-0.1,90.9,0.281,0.20600000000000002,0.533,NA,0.492,13.8,28.8,0.21400000000000002,0.501,14,73.2,0.226,,763915,18632,FALSE
2013,16,Boston Celtics,29.1,41,40,40,41,-0.22,-0.4,-0.62,103.1,103.3,-0.2,91.7,0.263,0.21500000000000002,0.542,NA,0.503,14.1,20.1,0.20400000000000001,0.48200000000000004,14.2,73.3,0.21600000000000003,,744960,18624,TRUE
2013,17,Dallas Mavericks,29.5,41,41,39,43,-0.6,0.36,-0.24000000000000002,105.9,106.5,-0.6,94.1,0.24200000000000002,0.23600000000000002,0.544,NA,0.506,13,21.8,0.192,0.492,13.3,73.1,0.227,,821490,20036,FALSE
2013,18,Milwaukee Bucks,26.4,38,44,37,45,-1.5,-0.32999999999999996,-1.83,103.6,105.2,-1.6,94.7,0.23600000000000002,0.232,0.51,NA,0.47600000000000003,12.7,27.9,0.17400000000000002,0.492,14.4,71.3,0.201,,616469,15036,TRUE
2013,19,Toronto Raptors,25.4,34,48,37,45,-1.48,-0.48000000000000004,-1.96,105.9,107.5,-1.6,90.4,0.274,0.24900000000000003,0.532,NA,0.48800000000000004,13,25.5,0.21600000000000003,0.5,13.6,73.4,0.24700000000000003,,743936,18145,FALSE
2013,20,Minnesota Timberwolves,26.4,31,51,34,48,-2.3699999999999997,0.54,-1.83,102.9,105.4,-2.5,92.8,0.305,0.22,0.516,NA,0.47300000000000003,13.8,27.4,0.226,0.511,15,74,0.187,,669956,16340,FALSE
2013,21,Washington Wizards,25.4,29,53,33,49,-2.54,-0.25,-2.7800000000000002,100.2,103,-2.8,92.2,0.261,0.223,0.512,NA,0.47500000000000003,14.2,24.6,0.191,0.48300000000000004,13.7,74.6,0.20600000000000002,,670070,16343,FALSE
2013,22,Portland Trail Blazers,24.4,33,49,32,50,-3.17,0.65,-2.53,105.8,109.2,-3.4,91.4,0.25,0.28400000000000003,0.536,NA,0.498,13.9,25.3,0.194,0.512,12.5,73.3,0.189,,813012,19830,FALSE
2013,23,Philadelphia 76ers,25.2,34,48,31,51,-3.34,-0.17,-3.51,102,105.7,-3.7,91,0.2,0.20900000000000002,0.509,NA,0.48100000000000004,12.5,24.9,0.14600000000000002,0.495,13.7,73.4,0.2,,685412,16717,FALSE
2013,24,Detroit Pistons,25.3,29,53,29,53,-3.9899999999999998,-0.33999999999999997,-4.33,103.8,108.1,-4.3,90.8,0.28200000000000003,0.21700000000000003,0.521,NA,0.48700000000000004,14.3,28.3,0.197,0.505,13.1,73,0.20900000000000002,,606094,14685,FALSE
2013,25,New Orleans Hornets,24,27,55,30,52,-3.8699999999999997,0.75,-3.12,105.7,110.1,-4.4,88.5,0.24800000000000003,0.224,0.528,NA,0.48900000000000005,14,29.2,0.193,0.52,13.1,74.4,0.20800000000000002,,565930,13803,FALSE
2013,26,Cleveland Cavaliers,24.1,24,58,28,54,-4.68,-0.19,-4.87,104.3,109.4,-5.1,92.3,0.265,0.229,0.514,NA,0.47300000000000003,13,28.1,0.2,0.523,14.4,72.6,0.225,,663882,16192,FALSE
2013,27,Sacramento Kings,25.6,28,54,28,54,-4.88,0.62,-4.26,106.2,111.4,-5.2,93.6,0.271,0.24300000000000002,0.532,NA,0.491,13.4,26.6,0.20800000000000002,0.517,13.6,71,0.227,,563743,13750,FALSE
2013,28,Phoenix Suns,26.9,25,57,23,59,-6.46,0.71,-5.75,101.2,108.1,-6.9,93.4,0.234,0.21000000000000002,0.512,NA,0.47700000000000004,14.3,27,0.17400000000000002,0.512,14.2,71.9,0.20800000000000002,,632913,15437,FALSE
2013,29,Orlando Magic,24.6,20,62,22,60,-6.99,-0.14,-7.119999999999999,101.6,109.1,-7.5,92.2,0.197,0.223,0.514,NA,0.48500000000000004,13.7,25.4,0.14900000000000002,0.508,11.8,74.6,0.195,,722716,17627,FALSE
2013,30,Charlotte Bobcats,24.4,21,61,17,65,-9.229999999999999,-0.06,-9.29,101.5,111.5,-10,91.5,0.31,0.21000000000000002,0.507,NA,0.46,13.2,25.7,0.233,0.524,13.2,71.1,0.197,,628293,15324,FALSE
2014,1,San Antonio Spurs,28.9,62,20,61,21,7.72,0.28,8,110.5,102.4,8.1,95,0.24000000000000002,0.257,0.5710000000000001,NA,0.537,13.5,22.7,0.188,0.48200000000000004,12.8,76.4,0.184,,755031,18415,TRUE
2014,2,Los Angeles Clippers,28.1,57,25,59,23,6.98,0.3,7.2700000000000005,112.1,104.8,7.3,95.9,0.353,0.29100000000000004,0.5670000000000001,NA,0.526,12.7,25,0.258,0.48400000000000004,13.8,72.5,0.222,,787692,19212,TRUE
2014,3,Oklahoma City Thunder,26.2,59,23,58,24,6.34,0.32,6.659999999999999,110.5,103.9,6.6,95.4,0.303,0.271,0.5660000000000001,NA,0.52,14,26.5,0.24400000000000002,0.48800000000000004,13.9,75.6,0.221,,746323,18203,TRUE
2014,4,Miami Heat,30.6,54,28,54,28,4.76,-0.61,4.1499999999999995,110.9,105.8,5.1,91.2,0.3,0.29200000000000004,0.59,NA,0.554,14.6,20.6,0.228,0.511,15.8,73,0.21200000000000002,,811036,19781,TRUE
2014,5,Golden State Warriors,26.3,51,31,54,28,4.8,0.33999999999999997,5.1499999999999995,107.5,102.6,4.9,96.2,0.24700000000000003,0.29100000000000004,0.55,NA,0.517,13.8,25.1,0.186,0.47700000000000004,13.6,76.3,0.224,,803436,19596,TRUE
2014,6,Indiana Pacers,27.2,56,26,54,28,4.4,-0.77,3.63,104.1,99.3,4.8,92.5,0.29000000000000004,0.23500000000000001,0.535,NA,0.49,14.3,24.9,0.226,0.46,12.9,76.8,0.197,,717542,17501,TRUE
2014,7,Houston Rockets,25.4,54,28,53,29,4.56,0.5,5.06,111,106.3,4.7,96.3,0.386,0.32999999999999996,0.5710000000000001,NA,0.531,14.6,27.4,0.275,0.48900000000000005,12.5,74.1,0.193,,743082,18124,TRUE
2014,8,Portland Trail Blazers,25.8,54,28,52,30,3.9899999999999998,0.45,4.44,111.5,107.4,4.1,94.9,0.27,0.29000000000000004,0.548,NA,0.504,12.4,28,0.22,0.48800000000000004,10.9,74.7,0.194,,809612,19747,TRUE
2014,9,Toronto Raptors,25.6,48,34,50,32,3.24,-0.69,2.55,108.8,105.3,3.5,91.8,0.306,0.28500000000000003,0.545,NA,0.498,13.2,27.2,0.23900000000000002,0.493,14.1,74.9,0.23700000000000002,,748339,18252,TRUE
2014,10,Phoenix Suns,26.2,48,34,48,34,2.63,0.39,3.02,109.5,106.7,2.8,95.8,0.29300000000000004,0.3,0.558,NA,0.519,14,26.4,0.222,0.496,13.9,73.7,0.23700000000000002,,650739,15872,FALSE
2014,11,Minnesota Timberwolves,26.3,40,42,48,34,2.67,0.43000000000000005,3.1,108.9,106.2,2.7,97.3,0.321,0.24500000000000002,0.535,NA,0.48600000000000004,12.2,27.4,0.24900000000000003,0.518,14.8,74.4,0.17700000000000002,,597157,14565,FALSE
2014,12,Dallas Mavericks,30.6,49,33,48,34,2.4,0.5,2.9099999999999997,111.2,108.7,2.5,93.5,0.253,0.274,0.5640000000000001,NA,0.526,12.7,24.6,0.201,0.515,14.8,72.7,0.229,,817982,19951,TRUE
2014,13,Chicago Bulls,28.6,48,34,47,35,1.85,-0.6599999999999999,1.2,102.5,100.5,2,90.2,0.29000000000000004,0.222,0.518,NA,0.47100000000000003,14.2,27.2,0.226,0.47100000000000003,13.7,75.4,0.189,,890370,21716,TRUE
2014,14,Memphis Grizzlies,28.5,50,32,46,36,1.57,0.61,2.18,106.3,104.6,1.7,89.9,0.24800000000000003,0.171,0.529,NA,0.494,13.1,28.3,0.184,0.497,13.8,75.7,0.199,,685458,16718,TRUE
2014,15,Washington Wizards,26.3,44,38,45,37,1.27,-0.7899999999999999,0.48000000000000004,106,104.6,1.4,93.2,0.24800000000000003,0.24600000000000002,0.538,NA,0.506,13.6,25.2,0.181,0.504,15,75.7,0.22,,698068,17026,TRUE
2014,16,Charlotte Bobcats,25.5,43,39,40,42,-0.22,-0.6699999999999999,-0.89,103.6,103.8,-0.2,92.4,0.29700000000000004,0.21900000000000003,0.522,NA,0.48100000000000004,11.7,21.9,0.21900000000000003,0.491,12.6,77.6,0.183,,636268,15519,TRUE
2014,17,Atlanta Hawks,27.5,38,44,40,42,-0.48000000000000004,-0.4,-0.88,105.9,106.4,-0.5,94.6,0.266,0.316,0.554,NA,0.515,14.3,21,0.20800000000000002,0.51,14,74.4,0.196,,587927,14231,TRUE
2014,18,New York Knicks,28.3,37,45,39,43,-0.7899999999999999,-0.61,-1.4,108.3,109.1,-0.8,90.3,0.24800000000000003,0.302,0.541,NA,0.505,12.5,25.1,0.189,0.514,14,74.3,0.24500000000000002,,812292,19812,FALSE
2014,19,Brooklyn Nets,30,44,38,38,44,-1,-0.58,-1.58,106.7,107.7,-1,91.4,0.313,0.301,0.555,NA,0.514,14.1,21.7,0.23600000000000002,0.509,14.9,72.3,0.23600000000000002,,707331,17252,TRUE
2014,20,Denver Nuggets,26,36,46,35,47,-2.15,0.75,-1.4,106,108.2,-2.2,98.1,0.306,0.278,0.536,NA,0.497,14,27.5,0.222,0.5,12.8,74.5,0.233,,692898,16900,FALSE
2014,21,New Orleans Pelicans,24.3,34,48,33,49,-2.71,0.73,-1.98,107.2,110.1,-2.9,92.2,0.28600000000000003,0.193,0.537,NA,0.495,12.9,26.9,0.22,0.515,13.6,73.8,0.24900000000000003,,672029,16391,FALSE
2014,22,Sacramento Kings,24.9,28,54,33,49,-2.9,0.8200000000000001,-2.08,105.7,108.8,-3.1,94.4,0.33099999999999996,0.21800000000000003,0.532,NA,0.48400000000000004,13.9,27.8,0.251,0.512,12.7,76.6,0.234,,667949,16291,FALSE
2014,23,Cleveland Cavaliers,24.9,33,49,32,50,-3.29,-0.5700000000000001,-3.86,104.2,107.7,-3.5,93.1,0.268,0.23600000000000002,0.518,NA,0.47900000000000004,13,27.2,0.201,0.508,13,75.8,0.199,,710522,17330,FALSE
2014,24,Detroit Pistons,24.7,29,53,31,51,-3.66,-0.48000000000000004,-4.13,105.9,109.7,-3.8,94.9,0.29600000000000004,0.222,0.514,NA,0.48200000000000004,12.9,31.4,0.199,0.52,13.8,73.4,0.21800000000000003,,616005,15025,FALSE
2014,25,Boston Celtics,25.4,25,57,28,54,-4.46,-0.51,-4.970000000000001,102.9,107.7,-4.8,93.3,0.24800000000000003,0.251,0.517,NA,0.47700000000000004,14.2,27.4,0.193,0.505,13.4,74.2,0.227,,742400,18107,FALSE
2014,26,Orlando Magic,24.6,23,59,26,56,-5.44,-0.44,-5.88,101.7,107.4,-5.7,93.6,0.253,0.23500000000000001,0.525,NA,0.48700000000000004,13.9,22.4,0.193,0.504,13,75.5,0.21100000000000002,,666046,16245,FALSE
2014,27,Los Angeles Lakers,26.8,27,55,25,57,-6.29,0.96,-5.33,104.2,110.6,-6.4,98.7,0.263,0.29100000000000004,0.542,NA,0.505,13.7,20.2,0.199,0.513,12.4,71,0.192,,771974,18829,FALSE
2014,28,Utah Jazz,24.5,25,57,22,60,-7.17,0.91,-6.2700000000000005,103.5,111.3,-7.8,91.4,0.271,0.23700000000000002,0.523,NA,0.48400000000000004,13.9,25.5,0.202,0.518,12.1,74.5,0.227,,745203,18176,FALSE
2014,29,Milwaukee Bucks,24.7,15,67,20,62,-8.18,-0.23,-8.41,103,111.8,-8.8,91.8,0.274,0.231,0.519,NA,0.47900000000000004,14.1,27.1,0.20400000000000001,0.52,13.2,71.4,0.225,,552067,13465,FALSE
2014,30,Philadelphia 76ers,23.4,19,63,16,66,-10.450000000000001,-0.21000000000000002,-10.66,99.4,109.9,-10.5,99.2,0.268,0.258,0.51,NA,0.47500000000000003,14.8,24.8,0.19,0.524,14.9,72.4,0.24400000000000002,,568632,13869,FALSE
2015,1,Golden State Warriors,26.6,67,15,65,17,10.1,-0.09,10.01,111.6,101.4,10.2,98.3,0.23900000000000002,0.311,0.5710000000000001,NA,0.54,13.1,24.1,0.184,0.47000000000000003,14.3,74.5,0.21700000000000003,,803436,19596,TRUE
2015,2,Los Angeles Clippers,28.8,56,26,58,24,6.59,0.22,6.8,112.4,105.5,6.9,94.7,0.303,0.322,0.5650000000000001,NA,0.533,11.6,22.8,0.21500000000000002,0.493,13.2,75.7,0.231,,785892,19168,TRUE
2015,3,San Antonio Spurs,29.8,55,27,58,24,6.2,0.14,6.34,108.5,102,6.5,93.8,0.256,0.269,0.555,NA,0.517,13.1,23.4,0.2,0.48400000000000004,13.3,77.3,0.19,,762855,18606,TRUE
2015,4,Atlanta Hawks,27.8,60,22,56,26,5.430000000000001,-0.6799999999999999,4.75,108.9,103.1,5.8,93.9,0.259,0.321,0.5630000000000001,NA,0.527,13.5,21.4,0.201,0.492,14.9,73.4,0.185,,713909,17412,TRUE
2015,5,Cleveland Cavaliers,26.9,53,29,53,29,4.48,-0.4,4.08,111.1,106.3,4.8,92.3,0.28700000000000003,0.33399999999999996,0.557,NA,0.52,13.4,26.8,0.21600000000000003,0.502,12.6,74.7,0.17700000000000002,,843042,20562,TRUE
2015,6,Portland Trail Blazers,27,51,31,53,29,4.23,0.18,4.41,108.2,103.7,4.5,94.2,0.225,0.316,0.544,NA,0.508,12.6,24.2,0.18,0.47600000000000003,11.3,76.2,0.182,,798368,19472,TRUE
2015,7,Houston Rockets,27.6,56,26,50,32,3.44,0.38,3.82,107,103.4,3.6,96.5,0.312,0.392,0.548,NA,0.512,15,26.8,0.223,0.48600000000000004,14.6,72.9,0.20800000000000002,,747412,18230,TRUE
2015,8,Memphis Grizzlies,29.6,55,27,50,32,3.24,0.38,3.62,105.7,102.2,3.5,92,0.276,0.184,0.531,NA,0.48900000000000005,12.6,24.7,0.21400000000000002,0.492,14.5,75.3,0.183,,710502,17329,TRUE
2015,9,Toronto Raptors,26.1,49,33,49,33,3.07,-0.62,2.4499999999999997,111,107.7,3.3,92.8,0.29500000000000004,0.302,0.553,NA,0.508,12,25.6,0.232,0.506,13.4,73.3,0.20800000000000002,,809824,19752,TRUE
2015,10,Chicago Bulls,28.8,50,32,50,32,3,-0.46,2.54,107.5,104.3,3.2,92.8,0.304,0.269,0.536,NA,0.48900000000000005,12.9,27,0.23800000000000002,0.47300000000000003,11.3,74.4,0.182,,886612,21625,TRUE
2015,11,Dallas Mavericks,29.9,50,32,49,33,2.9,0.46,3.36,109.5,106.4,3.1,95.2,0.262,0.29600000000000004,0.55,NA,0.515,11.9,23.6,0.197,0.503,14.7,72.2,0.20400000000000001,,827702,20188,TRUE
2015,12,Oklahoma City Thunder,25.4,45,37,47,35,2.18,0.28,2.4699999999999998,107.8,105.5,2.3,95.7,0.28400000000000003,0.262,0.532,NA,0.492,13.1,28.9,0.21400000000000002,0.48900000000000005,12.4,75.6,0.21300000000000002,,746323,18203,FALSE
2015,13,New Orleans Pelicans,25.3,45,37,43,39,0.7899999999999999,0.33999999999999997,1.1300000000000001,108.2,107.3,0.9,91.4,0.263,0.233,0.537,NA,0.501,12.5,27.1,0.198,0.496,11.7,75.1,0.195,,683757,16677,TRUE
2015,14,Washington Wizards,28.6,46,36,43,39,0.72,-0.55,0.17,103.7,103,0.7,93.7,0.259,0.203,0.534,NA,0.499,14,24.9,0.192,0.48100000000000004,12.9,77.3,0.21000000000000002,,747796,18239,TRUE
2015,15,Milwaukee Bucks,24.6,41,41,42,40,0.43000000000000005,-0.52,-0.09,102.7,102.2,0.5,94.1,0.258,0.223,0.536,NA,0.499,15.5,25.4,0.195,0.48700000000000004,15.9,73.3,0.221,,593910,14813,TRUE
2015,16,Indiana Pacers,28.3,38,44,42,40,0.28,-0.51,-0.23,103.5,103.2,0.3,93.2,0.266,0.255,0.523,NA,0.48400000000000004,13.1,24,0.201,0.47800000000000004,12,77.9,0.21700000000000003,,691434,16864,FALSE
2015,17,Utah Jazz,23.4,38,44,42,40,0.22,0.49,0.71,105.1,104.9,0.2,90.4,0.29700000000000004,0.274,0.531,NA,0.494,14.6,29.1,0.21400000000000002,0.491,12.8,76.3,0.199,,772059,18831,FALSE
2015,18,Boston Celtics,25,40,42,41,41,0.16,-0.56,-0.4,104.7,104.5,0.2,95.8,0.233,0.28,0.523,NA,0.48900000000000005,12.5,24.7,0.17600000000000002,0.494,13.7,75,0.20800000000000002,,721350,17594,TRUE
2015,19,Phoenix Suns,25.7,39,43,38,44,-0.9,0.52,-0.38,105.3,106.2,-0.9,96.3,0.251,0.29100000000000004,0.537,NA,0.501,13.7,24.5,0.191,0.497,14,73.5,0.221,,693862,16923,FALSE
2015,20,Detroit Pistons,25.9,32,50,38,44,-1,-0.39,-1.3900000000000001,105.3,106.4,-1.1,92.8,0.261,0.29000000000000004,0.515,NA,0.48200000000000004,12.3,27.7,0.184,0.502,13.2,75,0.192,,625917,15266,FALSE
2015,21,Miami Heat,28.5,37,45,33,49,-2.6,-0.32,-2.92,103.9,106.7,-2.8,90.9,0.306,0.262,0.54,NA,0.5,14.5,23.2,0.227,0.505,14.2,73.4,0.21300000000000002,,808223,19713,FALSE
2015,22,Brooklyn Nets,28.6,38,44,33,49,-2.88,-0.25,-3.13,104.4,107.4,-3,92.7,0.267,0.24000000000000002,0.529,NA,0.491,13,23.9,0.2,0.506,12.9,73.7,0.185,,698529,17037,TRUE
2015,23,Charlotte Hornets,26,33,49,32,50,-3.17,-0.27,-3.44,100.1,103.5,-3.4,93,0.269,0.226,0.498,NA,0.456,11.2,22.1,0.202,0.48700000000000004,12,79.3,0.188,,704886,17192,FALSE
2015,24,Denver Nuggets,26.4,30,52,31,51,-3.55,0.48000000000000004,-3.07,104.5,108.2,-3.7,96.1,0.278,0.28400000000000003,0.518,NA,0.47900000000000004,12.7,26.6,0.20400000000000001,0.504,13,74.7,0.23900000000000002,,602707,14700,FALSE
2015,25,Sacramento Kings,26,29,53,31,51,-3.71,0.64,-3.07,105.3,109.2,-3.9,95.4,0.363,0.20400000000000001,0.542,NA,0.49,14.8,26.5,0.276,0.507,11.8,75.2,0.2,,680049,16587,FALSE
2015,26,Orlando Magic,24.3,25,57,25,57,-5.72,-0.15000000000000002,-5.87,101.6,107.7,-6.1,93.8,0.23,0.23500000000000001,0.524,NA,0.494,14,23.1,0.168,0.514,13.6,76,0.21000000000000002,,688194,16785,FALSE
2015,27,Los Angeles Lakers,27,21,61,23,59,-6.84,0.6699999999999999,-6.17,103.4,110.6,-7.2,94,0.276,0.22,0.513,NA,0.47300000000000003,12.1,25.4,0.20400000000000001,0.518,12.1,76.3,0.231,,768244,18738,FALSE
2015,28,Minnesota Timberwolves,24.4,16,66,19,63,-8.79,0.7899999999999999,-8,102.9,112.2,-9.3,94.4,0.309,0.17900000000000002,0.517,NA,0.468,13.7,26.6,0.24000000000000002,0.537,13.9,71.6,0.187,,595652,14416,FALSE
2015,29,Philadelphia 76ers,23.2,18,64,18,64,-8.98,-0.07,-9.04,95.5,104.8,-9.3,95.7,0.28800000000000003,0.319,0.494,NA,0.459,16,25.5,0.195,0.497,15.2,73,0.225,,571572,13941,FALSE
2015,30,New York Knicks,26.9,17,65,17,65,-9.32,-0.18,-9.5,99.9,110,-10.1,91.2,0.234,0.24000000000000002,0.508,NA,0.47000000000000003,14,24.5,0.18,0.512,13.3,73.1,0.234,,812292,19812,FALSE
2016,1,San Antonio Spurs,30.3,67,15,67,15,10.629999999999999,-0.36,10.28,110.3,99,11.3,93.8,0.24600000000000002,0.223,0.5640000000000001,NA,0.526,12.4,23,0.197,0.47700000000000004,14.1,79.1,0.182,,756445,18450,TRUE
2016,2,Golden State Warriors,27.4,73,9,65,17,10.76,-0.38,10.38,114.5,103.8,10.7,99.3,0.25,0.362,0.593,NA,0.5630000000000001,13.5,23.5,0.191,0.47900000000000004,12.6,76,0.20800000000000002,,803436,19596,TRUE
2016,3,Oklahoma City Thunder,25.8,55,27,59,23,7.28,-0.19,7.09,113.1,105.6,7.5,96.7,0.29200000000000004,0.275,0.5650000000000001,NA,0.524,14,31.1,0.228,0.48400000000000004,11.7,76,0.20500000000000002,,746323,18203,TRUE
2016,4,Cleveland Cavaliers,28.1,57,25,57,25,6,-0.55,5.45,110.9,104.5,6.4,93.3,0.259,0.352,0.558,NA,0.524,12.7,25.1,0.194,0.496,12.6,78.5,0.20500000000000002,,843042,20562,TRUE
2016,5,Toronto Raptors,26.3,56,26,53,29,4.5,-0.42000000000000004,4.08,110,105.2,4.8,92.9,0.328,0.28700000000000003,0.552,NA,0.504,12.3,24.6,0.255,0.498,12.7,77.7,0.201,,812863,19826,TRUE
2016,6,Los Angeles Clippers,29.7,53,29,53,29,4.28,-0.15000000000000002,4.13,108.3,103.8,4.5,95.8,0.318,0.324,0.556,NA,0.524,12.1,20.1,0.22,0.48000000000000004,13.8,73.8,0.222,,786910,19193,TRUE
2016,7,Atlanta Hawks,28.2,48,34,51,31,3.61,-0.12000000000000001,3.4899999999999998,105.1,101.4,3.7,97.1,0.23700000000000002,0.33599999999999997,0.552,NA,0.516,13.8,19.1,0.185,0.48000000000000004,14.4,74.6,0.194,,690150,16833,TRUE
2016,8,Boston Celtics,25.2,48,34,50,32,3.21,-0.37,2.84,106.8,103.6,3.2,98.5,0.264,0.29300000000000004,0.531,NA,0.48800000000000004,12.1,25.1,0.20800000000000002,0.48700000000000004,14.6,74.6,0.231,,749076,18270,TRUE
2016,9,Charlotte Hornets,26,48,34,49,33,2.72,-0.36,2.36,107.2,104.3,2.9,95.6,0.28,0.348,0.545,NA,0.502,11.7,20,0.222,0.496,12.5,79.8,0.191,,716894,17485,TRUE
2016,10,Utah Jazz,24.2,40,42,46,36,1.79,0.05,1.84,105.9,103.9,2,91,0.28600000000000003,0.29700000000000004,0.54,NA,0.501,14.2,25.9,0.21300000000000002,0.495,13.5,77.7,0.21000000000000002,,791489,19305,FALSE
2016,11,Miami Heat,28.4,48,34,46,36,1.6500000000000001,-0.14,1.5,106.1,104.4,1.7,93.6,0.28200000000000003,0.221,0.545,NA,0.508,13.3,23.8,0.21000000000000002,0.48500000000000004,12.1,77.8,0.196,,809350,19740,TRUE
2016,12,Indiana Pacers,26.9,45,37,46,36,1.71,-0.09,1.62,104.6,102.9,1.7,96.6,0.268,0.27,0.536,NA,0.497,13.5,23.4,0.20500000000000002,0.48900000000000005,14.3,76,0.20500000000000002,,690733,16847,TRUE
2016,13,Portland Trail Blazers,24.3,44,38,43,39,0.8300000000000001,0.15000000000000002,0.98,108.8,108,0.8,96,0.268,0.33199999999999996,0.548,NA,0.511,13.2,25.9,0.202,0.503,12.1,76.2,0.225,,794085,19368,TRUE
2016,14,Detroit Pistons,25,44,38,43,39,0.61,-0.18,0.43000000000000005,106.1,105.5,0.6,95.1,0.29600000000000004,0.303,0.522,NA,0.491,12.2,27,0.197,0.504,12.5,79.3,0.196,,677138,16516,TRUE
2016,15,Houston Rockets,27.8,41,41,42,40,0.2,0.14,0.33999999999999997,108.3,108.1,0.2,97.6,0.352,0.37,0.553,NA,0.516,14.2,25.7,0.24400000000000002,0.516,14.8,72.8,0.21900000000000003,,737244,17982,TRUE
2016,16,Dallas Mavericks,30.3,42,40,40,42,-0.3,0.29000000000000004,-0.02,106.7,107,-0.3,94.3,0.265,0.33899999999999997,0.544,NA,0.502,12,20.6,0.21100000000000002,0.504,12.8,76.2,0.198,,825901,20144,TRUE
2016,17,Washington Wizards,27.3,41,41,40,42,-0.5,0,-0.5,105.3,105.8,-0.5,98.5,0.263,0.28200000000000003,0.544,NA,0.511,13.1,20.6,0.192,0.515,14.6,77.7,0.21800000000000003,,725426,17693,FALSE
2016,18,Chicago Bulls,27.6,42,40,37,45,-1.48,0.01,-1.46,105,106.5,-1.5,95.7,0.24000000000000002,0.24400000000000002,0.526,NA,0.48700000000000004,12.6,24.5,0.189,0.48500000000000004,10.7,74.9,0.182,,894659,21821,FALSE
2016,19,Orlando Magic,23.9,35,47,36,46,-1.62,-0.06,-1.6800000000000002,105.1,106.8,-1.7,96,0.232,0.255,0.533,NA,0.5,12.8,23.1,0.17500000000000002,0.513,13.8,76.5,0.21500000000000002,,719275,17515,FALSE
2016,20,Sacramento Kings,26.6,33,49,34,48,-2.48,0.16,-2.32,106,108.4,-2.4,100,0.29500000000000004,0.26,0.546,NA,0.51,14.2,23.9,0.21400000000000002,0.521,14,74.9,0.202,,707526,17222,FALSE
2016,21,Memphis Grizzlies,30.5,42,40,35,47,-2.24,0.11,-2.14,105.4,107.8,-2.4,93.3,0.29500000000000004,0.222,0.524,NA,0.47700000000000004,12.3,25.3,0.231,0.518,15.2,75.1,0.251,,701894,17119,TRUE
2016,22,New York Knicks,27.2,32,50,33,49,-2.73,0,-2.74,104.6,107.6,-3,93.4,0.255,0.256,0.527,NA,0.48300000000000004,12.6,23.7,0.20500000000000002,0.48700000000000004,10.5,75.8,0.20400000000000001,,812292,19812,FALSE
2016,23,Denver Nuggets,24.7,33,49,33,49,-3.1,0.29000000000000004,-2.8099999999999996,105.6,108.9,-3.3,95.7,0.28200000000000003,0.277,0.531,NA,0.48900000000000005,13.2,25.8,0.21600000000000003,0.515,12.6,77.3,0.21600000000000003,,577898,14095,FALSE
2016,24,Minnesota Timberwolves,24.6,29,53,31,51,-3.54,0.15000000000000002,-3.38,106.5,110.1,-3.6,95.2,0.33199999999999996,0.202,0.549,NA,0.498,13.9,24.3,0.263,0.524,13.6,74.7,0.2,,581178,14175,FALSE
2016,25,New Orleans Pelicans,26.6,30,52,31,51,-3.79,0.24000000000000002,-3.56,105.6,109.5,-3.9,96.8,0.259,0.277,0.537,NA,0.498,12.3,21.2,0.201,0.523,12.7,78.8,0.225,,688549,16794,FALSE
2016,26,Milwaukee Bucks,23.5,33,49,29,53,-4.18,0.2,-3.98,104.3,108.7,-4.4,94.2,0.276,0.189,0.537,NA,0.499,14.2,24.9,0.20700000000000002,0.51,14.2,73.1,0.221,,621808,15166,FALSE
2016,27,Phoenix Suns,26,23,59,24,58,-6.659999999999999,0.33999999999999997,-6.319999999999999,102.2,109,-6.8,98.5,0.271,0.302,0.526,NA,0.48700000000000004,15.2,25.4,0.20400000000000001,0.523,13.5,77.1,0.23700000000000002,,701405,17107,FALSE
2016,28,Brooklyn Nets,26.9,21,61,22,60,-7.35,0.24000000000000002,-7.119999999999999,103.2,110.9,-7.7,95.2,0.24600000000000002,0.21800000000000003,0.527,NA,0.492,13.6,24.1,0.186,0.534,13.1,75.7,0.17600000000000002,,620142,15125,FALSE
2016,29,Los Angeles Lakers,26.5,17,65,17,65,-9.56,0.64,-8.92,101.6,111.6,-10,95.6,0.29200000000000004,0.29000000000000004,0.509,NA,0.46,12.5,23.1,0.228,0.523,11.6,74.7,0.202,,778877,18997,FALSE
2016,30,Philadelphia 76ers,23.3,10,72,16,66,-10.229999999999999,0.31,-9.92,98.8,109.2,-10.4,97.9,0.269,0.327,0.519,NA,0.48700000000000004,14.8,20.6,0.186,0.51,13.5,74,0.24000000000000002,,614650,14991,FALSE
2017,1,Golden State Warriors,28.2,67,15,67,15,11.629999999999999,-0.28,11.350000000000001,115.6,104,11.6,99.8,0.259,0.359,0.597,NA,0.5630000000000001,13.2,22.8,0.20400000000000001,0.48600000000000004,13.5,74.9,0.198,,803436,19596,TRUE
2017,2,San Antonio Spurs,29.6,61,21,60,22,7.2,-0.06,7.13,111.1,103.5,7.6,94.2,0.263,0.281,0.5640000000000001,NA,0.524,12.6,24,0.21000000000000002,0.492,13.5,77.6,0.192,,755347,18423,TRUE
2017,3,Houston Rockets,27.4,55,27,55,27,5.7700000000000005,0.08,5.84,114.7,109,5.7,100,0.304,0.462,0.583,NA,0.545,13.3,24.6,0.233,0.519,13.2,75.8,0.194,,695903,16973,TRUE
2017,4,Toronto Raptors,26.1,51,31,52,30,4.21,-0.56,3.65,112.3,107.8,4.5,94.7,0.29300000000000004,0.28900000000000003,0.561,NA,0.517,11.8,25,0.233,0.507,13.5,76.3,0.223,,813050,19830,TRUE
2017,5,Los Angeles Clippers,30,51,31,52,30,4.29,0.13,4.42,112.7,108.2,4.5,96.1,0.312,0.329,0.5740000000000001,NA,0.537,12,21.5,0.233,0.506,12.1,76.9,0.21100000000000002,,782609,19088,TRUE
2017,6,Utah Jazz,26.8,51,31,52,30,3.94,0.06,4,109.6,105.3,4.3,91.6,0.28800000000000003,0.327,0.5630000000000001,NA,0.526,13.2,23.2,0.21500000000000002,0.493,11.8,78.9,0.195,,806142,19662,TRUE
2017,7,Cleveland Cavaliers,29.2,51,31,49,33,3.18,-0.31,2.8699999999999997,113.6,110.3,3.3,96.2,0.275,0.399,0.58,NA,0.547,12.6,21.9,0.20600000000000002,0.516,11.4,75.8,0.17400000000000002,,843042,20562,TRUE
2017,8,Boston Celtics,25.9,53,29,48,34,2.63,-0.39,2.25,111.2,108.4,2.8,96.8,0.273,0.393,0.5670000000000001,NA,0.525,12.2,21.2,0.22,0.503,12.6,75.3,0.223,,760690,18553,TRUE
2017,9,Washington Wizards,26,49,33,46,36,1.8,-0.45,1.36,111.2,109.3,1.9,97.4,0.254,0.28400000000000003,0.5640000000000001,NA,0.528,12.8,24.1,0.199,0.524,13.8,75.5,0.21300000000000002,,697107,17003,TRUE
2017,10,Miami Heat,26.5,41,41,44,38,1.06,-0.29000000000000004,0.77,107.8,106.7,1.1,95.2,0.251,0.314,0.541,NA,0.512,12.4,24.2,0.17700000000000002,0.496,12.6,76.4,0.22,,805400,19644,FALSE
2017,11,Oklahoma City Thunder,24.7,47,35,43,39,0.76,0.39,1.1400000000000001,108.3,107.5,0.8,97.8,0.29500000000000004,0.29500000000000004,0.54,NA,0.5,13.2,27.9,0.22,0.511,12.5,79,0.21800000000000003,,746323,18203,TRUE
2017,12,Memphis Grizzlies,29.5,43,39,42,40,0.49,0.47000000000000003,0.96,107.7,107.1,0.6,92.3,0.28,0.316,0.535,NA,0.491,12.1,24.8,0.21900000000000003,0.506,13.6,77.5,0.256,,677314,16520,TRUE
2017,13,Denver Nuggets,25.2,40,42,42,40,0.51,0.19,0.7,113.2,112.7,0.5,98.3,0.276,0.329,0.5680000000000001,NA,0.53,13.2,27.3,0.21400000000000002,0.532,10.9,78.7,0.194,,605585,14672,FALSE
2017,14,Chicago Bulls,26.9,41,41,42,40,0.43000000000000005,-0.39,0.03,107.4,107,0.4,95.3,0.259,0.256,0.53,NA,0.48700000000000004,12.3,27,0.20600000000000002,0.507,12.4,76.8,0.169,,888882,21680,TRUE
2017,15,Charlotte Hornets,26.5,36,46,42,40,0.2,-0.26,-0.07,108.8,108.6,0.2,95.7,0.279,0.33499999999999996,0.547,NA,0.501,10.7,19.9,0.227,0.523,12.1,79.6,0.164,,710643,17333,FALSE
2017,16,Indiana Pacers,27,42,40,40,42,-0.22,-0.42000000000000004,-0.64,108.6,108.8,-0.2,95.9,0.261,0.272,0.558,NA,0.516,12.8,21.2,0.21200000000000002,0.512,13.6,75.5,0.225,,684578,16697,TRUE
2017,17,Milwaukee Bucks,25.6,42,40,40,42,-0.18,-0.26,-0.45,109.1,109.3,-0.2,94.5,0.274,0.29000000000000004,0.5650000000000001,NA,0.527,13.2,21.5,0.21000000000000002,0.518,13.6,75.4,0.21500000000000002,,648952,15828,TRUE
2017,18,Portland Trail Blazers,24.8,41,41,40,42,-0.52,0.3,-0.23,110.3,110.8,-0.5,96.7,0.275,0.322,0.559,NA,0.52,12.5,23,0.21400000000000002,0.508,11.6,76.8,0.24100000000000002,,792029,19318,TRUE
2017,19,Atlanta Hawks,27.9,43,39,39,43,-0.8500000000000001,-0.38,-1.23,104.9,105.7,-0.8,97.4,0.29500000000000004,0.309,0.541,NA,0.504,14.2,23.6,0.21500000000000002,0.507,13.8,76.1,0.17900000000000002,,654306,15959,TRUE
2017,20,Detroit Pistons,25.4,37,45,38,44,-1.12,-0.17,-1.29,106,107.1,-1.1,95,0.21800000000000003,0.263,0.521,NA,0.492,10.9,24.1,0.15700000000000003,0.516,12.1,81.2,0.197,,655141,15979,FALSE
2017,21,Minnesota Timberwolves,24,31,51,38,44,-1.11,0.47000000000000003,-0.64,110.8,112,-1.2,94.6,0.28700000000000003,0.24900000000000003,0.555,NA,0.511,12.9,27.2,0.229,0.535,13.2,75.9,0.21200000000000002,,607203,14810,FALSE
2017,22,New Orleans Pelicans,25.7,34,48,35,47,-2.1,0.41000000000000003,-1.6900000000000002,105.2,107.4,-2.2,98,0.256,0.308,0.539,NA,0.504,11.7,18.5,0.192,0.509,12.4,76.8,0.17700000000000002,,663099,16173,FALSE
2017,23,Dallas Mavericks,27.6,33,49,33,49,-2.9299999999999997,0.4,-2.53,105.6,108.8,-3.2,92.2,0.225,0.366,0.541,NA,0.505,11.6,18.1,0.18,0.529,14.4,77.6,0.21800000000000003,,811366,19789,FALSE
2017,24,New York Knicks,27.3,31,51,31,51,-3.67,-0.2,-3.8699999999999997,107.7,111.5,-3.8,96,0.23900000000000002,0.279,0.534,NA,0.496,12.4,26.6,0.188,0.511,11.7,74.1,0.21400000000000002,,810741,19774,FALSE
2017,25,Sacramento Kings,27.9,32,50,31,51,-3.88,0.58,-3.29,107.3,111.3,-4,94.9,0.28400000000000003,0.29100000000000004,0.556,NA,0.516,13.7,21,0.22,0.528,12.9,76.3,0.227,,721928,17608,FALSE
2017,26,Phoenix Suns,25,24,58,27,55,-5.63,0.49,-5.14,106.6,112.2,-5.6,100.3,0.29700000000000004,0.255,0.538,NA,0.493,13.4,26,0.231,0.525,13.1,76.4,0.264,,708639,17134,FALSE
2017,27,Philadelphia 76ers,24.6,28,54,26,56,-5.7,-0.14,-5.83,103.2,108.9,-5.7,98.5,0.258,0.349,0.539,NA,0.501,14.9,22.4,0.199,0.512,13.5,75.3,0.234,,710557,17331,FALSE
2017,28,Brooklyn Nets,26,20,62,24,58,-6.73,-0.01,-6.74,104.1,110.7,-6.6,101.3,0.28900000000000003,0.371,0.551,NA,0.507,14.7,19.6,0.228,0.513,11.6,76.1,0.21200000000000002,,632608,15429,FALSE
2017,29,Orlando Magic,25.3,29,53,24,58,-6.57,-0.04,-6.609999999999999,103.7,110.5,-6.8,96.8,0.24600000000000002,0.3,0.524,NA,0.48900000000000005,12.1,21.6,0.184,0.523,11.9,77.4,0.201,,727875,17753,FALSE
2017,30,Los Angeles Lakers,25.1,26,56,24,58,-6.88,0.58,-6.29,106,113,-7,98.5,0.259,0.29500000000000004,0.537,NA,0.501,13.5,25,0.195,0.542,13,75.8,0.21300000000000002,,776917,18949,FALSE
2018,1,Houston Rockets,29.8,65,17,61,21,8.48,-0.27,8.209999999999999,114.7,106.1,8.6,97.6,0.29800000000000004,0.502,0.59,NA,0.551,12.7,21.3,0.233,0.521,13.4,79.9,0.171,,732722,17871,TRUE
2018,2,Toronto Raptors,25.8,59,23,60,22,7.78,-0.49,7.29,113.8,105.9,7.9,97.4,0.25,0.377,0.5750000000000001,NA,0.539,12.1,23,0.198,0.501,13,77.7,0.21200000000000002,,813431,19840,TRUE
2018,3,Golden State Warriors,28.8,58,24,56,26,5.98,-0.19,5.79,113.6,107.7,5.9,99.6,0.23900000000000002,0.33899999999999997,0.603,NA,0.5690000000000001,14.1,21,0.195,0.504,12.6,76.3,0.186,,803436,19596,TRUE
2018,4,Utah Jazz,26.7,48,34,53,29,4.3,0.17,4.470000000000001,108.4,103.9,4.5,95.7,0.26,0.357,0.5640000000000001,NA,0.527,13.7,21.5,0.202,0.506,14,79.8,0.19,,734806,17922,TRUE
2018,5,Philadelphia 76ers,25.8,52,30,53,29,4.5,-0.2,4.3,109.5,105,4.5,99.8,0.263,0.344,0.5680000000000001,NA,0.535,14.6,25.3,0.198,0.492,12.6,78.6,0.21800000000000003,,833503,20361,TRUE
2018,6,Boston Celtics,24.7,55,27,51,31,3.59,-0.35,3.23,107.6,103.9,3.7,96,0.24300000000000002,0.357,0.552,NA,0.518,12.9,21.5,0.188,0.495,13,78.4,0.191,,763584,18624,TRUE
2018,7,Oklahoma City Thunder,27.3,48,34,50,32,3.4099999999999997,0,3.42,110.7,107.2,3.5,96.7,0.275,0.345,0.546,NA,0.514,12.4,27.7,0.197,0.525,14.7,77.4,0.193,,746322,18203,TRUE
2018,8,San Antonio Spurs,29.3,47,35,49,33,2.8899999999999997,0,2.8899999999999997,107.9,104.8,3.1,95,0.24500000000000002,0.28200000000000003,0.543,NA,0.507,12.2,23.7,0.189,0.507,13.2,78.6,0.17,,754562,18404,TRUE
2018,9,Portland Trail Blazers,25.6,49,33,48,34,2.6,0,2.6,109.1,106.4,2.7,96.5,0.24000000000000002,0.324,0.549,NA,0.511,12.3,23.3,0.192,0.503,11.7,79.1,0.193,,795750,19409,TRUE
2018,10,Minnesota Timberwolves,27.1,47,35,47,35,2.23,0.12000000000000001,2.3499999999999996,113.4,111.1,2.3,96,0.28,0.261,0.5660000000000001,NA,0.523,11.4,24.4,0.225,0.539,13.9,76.4,0.189,,699308,17056,TRUE
2018,11,Denver Nuggets,25.1,46,36,45,37,1.48,0.09,1.57,112.5,111,1.5,96.8,0.258,0.357,0.5700000000000001,NA,0.536,13.4,25.7,0.198,0.539,12.6,77.5,0.17300000000000001,,702796,17141,FALSE
2018,12,Indiana Pacers,26.2,48,34,45,37,1.3800000000000001,-0.2,1.1800000000000002,109.5,108.1,1.4,96,0.222,0.28400000000000003,0.557,NA,0.525,12.3,22.7,0.17300000000000001,0.527,14.2,76.2,0.17400000000000002,,658119,16052,TRUE
2018,13,New Orleans Pelicans,27.6,48,34,44,38,1.3,0.18,1.48,109.6,108.3,1.3,100.5,0.23700000000000002,0.319,0.5730000000000001,NA,0.541,13.3,20,0.183,0.513,12.5,76.7,0.17500000000000002,,673920,16437,TRUE
2018,14,Cleveland Cavaliers,30.6,50,32,43,39,0.9400000000000001,-0.35,0.59,112.9,111.9,1,98,0.275,0.379,0.584,NA,0.547,12.6,20.1,0.21400000000000002,0.54,12.2,77.3,0.166,,843042,20562,TRUE
2018,15,Washington Wizards,26.9,43,39,43,39,0.59,-0.06,0.53,109.3,108.7,0.6,96.6,0.254,0.31,0.56,NA,0.525,13.3,23.5,0.196,0.522,13.6,77.1,0.21200000000000002,,739302,18032,TRUE
2018,16,Miami Heat,26.5,44,38,42,40,0.48000000000000004,-0.32999999999999996,0.15000000000000002,106.8,106.3,0.5,95.6,0.229,0.358,0.551,NA,0.52,13.3,21.5,0.17300000000000001,0.507,13.1,79,0.21500000000000002,,804850,19630,TRUE
2018,17,Charlotte Hornets,26.6,36,46,42,40,0.26,-0.19,0.07,109.4,109.1,0.3,98.4,0.312,0.314,0.549,NA,0.508,11.4,22.2,0.233,0.532,12.4,80.7,0.165,,671404,16376,FALSE
2018,18,Los Angeles Clippers,27,42,40,41,41,0.04,0.11,0.15000000000000002,110.3,110.2,0.1,98.7,0.29900000000000004,0.314,0.5640000000000001,NA,0.527,13.2,23.5,0.222,0.52,12.6,76.1,0.203,,697812,17020,FALSE
2018,19,Detroit Pistons,25.9,39,43,41,41,-0.15000000000000002,-0.11,-0.26,107.2,107.3,-0.1,96.2,0.227,0.33299999999999996,0.543,NA,0.512,12.3,22.7,0.169,0.524,13.7,78.5,0.17200000000000001,,713945,17413,FALSE
2018,20,Milwaukee Bucks,25.9,44,38,40,42,-0.3,-0.15000000000000002,-0.45,109.8,110.1,-0.3,96.3,0.281,0.29700000000000004,0.5710000000000001,NA,0.531,12.9,20.4,0.22,0.528,14.2,75.9,0.22,,685303,16856,TRUE
2018,21,Los Angeles Lakers,23.7,35,47,37,45,-1.55,0.11,-1.44,106.5,108,-1.5,100.3,0.264,0.329,0.548,NA,0.517,13.8,23.6,0.188,0.514,12.5,77.7,0.19,,776327,18935,FALSE
2018,22,Dallas Mavericks,27.7,24,58,33,49,-3.04,0.33999999999999997,-2.7,106.3,109.5,-3.2,95.6,0.21700000000000003,0.382,0.544,NA,0.513,11.5,18,0.166,0.532,12.8,78.9,0.193,,811453,19792,FALSE
2018,23,New York Knicks,26.3,29,53,32,50,-3.56,0.03,-3.53,107.1,110.7,-3.6,96.8,0.21600000000000003,0.266,0.544,NA,0.51,13.3,24.1,0.17,0.522,12.1,76.7,0.20800000000000002,,792608,19332,FALSE
2018,24,Brooklyn Nets,25.1,28,54,31,51,-3.74,0.07,-3.67,106.9,110.6,-3.7,98.9,0.26,0.41100000000000003,0.551,NA,0.514,13.6,21,0.201,0.517,11,77,0.201,,640010,15376,FALSE
2018,25,Orlando Magic,25.6,25,57,28,54,-4.819999999999999,-0.1,-4.92,105.2,110.1,-4.9,98.1,0.23800000000000002,0.34199999999999997,0.545,NA,0.512,13.3,20,0.18,0.525,12.8,75.6,0.187,,734531,17915,FALSE
2018,26,Atlanta Hawks,25.4,24,58,27,55,-5.45,0.15000000000000002,-5.3,105,110.6,-5.6,98.3,0.23600000000000002,0.363,0.547,NA,0.512,14.1,21.1,0.185,0.536,13.6,76.2,0.183,,590769,14409,FALSE
2018,27,Memphis Grizzlies,26,22,60,25,57,-6.21,0.39,-5.81,104.5,111,-6.5,94.9,0.255,0.317,0.539,NA,0.5,14,22.4,0.201,0.529,13.8,76.5,0.256,,653863,15948,FALSE
2018,28,Chicago Bulls,24.4,27,55,23,59,-7.04,0.2,-6.84,103.8,110.9,-7.1,98.3,0.21600000000000003,0.35,0.529,NA,0.497,12.6,20.6,0.164,0.542,12.4,80.6,0.184,,851824,20776,FALSE
2018,29,Sacramento Kings,26.4,27,55,23,59,-6.99,0.39,-6.6,103.7,111.1,-7.4,94.9,0.194,0.278,0.529,NA,0.502,12.8,21.5,0.14300000000000002,0.542,13.5,77.6,0.199,,714680,17431,FALSE
2018,30,Phoenix Suns,23.7,21,61,19,63,-9.370000000000001,0.5700000000000001,-8.8,103.5,112.9,-9.4,100.3,0.275,0.32,0.532,NA,0.495,13.9,22.5,0.203,0.533,11.9,76.5,0.21200000000000002,,690576,16843,FALSE
2019,1,Milwaukee Bucks,26.9,60,22,61,21,8.870000000000001,-0.8200000000000001,8.04,113.8,105.2,8.6,103.3,0.255,0.41900000000000004,0.583,NA,0.55,12,20.8,0.197,0.503,11.5,80.3,0.162,,721692,17602,TRUE
2019,2,Golden State Warriors,28.4,57,25,56,26,6.46,-0.04,6.42,115.9,109.5,6.4,100.9,0.227,0.384,0.596,NA,0.5650000000000001,12.6,22.5,0.182,0.508,11.7,77.1,0.20500000000000002,,803436,19596,TRUE
2019,3,Toronto Raptors,27.3,58,24,56,26,6.09,-0.6,5.49,113.1,107.1,6,100.2,0.24700000000000003,0.379,0.5790000000000001,NA,0.543,12.4,21.9,0.198,0.509,13.1,77.1,0.19,,812822,19825,TRUE
2019,4,Utah Jazz,27.3,50,32,54,28,5.26,0.03,5.28,110.9,105.7,5.2,100.3,0.29500000000000004,0.394,0.5720000000000001,NA,0.538,13.4,22.9,0.21700000000000003,0.507,12.4,80.3,0.189,,750546,18306,TRUE
2019,5,Houston Rockets,29.2,53,29,53,29,4.7700000000000005,0.19,4.96,115.5,110.7,4.8,97.9,0.279,0.519,0.581,NA,0.542,12,22.8,0.221,0.525,13.4,74.4,0.21000000000000002,,740392,18058,TRUE
2019,6,Boston Celtics,25.7,49,33,52,30,4.44,-0.54,3.9,112.2,107.8,4.4,99.6,0.21500000000000002,0.381,0.5670000000000001,NA,0.534,11.5,21.6,0.17300000000000001,0.514,13.4,77,0.198,,763584,18624,TRUE
2019,7,Portland Trail Blazers,26.2,53,29,51,31,4.2,0.24000000000000002,4.430000000000001,114.7,110.5,4.2,99.1,0.258,0.33899999999999997,0.5680000000000001,NA,0.528,12.1,26.6,0.21000000000000002,0.516,11,77.9,0.195,,799345,19496,TRUE
2019,8,Denver Nuggets,24.9,54,28,51,31,3.9499999999999997,0.24000000000000002,4.1899999999999995,113,108.9,4.1,97.7,0.232,0.348,0.558,NA,0.527,11.9,26.6,0.17500000000000002,0.521,12.3,78,0.194,,756457,18450,TRUE
2019,9,Indiana Pacers,27,48,34,50,32,3.3299999999999996,-0.5700000000000001,2.7600000000000002,109.9,106.5,3.4,98.1,0.24200000000000002,0.29200000000000004,0.561,NA,0.53,12.4,21.9,0.182,0.516,14.1,76.2,0.184,,689310,16812,TRUE
2019,10,Oklahoma City Thunder,25.7,49,33,50,32,3.4,0.15000000000000002,3.56,110.3,107,3.3,102.8,0.266,0.347,0.545,NA,0.514,11.7,26,0.19,0.523,14.4,78.2,0.20600000000000002,,746323,18203,TRUE
2019,11,Philadelphia 76ers,26.4,51,31,48,34,2.7,-0.44,2.25,112.6,110,2.6,101.6,0.312,0.34199999999999997,0.5740000000000001,NA,0.532,12.9,24.5,0.24100000000000002,0.512,11.1,78.6,0.20600000000000002,,838342,20447,TRUE
2019,12,San Antonio Spurs,28.8,48,34,45,37,1.6800000000000002,0.12000000000000001,1.8,112.9,111.2,1.7,98.3,0.23700000000000002,0.28600000000000003,0.5720000000000001,NA,0.534,11,21,0.194,0.528,11,79.4,0.17,,750616,18308,TRUE
2019,13,Los Angeles Clippers,27.2,48,34,43,39,0.8500000000000001,0.23,1.09,112.4,111.5,0.9,101.7,0.326,0.29500000000000004,0.5750000000000001,NA,0.529,12.7,22,0.258,0.514,11.4,76,0.224,,710327,17325,TRUE
2019,14,Orlando Magic,25.7,42,40,43,39,0.71,-0.43000000000000005,0.28,108.9,108.1,0.8,98.1,0.21600000000000003,0.36,0.55,NA,0.518,11.9,22,0.168,0.515,11.8,79.7,0.186,,720024,17431,TRUE
2019,15,Brooklyn Nets,25.4,42,40,41,41,-0.07,-0.32999999999999996,-0.4,109.6,109.7,-0.1,100.8,0.28400000000000003,0.403,0.556,NA,0.52,13,23.8,0.21100000000000002,0.512,11.6,76.4,0.19,,612597,14941,TRUE
2019,16,Detroit Pistons,26.9,41,41,40,42,-0.24000000000000002,-0.31,-0.56,109,109.2,-0.2,97.4,0.262,0.394,0.544,NA,0.509,12.3,24.8,0.195,0.526,12.8,78.7,0.21100000000000002,,675963,16487,TRUE
2019,17,Miami Heat,27,39,43,40,42,-0.23,-0.22,-0.45,107.3,107.6,-0.3,98.2,0.24700000000000003,0.368,0.542,NA,0.515,13.1,24.8,0.17200000000000001,0.51,12.7,77.6,0.201,,805264,19641,FALSE
2019,18,Sacramento Kings,24.8,39,43,38,44,-1.12,0.31,-0.81,110.4,111.5,-1.1,103.1,0.24400000000000002,0.321,0.554,NA,0.524,11.5,23.1,0.17700000000000002,0.533,13.6,75.5,0.20700000000000002,,700975,17097,FALSE
2019,19,Charlotte Hornets,26.6,39,43,38,44,-1.1,-0.22,-1.32,111.4,112.5,-1.1,98.7,0.257,0.378,0.554,NA,0.514,10.9,21.7,0.20500000000000002,0.538,12.1,77.1,0.17900000000000002,,676570,16502,FALSE
2019,20,New Orleans Pelicans,25.7,33,49,38,44,-1.33,0.23,-1.1,111.4,112.6,-1.2,103.3,0.254,0.324,0.5630000000000001,NA,0.529,12.6,24.1,0.193,0.532,11.6,76.8,0.193,,656183,16004,FALSE
2019,21,Dallas Mavericks,26.9,33,49,38,44,-1.28,0.42000000000000004,-0.8700000000000001,109.4,110.7,-1.3,99,0.29100000000000004,0.42200000000000004,0.555,NA,0.519,12.7,22.7,0.21600000000000003,0.522,11.6,77.5,0.191,,820569,20014,FALSE
2019,22,Minnesota Timberwolves,26.2,36,46,37,45,-1.5,0.48000000000000004,-1.02,111.4,112.9,-1.5,100.2,0.267,0.315,0.552,NA,0.511,11.4,24.6,0.21000000000000002,0.538,12.9,74.9,0.19,,627543,15306,FALSE
2019,23,Los Angeles Lakers,26.2,37,45,37,45,-1.72,0.39,-1.33,107.8,109.5,-1.7,103.2,0.257,0.34199999999999997,0.554,NA,0.527,13.4,22.2,0.18,0.516,12.2,76.4,0.192,,778877,18997,FALSE
2019,24,Memphis Grizzlies,27.7,33,49,34,48,-2.6,0.51,-2.08,106.1,108.8,-2.7,96.6,0.272,0.34199999999999997,0.548,NA,0.508,12.9,20,0.21000000000000002,0.521,13.9,77.6,0.232,,638332,15569,FALSE
2019,25,Washington Wizards,26.5,32,50,34,48,-2.9,-0.4,-3.3,111.1,113.9,-2.8,101.4,0.266,0.37,0.5670000000000001,NA,0.531,12.3,21.3,0.20400000000000001,0.546,13.5,74.1,0.199,,716996,17448,FALSE
2019,26,Atlanta Hawks,25.1,29,53,27,55,-6.02,-0.04,-6.06,108.1,113.9,-5.8,103.9,0.255,0.403,0.555,NA,0.522,14.3,24.7,0.192,0.541,12.8,76.4,0.23700000000000002,,628440,15328,FALSE
2019,27,Chicago Bulls,24,22,60,21,61,-8.41,0.1,-8.32,104.8,113.2,-8.4,99,0.23500000000000001,0.29500000000000004,0.541,NA,0.505,12.7,19.4,0.184,0.541,11.9,77.3,0.188,,823475,20085,FALSE
2019,28,New York Knicks,23.4,17,65,19,63,-9.209999999999999,0.28,-8.93,104.5,113.7,-9.2,99.6,0.27,0.33399999999999996,0.529,NA,0.49,12.4,22.1,0.20500000000000002,0.533,11.7,76.1,0.203,,779087,19002,FALSE
2019,29,Phoenix Suns,24,19,63,19,63,-9.34,0.73,-8.61,105.9,115.1,-9.2,100.5,0.259,0.33499999999999996,0.552,NA,0.514,13.8,20.5,0.202,0.545,13.5,72.5,0.23600000000000002,,627023,15293,FALSE
2019,30,Cleveland Cavaliers,25.2,19,63,19,63,-9.61,0.22,-9.39,107.7,117.6,-9.9,96.6,0.23600000000000002,0.33199999999999996,0.54,NA,0.503,12.2,23.7,0.187,0.5640000000000001,11.5,77,0.181,,793337,19350,FALSE
2020,1,Milwaukee Bucks,29.2,56,17,57,16,10.08,-0.6699999999999999,9.41,112.4,102.9,9.5,105.1,0.271,0.42800000000000005,0.583,NA,0.552,12.9,20.7,0.201,0.48900000000000005,12,81.6,0.17800000000000002,,549036,17711,TRUE
2020,2,Boston Celtics,25.3,48,24,50,22,6.31,-0.47000000000000003,5.83,113.3,107,6.3,99.5,0.259,0.386,0.5700000000000001,NA,0.531,12.2,23.9,0.20700000000000002,0.509,13.5,77.4,0.21500000000000002,,610864,19090,TRUE
2020,3,Los Angeles Clippers,27.4,49,23,50,22,6.44,0.21000000000000002,6.659999999999999,113.9,107.6,6.3,101.5,0.29500000000000004,0.375,0.5770000000000001,NA,0.535,12.6,23.5,0.233,0.506,12.2,77.6,0.20600000000000002,,610176,19068,TRUE
2020,4,Toronto Raptors,26.6,53,19,50,22,6.24,-0.26,5.970000000000001,111.1,105,6.1,100.9,0.264,0.42100000000000004,0.5740000000000001,NA,0.536,13.1,21.3,0.21000000000000002,0.502,14.6,76.7,0.202,,633456,19796,TRUE
2020,5,Los Angeles Lakers,29.5,52,19,48,23,5.79,0.49,6.28,112,106.3,5.7,100.9,0.276,0.358,0.5730000000000001,NA,0.542,13.3,24.5,0.201,0.515,14.1,78.8,0.20500000000000002,,588907,18997,TRUE
2020,6,Dallas Mavericks,26.1,43,32,49,26,4.95,-0.07,4.87,116.7,111.7,5,99.3,0.264,0.457,0.581,NA,0.545,11.2,23.2,0.20600000000000002,0.525,10.6,77.7,0.17500000000000002,,682096,20062,TRUE
2020,7,Miami Heat,25.9,44,29,43,30,2.9499999999999997,-0.35,2.59,112.5,109.5,3,98.3,0.29900000000000004,0.41900000000000004,0.587,NA,0.547,13.5,20.3,0.234,0.523,12.6,79.5,0.21300000000000002,,629771,19680,TRUE
2020,8,Houston Rockets,29.2,44,28,42,30,2.96,0.17,3.13,112.9,110.1,2.8,103.7,0.28800000000000003,0.501,0.5780000000000001,NA,0.537,12.6,21,0.228,0.529,13.7,75.6,0.197,,578458,18077,TRUE
2020,9,Utah Jazz,27.3,44,28,42,30,2.4699999999999998,0.05,2.52,112.3,109.9,2.4,98.6,0.268,0.41400000000000003,0.585,NA,0.549,13.7,21.6,0.20800000000000002,0.518,11.1,78.9,0.185,,567486,18306,TRUE
2020,10,Philadelphia 76ers,26.3,43,30,42,31,2.38,-0.13,2.25,111.3,109,2.3,99,0.255,0.36,0.5660000000000001,NA,0.534,12.7,23.9,0.193,0.523,12.5,80.3,0.21400000000000002,,639491,20629,TRUE
2020,11,Denver Nuggets,25.6,46,27,41,32,2.11,0.24000000000000002,2.3499999999999996,113.1,111,2.1,97.1,0.23500000000000001,0.344,0.5670000000000001,NA,0.535,12.3,24.8,0.183,0.533,12.9,76.8,0.198,,633153,19186,TRUE
2020,12,Indiana Pacers,25.6,45,28,41,32,1.96,-0.32999999999999996,1.6300000000000001,110,108,2,98.9,0.21600000000000003,0.317,0.5650000000000001,NA,0.534,12,20,0.17,0.511,13,76.7,0.192,,529002,16531,TRUE
2020,13,Oklahoma City Thunder,25.5,44,28,41,31,1.99,0.33999999999999997,2.3299999999999996,110.8,108.8,2,98.8,0.29000000000000004,0.353,0.5730000000000001,NA,0.53,12.4,19.3,0.231,0.518,12.6,76.8,0.17300000000000001,,600699,18203,TRUE
2020,14,Phoenix Suns,24.6,34,39,37,36,0.22,0.35,0.56,111.7,111.4,0.3,101.3,0.271,0.361,0.5760000000000001,NA,0.532,13,22.2,0.226,0.539,13.7,78.8,0.221,,550633,15606,FALSE
2020,15,Brooklyn Nets,26.3,35,37,35,37,-0.5700000000000001,-0.44,-1.01,108.9,109.5,-0.6,101.4,0.267,0.42300000000000004,0.554,NA,0.52,13.1,23.2,0.199,0.511,11,77.8,0.187,,524907,16403,TRUE
2020,16,Orlando Magic,26.1,33,40,34,39,-1.01,0.09,-0.93,108.5,109.5,-1,98.6,0.256,0.364,0.544,NA,0.506,11.5,22.3,0.198,0.535,13.2,79.1,0.17600000000000002,,529870,17093,TRUE
2020,17,San Antonio Spurs,27.6,32,39,33,38,-1.11,0.46,-0.65,112.4,113.5,-1.1,100.5,0.262,0.318,0.5720000000000001,NA,0.531,11.2,20.1,0.21200000000000002,0.542,11.7,79.2,0.193,,550515,18351,FALSE
2020,18,Memphis Grizzlies,24.1,34,39,34,39,-1.07,0.16,-0.91,109.2,110.3,-1.1,102.8,0.24000000000000002,0.346,0.561,NA,0.528,13.2,23,0.183,0.521,12.7,77.8,0.21700000000000003,,523297,15857,FALSE
2020,19,Portland Trail Blazers,27.5,35,39,34,40,-1.1500000000000001,0.54,-0.61,113.7,114.8,-1.1,100.7,0.24200000000000002,0.374,0.5700000000000001,NA,0.533,11.2,22.4,0.194,0.53,11.2,75.3,0.20800000000000002,,628303,19634,TRUE
2020,20,New Orleans Pelicans,25.4,30,42,33,39,-1.29,0.74,-0.55,110.7,111.9,-1.2,103.7,0.256,0.403,0.5680000000000001,NA,0.539,13.9,24.2,0.186,0.532,12.4,77.8,0.21200000000000002,,528172,16505,FALSE
2020,21,Sacramento Kings,27,31,41,31,41,-2.04,0.46,-1.59,110.2,112.2,-2,98.9,0.23,0.395,0.5660000000000001,NA,0.534,13,21.9,0.17700000000000002,0.543,13.6,78.4,0.225,,520663,16796,FALSE
2020,22,Chicago Bulls,24.4,22,43,26,39,-3.08,-0.93,-4,106.7,109.8,-3.1,99.7,0.231,0.396,0.547,NA,0.515,13.7,22.8,0.17500000000000002,0.546,16.3,75.6,0.23900000000000002,,639352,18804,FALSE
2020,23,Detroit Pistons,25.9,20,46,26,40,-3.56,-0.8200000000000001,-4.38,109,112.7,-3.7,97.6,0.261,0.381,0.561,NA,0.529,13.8,22.6,0.194,0.541,12.7,75.9,0.186,,509469,15294,FALSE
2020,24,Minnesota Timberwolves,24.8,19,45,24,40,-4.3,0.28,-4.02,108.1,112.2,-4.1,103.4,0.277,0.43300000000000005,0.551,NA,0.514,13,22.1,0.20900000000000002,0.541,13.2,77.2,0.21800000000000003,,482112,15066,FALSE
2020,25,Washington Wizards,25.1,25,47,26,46,-4.67,-0.5700000000000001,-5.24,110.9,115.5,-4.6,102.7,0.27,0.358,0.562,NA,0.523,12.2,22.2,0.21300000000000002,0.558,13.9,75.3,0.231,,532702,16647,FALSE
2020,26,New York Knicks,24.5,21,45,20,46,-6.45,-0.26,-6.72,106.5,113,-6.5,98.6,0.263,0.318,0.531,NA,0.501,12.6,25.8,0.182,0.541,12.4,78.3,0.224,,620789,18812,FALSE
2020,27,Charlotte Hornets,24.3,23,42,19,46,-6.75,-0.28,-7.03,106.3,113.3,-7,95.8,0.252,0.399,0.539,NA,0.504,13.3,23.9,0.188,0.546,13.1,74.4,0.15900000000000003,,478591,15428,FALSE
2020,28,Atlanta Hawks,24.1,20,47,18,49,-7.970000000000001,0.27,-7.71,107.2,114.8,-7.6,103,0.258,0.398,0.554,NA,0.515,13.8,21.6,0.20400000000000001,0.543,12.7,74.9,0.233,,545453,16043,FALSE
2020,29,Cleveland Cavaliers,25,19,46,18,47,-7.89,0.12000000000000001,-7.7700000000000005,107.5,115.4,-7.9,98.7,0.227,0.362,0.553,NA,0.522,14.6,24.6,0.17200000000000001,0.56,11.7,77.4,0.164,,643008,17861,FALSE
2020,30,Golden State Warriors,24.4,15,50,16,49,-8.709999999999999,0.59,-8.12,105.2,113.8,-8.6,100.3,0.264,0.355,0.54,NA,0.497,13.2,21.5,0.21200000000000002,0.553,13.7,76.4,0.193,,614176,18064,FALSE
2021,1,Utah Jazz,28.5,52,20,55,17,9.25,-0.29000000000000004,8.97,117.6,108.3,9.3,98.5,0.24400000000000002,0.48800000000000004,0.597,NA,0.5630000000000001,12.7,24.5,0.195,0.507,10.3,79.3,0.15900000000000003,,151300,4203,TRUE
2021,2,Los Angeles Clippers,28.8,47,25,49,23,6.18,-0.16,6.02,117.6,111.2,6.4,96.9,0.222,0.4,0.599,NA,0.5640000000000001,12.2,22.7,0.186,0.531,11.9,79.1,0.186,,13901,386,TRUE
2021,3,Phoenix Suns,26.6,51,21,49,23,5.819999999999999,-0.15000000000000002,5.67,117.2,111.3,5.9,97.2,0.21200000000000002,0.392,0.597,NA,0.5640000000000001,11.5,20.8,0.17700000000000002,0.534,12.4,78.5,0.194,,104027,2890,TRUE
2021,4,Milwaukee Bucks,28.1,46,26,48,24,5.89,-0.32,5.57,117.2,111.4,5.8,102.2,0.233,0.404,0.593,NA,0.5660000000000001,12,23.3,0.17700000000000002,0.536,11.5,79.7,0.15700000000000003,,64780,1799,TRUE
2021,5,Philadelphia 76ers,27.1,49,23,48,24,5.58,-0.31,5.28,113.2,107.6,5.6,99.5,0.29300000000000004,0.347,0.5790000000000001,NA,0.541,12.8,23.2,0.225,0.521,13.8,78.2,0.2,,68583,1905,TRUE
2021,6,Denver Nuggets,26.1,47,25,47,25,4.930000000000001,-0.11,4.819999999999999,117.1,112.1,5,97.1,0.21900000000000003,0.383,0.588,NA,0.557,12.1,24.7,0.17600000000000002,0.545,12.9,78.9,0.2,,54563,1516,TRUE
2021,7,Brooklyn Nets,28.2,48,24,46,26,4.5,-0.27,4.24,118.3,113.8,4.5,99.5,0.258,0.41300000000000003,0.61,NA,0.5750000000000001,12.2,21.4,0.20800000000000002,0.531,11.1,77.3,0.187,,30491,847,TRUE
2021,8,Los Angeles Lakers,28.2,42,30,42,30,2.79,-0.03,2.77,109.9,107.1,2.8,98.7,0.271,0.363,0.5690000000000001,NA,0.536,13.6,22.5,0.2,0.526,13.7,79.7,0.184,,23313,648,TRUE
2021,9,Dallas Mavericks,26.3,42,30,41,31,2.2600000000000002,-0.01,2.2600000000000002,115.4,113,2.4,97.3,0.24200000000000002,0.43600000000000005,0.582,NA,0.55,11.1,21.1,0.189,0.534,11.5,77.8,0.197,,94849,2635,TRUE
2021,10,New York Knicks,25.6,41,31,41,31,2.3099999999999996,-0.18,2.13,110.6,108.2,2.4,95.9,0.24200000000000002,0.347,0.559,NA,0.524,11.9,21.9,0.19,0.509,11.7,78.6,0.196,,42131,1170,TRUE
2021,11,Atlanta Hawks,25.4,41,31,41,31,2.32,-0.18,2.14,115.7,113.3,2.4,97.6,0.278,0.382,0.581,NA,0.539,11.9,24.4,0.226,0.53,11.1,77.8,0.19,,59288,1647,TRUE
2021,12,Portland Trail Blazers,27.4,42,30,40,32,1.79,0.01,1.81,117.8,116,1.8,98.4,0.23800000000000002,0.448,0.5770000000000001,NA,0.54,9.9,23,0.195,0.546,11.2,77.5,0.203,,5817,162,TRUE
2021,13,Boston Celtics,25.1,36,36,39,33,1.46,-0.14,1.32,114,112.5,1.5,98.3,0.234,0.40900000000000003,0.5740000000000001,NA,0.543,12.5,24.3,0.181,0.539,12.8,78.1,0.21500000000000002,,30067,835,TRUE
2021,14,Golden State Warriors,26.7,39,33,38,34,1.06,0.04,1.1,111.1,110.1,1,102.2,0.23900000000000002,0.43900000000000006,0.583,NA,0.551,13.3,17.9,0.188,0.522,13.1,76.6,0.223,,33457,929,FALSE
2021,15,Memphis Grizzlies,24.2,38,34,38,34,1.03,0.04,1.07,112,111,1,100.4,0.232,0.34199999999999997,0.56,NA,0.528,11.6,24.2,0.17900000000000002,0.535,13.1,78.3,0.196,,61449,1707,TRUE
2021,16,Miami Heat,27.4,40,32,36,36,0.03,-0.09,-0.06,111.2,111.2,0,96.6,0.252,0.43200000000000005,0.581,NA,0.546,13.1,19.4,0.199,0.542,13.8,77.9,0.183,,NA,NA,TRUE
2021,17,Indiana Pacers,26.5,34,38,36,36,-0.04,-0.08,-0.13,112.4,112.4,0,101.6,0.227,0.372,0.5750000000000001,NA,0.542,11.9,20.2,0.18,0.531,12.7,74.9,0.201,,NA,NA,FALSE
2021,18,New Orleans Pelicans,24.8,31,41,35,37,-0.29000000000000004,0.1,-0.2,113.5,113.8,-0.3,100.1,0.29300000000000004,0.34199999999999997,0.5700000000000001,NA,0.537,12.7,26.3,0.21400000000000002,0.55,11.9,80,0.186,,93120,2587,FALSE
2021,19,Toronto Raptors,26.6,27,45,35,37,-0.47000000000000003,-0.07,-0.54,112,112.5,-0.5,99.2,0.24100000000000002,0.444,0.5670000000000001,NA,0.529,11.9,20.8,0.196,0.543,14.4,76.3,0.234,,26024,723,FALSE
2021,20,Chicago Bulls,25.6,31,41,34,38,-0.89,-0.05,-0.9400000000000001,111.1,112,-0.9,99,0.197,0.383,0.5750000000000001,NA,0.547,13.6,22.3,0.15600000000000003,0.538,11.6,80.3,0.196,,13655,379,FALSE
2021,21,San Antonio Spurs,26.2,33,39,32,40,-1.74,0.15000000000000002,-1.58,111,112.8,-1.8,98.9,0.24300000000000002,0.314,0.554,NA,0.517,10.2,20,0.192,0.541,11.8,77.3,0.17400000000000002,,61053,1696,FALSE
2021,22,Washington Wizards,26.6,34,38,32,40,-1.83,-0.01,-1.85,111.2,113,-1.8,104.1,0.28800000000000003,0.319,0.5690000000000001,NA,0.531,12.3,21.3,0.221,0.539,12.5,77.6,0.21700000000000003,,19198,533,TRUE
2021,23,Charlotte Hornets,24.6,33,39,32,40,-1.93,-0.01,-1.94,110.9,112.8,-1.9,98.3,0.23800000000000002,0.42200000000000004,0.5640000000000001,NA,0.532,13.3,23.5,0.181,0.55,13.2,75.7,0.163,,68255,1896,FALSE
2021,24,Sacramento Kings,25.6,31,41,28,44,-3.68,0.23,-3.4499999999999997,113.6,117.2,-3.6,100,0.24800000000000003,0.376,0.5780000000000001,NA,0.549,12,21.3,0.185,0.557,12.1,75,0.199,,NA,NA,FALSE
2021,25,Detroit Pistons,24.5,20,52,26,46,-4.470000000000001,0.09,-4.38,108,112.5,-4.5,97.9,0.273,0.385,0.556,NA,0.519,13.5,21.9,0.20700000000000002,0.541,12.6,76.9,0.195,,14250,396,FALSE
2021,26,Minnesota Timberwolves,23.2,23,49,24,48,-5.56,0.31,-5.25,109.5,115,-5.5,101.6,0.254,0.41300000000000003,0.555,NA,0.52,12.4,22.7,0.193,0.556,13.3,76.8,0.20700000000000002,,15774,438,FALSE
2021,27,Houston Rockets,26.5,17,55,20,52,-7.9,0.4,-7.5,107.1,114.9,-7.8,101.4,0.252,0.459,0.553,NA,0.521,13,19.8,0.187,0.555,12.9,77.1,0.201,,117009,3250,FALSE
2021,28,Cleveland Cavaliers,24,22,50,18,54,-8.44,0.25,-8.19,105.8,114.4,-8.6,97.3,0.261,0.347,0.543,NA,0.508,13.9,23.6,0.194,0.556,13,76.6,0.183,,91476,2541,FALSE
2021,29,Orlando Magic,25.6,21,51,17,55,-9.31,0.29000000000000004,-9.02,105.1,114.5,-9.4,98.7,0.24000000000000002,0.356,0.527,NA,0.49,11.5,21.6,0.186,0.547,11.5,78.2,0.169,,126463,3513,FALSE
2021,30,Oklahoma City Thunder,22.8,22,50,15,57,-10.639999999999999,0.51,-10.129999999999999,103.5,114,-10.5,101,0.24200000000000002,0.399,0.539,NA,0.509,14.2,21.2,0.17600000000000002,0.547,11.5,77.9,0.167,,NA,NA,FALSE
2022,1,Boston Celtics,26.1,51,31,59,23,7.28,-0.26,7.02,114.4,106.9,7.5,96.6,0.23900000000000002,0.42500000000000004,0.5780000000000001,NA,0.542,12.4,24,0.195,0.502,12.5,77.3,0.183,,785396,19156,TRUE
2022,2,Phoenix Suns,27.5,64,18,59,23,7.5,-0.56,6.94,114.8,107.3,7.5,99.8,0.221,0.354,0.581,NA,0.549,11.6,22.3,0.17600000000000002,0.51,13,77.1,0.195,,663171,16175,TRUE
2022,3,Utah Jazz,29.3,49,33,56,26,6.04,-0.37,5.67,116.7,110.5,6.2,97.1,0.271,0.468,0.589,NA,0.555,12.7,25.4,0.20800000000000002,0.521,10.9,78.3,0.164,,750546,18306,TRUE
2022,4,Memphis Grizzlies,24,56,26,55,27,5.68,-0.32,5.37,114.6,109,5.6,100.3,0.24500000000000002,0.346,0.553,NA,0.522,11.2,30,0.18,0.523,13.3,77.8,0.195,,646785,15775,TRUE
2022,5,Golden State Warriors,27.6,53,29,55,27,5.54,-0.02,5.52,112.5,106.9,5.6,98.4,0.23500000000000001,0.456,0.582,NA,0.552,13.5,22.8,0.181,0.509,13,78.7,0.201,,740624,18064,TRUE
2022,6,Miami Heat,28.2,53,29,53,29,4.45,-0.22,4.23,113.7,109.1,4.6,95.9,0.252,0.42200000000000004,0.584,NA,0.547,13.4,23.5,0.20400000000000001,0.524,13.8,78,0.20900000000000002,,804761,19628,TRUE
2022,7,Dallas Mavericks,26.7,52,30,50,32,3.3,-0.18,3.12,112.8,109.4,3.4,95.4,0.24900000000000003,0.43900000000000006,0.5720000000000001,NA,0.538,11.7,21.3,0.192,0.521,12.2,78,0.185,,808037,19708,TRUE
2022,8,Milwaukee Bucks,28.5,51,31,49,33,3.3499999999999996,-0.14,3.22,115.1,111.8,3.3,99.9,0.257,0.43000000000000005,0.58,NA,0.546,11.9,23,0.199,0.536,11.6,78.6,0.165,,715581,17453,TRUE
2022,9,Philadelphia 76ers,26.8,51,31,48,34,2.61,-0.04,2.57,113.5,110.8,2.7,96.2,0.28200000000000003,0.376,0.5780000000000001,NA,0.534,11.6,20.1,0.232,0.524,12.1,76.8,0.192,,846867,20655,TRUE
2022,10,Minnesota Timberwolves,24.2,46,36,48,34,2.63,-0.1,2.53,114.3,111.7,2.6,100.9,0.254,0.454,0.5730000000000001,NA,0.539,12.4,24.4,0.198,0.535,14.2,74.9,0.227,,657148,16028,TRUE
2022,11,Denver Nuggets,27.7,48,34,47,35,2.3,-0.15000000000000002,2.16,114.5,112.1,2.4,97.8,0.24400000000000002,0.41600000000000004,0.59,NA,0.556,13.2,21.9,0.194,0.537,11.7,78.3,0.188,,695262,16958,TRUE
2022,12,Toronto Raptors,24.8,48,34,47,35,2.29,0.08,2.38,112.9,110.5,2.4,96,0.234,0.375,0.543,NA,0.51,11,28.4,0.17700000000000002,0.535,14.4,75.6,0.199,,547343,13350,TRUE
2022,13,Cleveland Cavaliers,24.7,44,38,47,35,2.12,-0.08,2.04,111.9,109.7,2.2,96.1,0.261,0.387,0.5710000000000001,NA,0.538,13.2,24,0.198,0.52,12.3,76.5,0.17200000000000001,,758228,18493,FALSE
2022,14,Atlanta Hawks,26.1,43,39,45,37,1.56,-0.01,1.55,116.5,114.9,1.6,97.7,0.253,0.39,0.581,NA,0.543,10.8,23,0.20500000000000002,0.543,11.5,76.9,0.17700000000000002,,672742,16408,TRUE
2022,15,Brooklyn Nets,29.1,44,38,43,39,0.7799999999999999,0.04,0.8200000000000001,113.6,112.8,0.8,99,0.24600000000000002,0.359,0.5760000000000001,NA,0.54,12.5,23.9,0.198,0.521,11.7,75.1,0.201,,711539,17355,TRUE
2022,16,Charlotte Hornets,25.5,43,39,42,40,0.44,0.09,0.53,114.1,113.7,0.4,100,0.234,0.41800000000000004,0.5720000000000001,NA,0.544,11.6,23.3,0.17300000000000001,0.544,13.1,74.8,0.187,,700755,17092,FALSE
2022,17,San Antonio Spurs,24.5,34,48,41,41,0.12000000000000001,-0.1,0.02,112.4,112.3,0.1,100,0.22,0.345,0.556,NA,0.527,11.1,23.7,0.166,0.532,12.1,75.1,0.17600000000000002,,615588,15014,FALSE
2022,18,Los Angeles Clippers,27.5,42,40,41,41,0.02,0.06,0.09,110.1,110.1,0,98,0.224,0.391,0.5640000000000001,NA,0.531,12.5,20.6,0.17800000000000002,0.514,12,74.4,0.167,,694005,16927,FALSE
2022,19,New York Knicks,26,37,45,41,41,-0.12000000000000001,0.11,-0.01,110.4,110.5,-0.1,95.9,0.28,0.42800000000000005,0.55,NA,0.513,12,25.1,0.20800000000000002,0.521,11.7,78.8,0.198,,763484,18622,FALSE
2022,20,Chicago Bulls,26.3,46,36,40,42,-0.39,0.02,-0.38,113.2,113.6,-0.4,98.3,0.24800000000000003,0.33199999999999996,0.5790000000000001,NA,0.541,11.8,20.4,0.201,0.541,11.9,78.3,0.199,,856148,20882,TRUE
2022,21,New Orleans Pelicans,25.6,36,46,38,44,-0.99,0.15000000000000002,-0.8400000000000001,112,113,-1,97.2,0.264,0.365,0.557,NA,0.517,12.5,26.9,0.20800000000000002,0.547,13,78.2,0.196,,635941,15511,TRUE
2022,22,Los Angeles Lakers,30.2,33,49,33,49,-3.05,-0.03,-3.08,110.3,113.3,-3,100.1,0.259,0.388,0.5670000000000001,NA,0.537,12.8,21.1,0.19,0.54,12.2,75.8,0.192,,764631,18650,FALSE
2022,23,Washington Wizards,25.9,35,47,32,50,-3.38,0.15000000000000002,-3.23,111.1,114.5,-3.4,97,0.252,0.356,0.5680000000000001,NA,0.532,12.1,20.9,0.197,0.529,10.7,76.9,0.202,,637215,15542,FALSE
2022,24,Indiana Pacers,26,25,57,32,50,-3.48,0.22,-3.2600000000000002,112.6,116.1,-3.5,98,0.23900000000000002,0.395,0.5640000000000001,NA,0.531,12.7,25.5,0.184,0.552,11.9,76.2,0.20400000000000001,,588743,14360,FALSE
2022,25,Sacramento Kings,25.8,30,52,28,54,-5.46,0.2,-5.26,109.9,115.3,-5.4,99.8,0.264,0.377,0.561,NA,0.525,12.5,21.3,0.203,0.551,11.9,76,0.17600000000000002,,577583,14087,FALSE
2022,26,Detroit Pistons,23.6,23,59,22,60,-7.72,0.37,-7.359999999999999,106,113.8,-7.8,98.4,0.24900000000000003,0.391,0.533,NA,0.494,12.6,23.4,0.194,0.541,13.1,75.6,0.226,,663556,16184,FALSE
2022,27,Orlando Magic,23.3,22,60,21,61,-8,0.32999999999999996,-7.67,104.5,112.5,-8,99.2,0.223,0.41700000000000004,0.538,NA,0.503,13,19.8,0.17500000000000002,0.532,11.7,77.2,0.196,,622881,15192,FALSE
2022,28,Oklahoma City Thunder,22.4,24,58,21,61,-8.1,0.2,-7.9,104.6,112.8,-8.2,98.6,0.223,0.41900000000000004,0.53,NA,0.497,12.5,21.8,0.169,0.533,11.8,76.1,0.169,,595112,14515,FALSE
2022,29,Houston Rockets,24.1,20,62,21,61,-8.48,0.22,-8.26,108.4,116.7,-8.3,100.9,0.28400000000000003,0.448,0.5650000000000001,NA,0.534,14.5,21.7,0.202,0.554,12.3,74.4,0.20600000000000002,,638977,15585,FALSE
2022,30,Portland Trail Blazers,25.6,27,55,20,62,-8.88,0.32999999999999996,-8.55,107.8,116.9,-9.1,98.3,0.24800000000000003,0.42200000000000004,0.55,NA,0.515,13,22.9,0.188,0.559,12.7,76.9,0.222,,705608,17210,FALSE
2023,1,Boston Celtics,27.4,57,25,57,25,6.52,-0.15000000000000002,6.38,118,111.5,6.5,98.5,0.24300000000000002,0.48000000000000004,0.6,NA,0.5660000000000001,12,22.1,0.197,0.528,11.3,78.5,0.18,,785396,19156,TRUE
2023,2,Cleveland Cavaliers,25.4,51,31,55,27,5.38,-0.15000000000000002,5.23,116.1,110.6,5.5,95.7,0.264,0.371,0.59,NA,0.556,12.3,23.6,0.20600000000000002,0.535,14.4,76.3,0.21000000000000002,,777280,18958,TRUE
2023,3,Philadelphia 76ers,28.2,54,28,52,30,4.319999999999999,0.06,4.37,117.7,113.3,4.4,96.9,0.3,0.389,0.608,NA,0.5630000000000001,12.6,21.6,0.25,0.541,13,77.2,0.21700000000000003,,839261,20470,TRUE
2023,4,Memphis Grizzlies,24.4,51,31,51,31,3.94,-0.33999999999999997,3.6,115.1,111.2,3.9,101.1,0.259,0.372,0.5700000000000001,NA,0.54,11.7,26.5,0.19,0.526,13.1,75.9,0.20600000000000002,,707836,17264,TRUE
2023,5,Milwaukee Bucks,29.8,58,24,50,32,3.63,-0.02,3.61,115.4,111.9,3.5,100.5,0.24800000000000003,0.446,0.583,NA,0.555,12.7,25,0.184,0.52,10.4,77.8,0.17500000000000002,,718786,17531,TRUE
2023,6,Denver Nuggets,26.6,53,29,49,33,3.3299999999999996,-0.29000000000000004,3.04,117.6,114.2,3.4,98.1,0.259,0.361,0.601,NA,0.5730000000000001,13.1,24.8,0.194,0.543,12.2,76.4,0.201,,788635,19235,TRUE
2023,7,New York Knicks,24.5,47,35,48,34,2.9299999999999997,0.06,2.9899999999999998,117.8,114.8,3,97.1,0.28500000000000003,0.4,0.5770000000000001,NA,0.541,11.4,28.3,0.21700000000000003,0.536,11.4,77.1,0.21000000000000002,,795110,19393,TRUE
2023,8,Sacramento Kings,25.4,48,34,47,35,2.65,-0.35,2.3,119.4,116.8,2.6,100.3,0.28400000000000003,0.42300000000000004,0.608,NA,0.5720000000000001,12,22.7,0.225,0.5630000000000001,12.6,77.2,0.203,,715491,17451,TRUE
2023,9,Phoenix Suns,28.1,45,37,46,36,2.07,0.01,2.08,115.1,113,2.1,98.2,0.24100000000000002,0.362,0.5700000000000001,NA,0.535,12,26.6,0.191,0.532,12.9,76,0.234,,699911,17071,TRUE
2023,10,New Orleans Pelicans,25.9,42,40,46,36,1.8900000000000001,-0.26,1.6300000000000001,114.4,112.5,1.9,99.1,0.279,0.344,0.582,NA,0.543,12.9,24.7,0.221,0.543,13.4,77.4,0.21200000000000002,,687691,16773,FALSE
2023,11,Golden State Warriors,27.3,44,38,45,37,1.8,-0.15000000000000002,1.6600000000000001,116.1,114.4,1.7,101.6,0.224,0.47900000000000004,0.6,NA,0.5710000000000001,14.1,24.4,0.17800000000000002,0.54,12.3,76,0.21400000000000002,,740624,18064,TRUE
2023,12,Toronto Raptors,25.8,41,41,45,37,1.48,0.12000000000000001,1.59,115.5,114,1.5,97.1,0.257,0.351,0.555,NA,0.517,10.3,27.8,0.201,0.5650000000000001,15.3,76.7,0.223,,811261,19787,FALSE
2023,13,Chicago Bulls,27.5,40,42,44,38,1.29,0.07,1.37,113.5,112.2,1.3,98.5,0.251,0.33299999999999996,0.587,NA,0.55,12.2,20.1,0.203,0.544,13.5,77.8,0.197,,841632,20528,FALSE
2023,14,Oklahoma City Thunder,22.8,40,42,44,38,1.09,-0.12000000000000001,0.96,115.2,114.2,1,101.1,0.256,0.369,0.5700000000000001,NA,0.531,11.2,24.7,0.20700000000000002,0.547,14.4,72.9,0.222,,636903,15534,FALSE
2023,15,Brooklyn Nets,28,45,37,43,39,0.8500000000000001,0.18,1.03,115,114.1,0.9,98.3,0.26,0.397,0.598,NA,0.562,12.7,19.6,0.20800000000000002,0.53,12.2,73.7,0.21200000000000002,,724439,17669,TRUE
2023,16,Los Angeles Lakers,27.9,43,39,42,40,0.5700000000000001,-0.15000000000000002,0.43000000000000005,114.5,113.9,0.6,101.3,0.29900000000000004,0.351,0.582,NA,0.542,12.3,22.8,0.232,0.535,10.9,76.3,0.171,,763168,18614,TRUE
2023,17,Los Angeles Clippers,29.7,44,38,42,40,0.5,-0.19,0.31,115,114.5,0.5,98,0.278,0.387,0.588,NA,0.551,12.8,22.9,0.21700000000000003,0.543,11.7,76.6,0.195,,720543,17574,TRUE
2023,18,Atlanta Hawks,24.9,41,41,42,40,0.29000000000000004,0.02,0.32,116.6,116.3,0.3,100.7,0.24400000000000002,0.33099999999999996,0.5790000000000001,NA,0.541,11.2,25.1,0.2,0.552,12.4,75.8,0.20600000000000002,,719787,17556,TRUE
2023,19,Dallas Mavericks,27.8,38,44,41,41,0.07,-0.22,-0.14,116.8,116.7,0.1,96.6,0.29800000000000004,0.48700000000000004,0.599,NA,0.5650000000000001,11.4,18,0.225,0.549,11.9,75.5,0.226,,827282,20178,FALSE
2023,20,Minnesota Timberwolves,25.8,42,40,41,41,-0.04,-0.18,-0.22,113.7,113.8,-0.1,101,0.271,0.381,0.592,NA,0.56,13.6,21.5,0.20500000000000002,0.54,13.3,74.3,0.225,,687510,16769,TRUE
2023,21,Miami Heat,27.7,44,38,40,42,-0.32,0.18,-0.13,113,113.3,-0.3,96.3,0.27,0.40800000000000003,0.5740000000000001,NA,0.53,12.4,22.8,0.224,0.561,14.5,77.7,0.198,,807190,19688,TRUE
2023,22,Utah Jazz,26.5,37,45,39,43,-0.9400000000000001,-0.09,-1.03,115.8,116.7,-0.9,100.5,0.265,0.42100000000000004,0.584,NA,0.547,13.3,26.8,0.20900000000000002,0.541,10.9,75.2,0.20500000000000002,,728240,17762,FALSE
2023,23,Washington Wizards,26.2,35,47,38,44,-1.21,0.15000000000000002,-1.06,114.4,115.6,-1.2,98.6,0.258,0.365,0.585,NA,0.55,12.7,22.6,0.202,0.54,11,76.1,0.194,,710481,17329,FALSE
2023,24,Orlando Magic,23.1,34,48,35,47,-2.56,0.17,-2.3899999999999997,111.6,114.2,-2.6,99.3,0.29000000000000004,0.361,0.5730000000000001,NA,0.532,13.4,23.8,0.227,0.55,13.1,77.7,0.21100000000000002,,728405,17766,FALSE
2023,25,Indiana Pacers,24.5,35,47,33,49,-3.18,0.28,-2.9099999999999997,114.6,117.7,-3.1,101.1,0.265,0.41300000000000003,0.581,NA,0.545,13,23.4,0.20900000000000002,0.554,13,72.2,0.229,,641562,15648,FALSE
2023,26,Portland Trail Blazers,25.1,33,49,31,51,-4.01,0.05,-3.96,114.8,118.8,-4,98.6,0.28900000000000003,0.41300000000000003,0.589,NA,0.549,13.1,22.4,0.23,0.5630000000000001,12.1,74.9,0.21700000000000003,,767374,18716,FALSE
2023,27,Charlotte Hornets,25.3,27,55,26,56,-6.24,0.35,-5.89,109.2,115.3,-6.1,100.8,0.261,0.36,0.55,NA,0.516,12.3,23.8,0.195,0.544,12.5,75.5,0.21100000000000002,,702052,17123,FALSE
2023,28,Houston Rockets,22.1,22,60,23,59,-7.85,0.24000000000000002,-7.619999999999999,111.4,119.3,-7.9,99,0.28500000000000003,0.359,0.554,NA,0.516,14,30.2,0.21500000000000002,0.5640000000000001,11.8,75.8,0.21800000000000003,,668865,16314,FALSE
2023,29,Detroit Pistons,24.1,17,65,22,60,-8.219999999999999,0.49,-7.73,110.7,118.9,-8.2,99,0.29500000000000004,0.372,0.561,NA,0.52,13.3,24.9,0.227,0.557,11.9,74,0.231,,759715,18596,FALSE
2023,30,San Antonio Spurs,23.9,22,60,19,63,-10.04,0.22,-9.82,110.2,120,-9.8,101.6,0.229,0.348,0.554,NA,0.525,13,25.6,0.17,0.5760000000000001,12,74.9,0.201,,694434,15508,FALSE
2024,1,Boston Celtics,28.2,64,18,66,16,11.34,-0.6,10.75,123.2,111.6,11.6,97.2,0.224,0.47100000000000003,0.609,NA,0.5780000000000001,10.8,24.9,0.18,0.523,10.8,76.3,0.14500000000000002,,785396,19156,TRUE
2024,2,Oklahoma City Thunder,23.4,57,25,58,24,7.41,-0.05,7.359999999999999,119.5,112.1,7.4,99.8,0.24000000000000002,0.383,0.608,NA,0.5730000000000001,11.4,21.1,0.198,0.53,13.6,73.8,0.202,,715509,17451,TRUE
2024,3,Minnesota Timberwolves,27.2,56,26,57,25,6.45,-0.07,6.39,115.6,109,6.6,97.1,0.27,0.384,0.594,NA,0.559,13,23.2,0.20900000000000002,0.515,12.9,76.9,0.197,,738984,18024,TRUE
2024,4,Denver Nuggets,27.1,57,25,54,28,5.26,-0.03,5.23,118.5,113,5.5,96.8,0.224,0.352,0.589,NA,0.562,11.5,25.5,0.17,0.526,11.2,75.6,0.195,,807062,19684,TRUE
2024,5,New York Knicks,26.4,50,32,53,29,4.59,-0.23,4.359999999999999,118.2,113.4,4.8,95.2,0.24600000000000002,0.404,0.5740000000000001,NA,0.54,11.9,29.4,0.192,0.543,12.3,76.1,0.17600000000000002,,808885,19729,TRUE
2024,6,New Orleans Pelicans,26,49,33,52,30,4.41,0.05,4.46,117.4,112.9,4.5,97.9,0.261,0.373,0.591,NA,0.558,11.8,24.4,0.202,0.541,12.9,76.9,0.186,,692054,17301,TRUE
2024,7,Los Angeles Clippers,30.4,51,31,49,33,3.2800000000000002,0.13,3.4099999999999997,118.8,115.4,3.4,97.2,0.256,0.383,0.599,NA,0.561,12,24.4,0.21100000000000002,0.541,11.7,74.8,0.183,,776782,18946,TRUE
2024,8,Philadelphia 76ers,28.4,47,35,49,33,3.05,-0.54,2.51,116.9,113.8,3.1,97.5,0.264,0.373,0.5740000000000001,NA,0.532,10.7,24.8,0.21800000000000003,0.537,13.1,74.3,0.21500000000000002,,821714,20042,TRUE
2024,9,Phoenix Suns,29.3,49,33,49,33,3.06,0.02,3.08,117.6,114.6,3,98.3,0.271,0.378,0.603,NA,0.5650000000000001,13.4,25,0.21900000000000003,0.536,11.3,75.6,0.17800000000000002,,699911,17071,TRUE
2024,10,Indiana Pacers,25.3,47,35,48,34,3.05,-0.3,2.75,121,118,3,101.7,0.222,0.38,0.606,NA,0.5780000000000001,11.3,23.8,0.17300000000000001,0.556,12.1,74.1,0.228,,677554,16526,TRUE
2024,11,Golden State Warriors,28.4,46,36,47,35,2.61,0.16,2.77,117.8,115.2,2.6,99.2,0.21900000000000003,0.42500000000000004,0.586,NA,0.557,12.5,27.5,0.171,0.539,11.5,76.1,0.195,,740624,18064,FALSE
2024,12,Milwaukee Bucks,30.2,49,33,47,35,2.62,-0.18,2.44,118.4,115.8,2.6,99.9,0.27,0.43000000000000005,0.601,NA,0.5680000000000001,11.5,21.8,0.20900000000000002,0.539,10.6,77.2,0.189,,740850,17659,TRUE
2024,13,Cleveland Cavaliers,26.2,48,34,47,35,2.4099999999999997,-0.44,1.98,115.2,112.7,2.5,97.2,0.234,0.42200000000000004,0.586,NA,0.557,12.4,23.2,0.17900000000000002,0.535,12.3,76.9,0.19,,793167,19432,TRUE
2024,14,Dallas Mavericks,26.5,50,32,46,36,2.21,0.09,2.3,117.6,115.4,2.2,100.1,0.251,0.441,0.592,NA,0.562,11.2,22.2,0.19,0.548,12.1,75.2,0.184,,828897,20217,TRUE
2024,15,Orlando Magic,24,47,35,46,36,2.02,-0.55,1.48,113.4,111.3,2.1,96.9,0.28700000000000003,0.369,0.5770000000000001,NA,0.541,13.3,25.3,0.21800000000000003,0.543,13.8,78.1,0.20600000000000002,,773939,18849,TRUE
2024,16,Miami Heat,28,46,36,46,36,1.76,-0.6599999999999999,1.1,114,112.2,1.8,96.2,0.257,0.394,0.5780000000000001,NA,0.538,11.7,21.8,0.21000000000000002,0.543,12.7,78.1,0.17400000000000002,,809743,19750,TRUE
2024,17,Sacramento Kings,26.4,46,36,45,37,1.74,0.55,2.29,116.9,115.2,1.7,98.8,0.229,0.43200000000000005,0.582,NA,0.556,11.6,24.5,0.171,0.555,12.5,78.4,0.21300000000000002,,735015,17927,FALSE
2024,18,Houston Rockets,25.1,41,41,44,38,1.12,0.12000000000000001,1.24,114.5,113.4,1.1,99,0.257,0.397,0.5650000000000001,NA,0.529,11.2,25.1,0.199,0.533,12.2,76,0.21900000000000003,,720045,17562,FALSE
2024,19,Los Angeles Lakers,28,47,35,42,40,0.6,0.48000000000000004,1.07,115.9,115.3,0.6,100.9,0.276,0.358,0.601,NA,0.5660000000000001,12.5,19.9,0.21600000000000003,0.55,11.7,76.2,0.15300000000000002,,793945,18925,TRUE
2024,20,Chicago Bulls,28.1,39,43,37,45,-1.44,-0.32999999999999996,-1.77,114.9,116.3,-1.4,96.3,0.23600000000000002,0.358,0.5680000000000001,NA,0.534,11,25.1,0.187,0.556,12.7,76.4,0.195,,845620,20625,FALSE
2024,21,Atlanta Hawks,26.2,36,46,36,46,-2.18,-0.19,-2.38,117.2,119.4,-2.2,100.1,0.251,0.40800000000000003,0.5760000000000001,NA,0.539,11.6,27.1,0.2,0.5720000000000001,12.4,75.2,0.192,,696418,16986,FALSE
2024,22,Brooklyn Nets,26.1,32,50,34,48,-2.8899999999999997,-0.13,-3.02,113.2,116.1,-2.9,96.9,0.234,0.41200000000000003,0.561,NA,0.531,11.8,25.2,0.17700000000000002,0.543,11.4,76,0.193,,720291,17568,FALSE
2024,23,Utah Jazz,25.1,31,51,29,53,-4.89,0.6799999999999999,-4.22,115.5,120.4,-4.9,99.5,0.251,0.406,0.5790000000000001,NA,0.539,13.6,28.1,0.20900000000000002,0.5670000000000001,10.9,75.2,0.182,,746446,18206,FALSE
2024,24,San Antonio Spurs,23,22,60,26,56,-6.49,0.69,-5.8,110,116.4,-6.4,101.1,0.22,0.401,0.5630000000000001,NA,0.532,13.2,22.9,0.17200000000000001,0.555,11.7,76.4,0.17400000000000002,,742522,18211,FALSE
2024,25,Toronto Raptors,25.9,25,57,26,56,-6.44,-0.01,-6.45,112.3,118.8,-6.5,99.4,0.24100000000000002,0.369,0.5660000000000001,NA,0.535,12.4,24.2,0.182,0.5660000000000001,12.2,73.9,0.17200000000000001,,800129,19515,FALSE
2024,26,Memphis Grizzlies,24.4,27,55,24,58,-7,0.43000000000000005,-6.57,107.2,114.3,-7.1,98.2,0.23800000000000002,0.42800000000000005,0.543,NA,0.509,13.4,23.8,0.182,0.551,13.5,74.8,0.195,,681875,16631,FALSE
2024,27,Detroit Pistons,23.8,14,68,20,62,-9.11,0.05,-9.06,109.7,118.8,-9.1,99.8,0.24600000000000002,0.36,0.562,NA,0.526,13.5,23.9,0.193,0.558,11.1,77.3,0.221,,726378,18159,FALSE
2024,28,Washington Wizards,24.9,15,67,20,62,-9.29,0,-9.29,110.5,119.6,-9.1,102.7,0.221,0.389,0.5670000000000001,NA,0.538,12.2,20,0.169,0.562,12,72.5,0.201,,692851,16899,FALSE
2024,29,Portland Trail Blazers,24.1,21,61,20,62,-9.02,0.74,-8.29,108.3,117.5,-9.2,97.2,0.228,0.37,0.539,NA,0.503,13.4,27.5,0.181,0.558,12.8,74,0.21600000000000003,,751395,18327,FALSE
2024,30,Charlotte Hornets,25.1,21,61,18,64,-10.239999999999998,0.13,-10.12,109.3,119.8,-10.5,97.3,0.21200000000000002,0.391,0.56,NA,0.529,12.6,21.1,0.167,0.5720000000000001,12.3,74.5,0.188,,674400,16449,FALSE
2025,1,Oklahoma City Thunder,24.8,68,14,68,14,12.870000000000001,-0.16,12.7,120.3,107.5,12.8,100,0.22,0.41900000000000004,0.593,NA,0.56,10.3,24.2,0.18,0.513,14.9,74.6,0.21100000000000002,,754832,17973,TRUE
2025,2,Boston Celtics,28.9,61,21,62,20,9.11,-0.8300000000000001,8.28,120.6,111.1,9.5,95.7,0.21200000000000002,0.536,0.591,NA,0.561,10.8,25.7,0.169,0.522,11.6,76,0.15400000000000003,,785396,19156,TRUE
2025,3,Cleveland Cavaliers,26.6,64,18,62,20,9.54,-0.73,8.81,121.7,112.2,9.5,99.8,0.24100000000000002,0.457,0.607,NA,0.5780000000000001,11.6,25.9,0.187,0.528,12.6,74.8,0.181,,796712,19432,TRUE
2025,4,Minnesota Timberwolves,27.2,49,33,53,29,5,0.15000000000000002,5.1499999999999995,116.6,111.5,5.1,97.3,0.24900000000000003,0.455,0.588,NA,0.554,13,25.8,0.196,0.532,13.2,75.1,0.17800000000000002,,772249,18835,TRUE
2025,5,Los Angeles Clippers,29.7,50,32,53,29,4.659999999999999,0.18,4.84,115.1,110.3,4.8,97.5,0.251,0.387,0.589,NA,0.554,13.4,24.4,0.2,0.536,13.7,77.5,0.189,,679593,16575,TRUE
2025,6,Memphis Grizzlies,24.7,48,34,52,30,4.85,-0.06,4.79,117.7,113,4.7,103.3,0.24900000000000003,0.406,0.588,NA,0.554,13.1,28.7,0.196,0.533,12.9,74.9,0.20600000000000002,,683067,16660,TRUE
2025,7,Houston Rockets,24.9,52,30,52,30,4.51,0.45,4.970000000000001,115.3,110.8,4.5,98.6,0.24200000000000002,0.384,0.553,NA,0.523,11.8,31.7,0.17800000000000002,0.528,12.8,76.2,0.186,,716853,17484,TRUE
2025,8,New York Knicks,27.5,51,31,51,31,4.1,-0.51,3.59,118.5,114.3,4.2,96.7,0.232,0.382,0.589,NA,0.556,11.9,26,0.186,0.549,13.1,74.5,0.17600000000000002,,811794,19800,TRUE
2025,9,Denver Nuggets,27,50,32,50,32,3.8899999999999997,0.08,3.9699999999999998,119.9,116,3.9,99.8,0.259,0.356,0.604,NA,0.5730000000000001,12.5,26.7,0.2,0.542,11.3,74.6,0.17300000000000001,,811211,19786,TRUE
2025,10,Golden State Warriors,28.6,48,34,49,33,3.3,0.25,3.56,115,111.7,3.3,98.7,0.24400000000000002,0.46900000000000003,0.5680000000000001,NA,0.536,12.3,27.3,0.187,0.541,14.1,75.6,0.189,,740624,18064,TRUE
2025,11,Milwaukee Bucks,29.3,48,34,47,35,2.48,-0.36,2.12,115.9,113.4,2.5,99.3,0.268,0.42400000000000004,0.598,NA,0.5680000000000001,12.2,19.3,0.201,0.533,11.4,76.2,0.17400000000000002,,732014,17437,TRUE
2025,12,Indiana Pacers,25.8,50,32,46,36,2.23,-0.55,1.6800000000000002,116.5,114.3,2.2,99.9,0.24100000000000002,0.4,0.594,NA,0.562,11.8,21.3,0.19,0.546,13.1,74.5,0.19,,685434,16737,TRUE
2025,13,Detroit Pistons,25.8,44,38,46,36,1.9,-0.17,1.73,115,113.1,1.9,99.8,0.24800000000000003,0.394,0.58,NA,0.547,13,26.2,0.192,0.539,13.3,76,0.21400000000000002,,781929,19071,TRUE
2025,14,Los Angeles Lakers,27.9,50,32,44,38,1.22,0.23,1.45,115.9,114.7,1.2,97.6,0.271,0.42500000000000004,0.593,NA,0.557,12.7,23.3,0.21300000000000002,0.539,12.2,74.5,0.17800000000000002,,767626,18723,TRUE
2025,15,Miami Heat,26.8,37,45,42,40,0.56,-0.45,0.11,113.5,112.9,0.6,96.2,0.232,0.42900000000000005,0.5760000000000001,NA,0.544,12.4,22.3,0.183,0.543,12.5,75.8,0.15700000000000003,,808337,19716,TRUE
2025,16,Sacramento Kings,27.8,40,42,42,40,0.48000000000000004,0.11,0.58,116.7,116.2,0.5,98.2,0.23500000000000001,0.391,0.582,NA,0.548,11.8,25.4,0.19,0.557,12.5,76.9,0.2,,696409,16986,FALSE
2025,17,Orlando Magic,24.9,41,41,41,41,-0.12000000000000001,-0.58,-0.7,109.4,109.6,-0.2,96.1,0.269,0.41100000000000003,0.55,NA,0.51,12.9,25.3,0.20800000000000002,0.538,15,77,0.22,,762121,18588,TRUE
2025,18,Atlanta Hawks,24.9,40,42,38,44,-1.1300000000000001,-0.28,-1.41,114.6,115.7,-1.1,102.6,0.252,0.41000000000000003,0.5790000000000001,NA,0.546,13.2,26.3,0.196,0.56,13.8,76,0.202,,657613,16440,FALSE
2025,19,Dallas Mavericks,27.5,39,43,38,44,-1.2,0.46,-0.74,114.8,116,-1.2,99.2,0.263,0.389,0.583,NA,0.549,12.5,23.3,0.203,0.54,11.6,73.1,0.17900000000000002,,803174,20079,FALSE
2025,20,Chicago Bulls,25.2,39,43,37,45,-1.56,-0.27,-1.83,114.1,115.6,-1.5,102.8,0.21400000000000002,0.457,0.585,NA,0.553,12.7,22.3,0.17300000000000001,0.539,10.8,76.6,0.17800000000000002,,825659,20138,FALSE
2025,21,San Antonio Spurs,26,34,48,34,48,-2.7600000000000002,0.31,-2.4499999999999997,114.4,117.2,-2.8,99.3,0.234,0.441,0.5750000000000001,NA,0.544,12.3,24.3,0.181,0.551,12,73,0.15800000000000003,,731474,17976,FALSE
2025,22,Portland Trail Blazers,23.8,36,46,33,49,-2.98,0.31,-2.67,111.7,114.7,-3,98.8,0.24600000000000002,0.41800000000000004,0.555,NA,0.521,13.8,29.2,0.187,0.543,13.6,72.5,0.20400000000000001,,719369,17546,FALSE
2025,23,Phoenix Suns,29.1,36,46,34,48,-3,0.45,-2.55,116.2,119.3,-3.1,97.1,0.24100000000000002,0.44,0.595,NA,0.561,12.8,22.6,0.195,0.552,10.9,74.1,0.191,,699911,17071,FALSE
2025,24,Toronto Raptors,24.5,30,52,30,52,-4.29,-0.11,-4.4,110.5,114.8,-4.3,99.7,0.232,0.373,0.553,NA,0.522,13.3,27.3,0.17300000000000001,0.541,13.2,73.9,0.222,,768573,18746,FALSE
2025,25,Philadelphia 76ers,27.1,24,58,26,56,-6.23,-0.06,-6.29,111.9,118.2,-6.3,97.4,0.257,0.42600000000000005,0.5630000000000001,NA,0.527,12.3,23.4,0.201,0.5700000000000001,14.3,71.8,0.194,,813621,19844,FALSE
2025,26,Brooklyn Nets,24.7,26,56,23,59,-7.109999999999999,0.16,-6.95,108.5,115.8,-7.3,96.4,0.24000000000000002,0.458,0.552,NA,0.516,13.7,24.5,0.189,0.557,13.7,75,0.21800000000000003,,713304,17398,FALSE
2025,27,Utah Jazz,23.9,17,65,20,62,-9.34,0.8300000000000001,-8.51,111.2,120.4,-9.2,100,0.252,0.449,0.5680000000000001,NA,0.533,14.9,26.9,0.195,0.559,10.3,74.1,0.185,,745175,18175,FALSE
2025,28,Charlotte Hornets,25.1,19,63,20,62,-9.11,0.01,-9.1,107.3,116.6,-9.3,97.6,0.222,0.43000000000000005,0.537,NA,0.503,13.7,26.5,0.17400000000000002,0.547,11.9,74.5,0.19,,703935,17169,FALSE
2025,29,New Orleans Pelicans,25.9,21,61,20,62,-9.43,0.8400000000000001,-8.59,110.4,119.9,-9.5,99.1,0.24400000000000002,0.385,0.552,NA,0.519,12.8,26.3,0.184,0.5640000000000001,12.3,72.7,0.19,,689400,16815,FALSE
2025,30,Washington Wizards,23.5,18,64,15,67,-12.44,0.3,-12.139999999999999,106.8,119.1,-12.3,100.9,0.229,0.43500000000000005,0.546,NA,0.512,13.6,22.7,0.17800000000000002,0.548,11.4,71.9,0.202,,663691,16084,FALSE
2026,1,Oklahoma City Thunder,25.2,64,18,65,17,11.15,-0.11,11.04,118.9,107.7,11.2,99.3,0.261,0.42600000000000005,0.599,NA,0.561,11.2,22.3,0.21300000000000002,0.519,14.6,74.4,0.184,,764842,18203,TRUE
2026,2,San Antonio Spurs,25.4,62,20,60,22,8.3,-0.03,8.28,119.6,111.3,8.3,99.9,0.274,0.42200000000000004,0.595,NA,0.559,11.8,26.2,0.21500000000000002,0.522,11.5,77.3,0.18,,743129,18703,TRUE
2026,3,Detroit Pistons,26.1,60,22,60,22,8.16,-0.63,7.53,117.9,109.7,8.2,99.3,0.29200000000000004,0.345,0.583,NA,0.546,13,30.9,0.223,0.517,14.8,74.2,0.251,,806422,19651,TRUE
2026,4,Boston Celtics,26.9,56,26,59,23,7.7,-0.32999999999999996,7.37,120.8,112.7,8.1,94.8,0.20700000000000002,0.467,0.583,NA,0.553,11.2,29.2,0.167,0.523,11.4,75.7,0.189,,785396,19156,TRUE
2026,5,New York Knicks,28.1,53,29,56,26,6.33,-0.28,6.05,119.8,113.3,6.5,96.8,0.23800000000000002,0.42800000000000005,0.59,NA,0.557,12.1,29.3,0.188,0.541,13.1,76.7,0.20600000000000002,,792480,19812,TRUE
2026,6,Houston Rockets,26.5,52,30,54,28,5.22,-0.35,4.87,118.6,113.2,5.4,96.1,0.26,0.35,0.5760000000000001,NA,0.542,13.3,34.8,0.199,0.53,12.1,74.5,0.189,,740378,18058,TRUE
2026,7,Denver Nuggets,27.8,54,28,53,29,5.1499999999999995,-0.17,4.970000000000001,122.6,117.4,5.2,98.4,0.29400000000000004,0.40800000000000003,0.616,NA,0.5770000000000001,11.5,23.6,0.23700000000000002,0.543,10.4,75.3,0.196,,812868,19826,TRUE
2026,8,Charlotte Hornets,24,44,38,53,29,4.83,-0.35,4.48,119.4,114.4,5,96.8,0.24400000000000002,0.48700000000000004,0.589,NA,0.552,13.5,30.5,0.2,0.54,11.6,76.6,0.186,,767319,18715,FALSE
2026,9,Cleveland Cavaliers,27.2,52,30,51,31,4.109999999999999,-0.33999999999999997,3.7800000000000002,119.2,115.1,4.1,99.9,0.265,0.442,0.595,NA,0.561,12.2,26.9,0.20600000000000002,0.543,13.1,74.4,0.20900000000000002,,796712,19432,TRUE
2026,10,Minnesota Timberwolves,27.9,49,33,49,33,3.3499999999999996,-0.28,3.07,116.8,113.5,3.3,100.5,0.28500000000000003,0.42000000000000004,0.592,NA,0.559,12.9,25.7,0.21500000000000002,0.529,13,73.7,0.22,,732465,17865,TRUE
2026,11,Toronto Raptors,24.8,46,36,48,34,2.8299999999999996,-0.08,2.75,115.9,113,2.9,98.4,0.265,0.363,0.581,NA,0.546,12.2,25.5,0.20400000000000001,0.54,14.3,74,0.222,,772141,18833,TRUE
2026,12,Atlanta Hawks,25.2,46,36,47,35,2.4099999999999997,-0.03,2.38,116.1,113.7,2.4,101.7,0.234,0.42900000000000005,0.584,NA,0.554,12.3,24.4,0.181,0.546,13.9,74.5,0.20600000000000002,,670581,16356,TRUE
2026,13,Miami Heat,26.2,43,39,47,35,2.3299999999999996,0.02,2.3499999999999996,116.7,114.5,2.2,103.4,0.268,0.406,0.58,NA,0.542,11.6,25.4,0.21200000000000002,0.54,12.8,74.9,0.193,,808063,19709,FALSE
2026,14,Los Angeles Lakers,28,53,29,45,37,1.76,-0.07,1.6800000000000002,118.2,116.4,1.8,98.3,0.32,0.394,0.609,NA,0.5730000000000001,13.2,23.9,0.24400000000000002,0.555,13,74.3,0.191,,773047,18855,TRUE
2026,15,Phoenix Suns,26.8,45,37,45,37,1.46,0.28,1.75,115.4,113.9,1.5,97.2,0.225,0.453,0.5680000000000001,NA,0.537,12.8,28.9,0.17600000000000002,0.541,14.5,71.9,0.21700000000000003,,699911,17071,TRUE
2026,16,Los Angeles Clippers,30,42,40,44,38,1.1300000000000001,-0.17,0.96,117.3,116.1,1.2,96.5,0.29500000000000004,0.404,0.602,NA,0.559,13.2,23.7,0.24300000000000002,0.545,12.9,72.9,0.197,,722504,17622,FALSE
2026,17,Orlando Magic,24.7,45,37,43,39,0.63,0.17,0.81,114.9,114.3,0.6,100,0.311,0.386,0.5760000000000001,NA,0.531,12.4,25,0.24900000000000003,0.545,13.1,75.6,0.223,,768906,18462,TRUE
2026,18,Philadelphia 76ers,25.5,45,37,41,41,-0.18,-0.09,-0.27,115.4,115.5,-0.1,99.4,0.275,0.391,0.5720000000000001,NA,0.53,11.9,26.2,0.222,0.541,13.3,72.5,0.21200000000000002,,778871,18997,TRUE
2026,19,Portland Trail Blazers,25.2,42,40,40,42,-0.29000000000000004,0.01,-0.29000000000000004,114.4,114.7,-0.3,100.5,0.28,0.46900000000000003,0.5700000000000001,NA,0.534,14.6,31.3,0.21400000000000002,0.541,13.5,72.7,0.21500000000000002,,718863,17533,TRUE
2026,20,Golden State Warriors,28.6,37,45,40,42,-0.56,0.22,-0.33999999999999997,115,115.6,-0.6,99,0.23800000000000002,0.497,0.584,NA,0.549,13.8,25.8,0.192,0.553,14,72.9,0.198,,740624,18064,FALSE
2026,21,New Orleans Pelicans,24.1,26,56,30,52,-4.5,0.24000000000000002,-4.26,114.4,118.9,-4.5,100.3,0.28400000000000003,0.355,0.5680000000000001,NA,0.527,12.2,27,0.222,0.555,12.4,71.4,0.199,,675507,16476,FALSE
2026,22,Chicago Bulls,25.3,31,51,29,53,-5.21,0.12000000000000001,-5.09,113,118.1,-5.1,102.5,0.24600000000000002,0.443,0.58,NA,0.547,13.3,23.1,0.191,0.553,11.1,75.5,0.19,,829997,20244,FALSE
2026,23,Dallas Mavericks,26.2,26,56,28,54,-5.51,0.18,-5.33,111.2,116.5,-5.3,101.7,0.28700000000000003,0.355,0.5640000000000001,NA,0.527,12.6,23.2,0.21700000000000003,0.546,11.4,74.1,0.183,,790821,19288,FALSE
2026,24,Memphis Grizzlies,24.6,25,57,27,55,-6.01,0.18,-5.83,112.9,118.8,-5.9,101.3,0.251,0.43600000000000005,0.5700000000000001,NA,0.533,13,24.7,0.199,0.562,13.3,70.9,0.203,,632000,15339,FALSE
2026,25,Milwaukee Bucks,27.1,32,50,26,56,-6.21,0.09,-6.119999999999999,112.9,119.3,-6.4,97.6,0.223,0.457,0.589,NA,0.5650000000000001,13.9,21.1,0.163,0.558,11.7,74.1,0.21500000000000002,,682644,16650,FALSE
2026,26,Indiana Pacers,26.1,19,63,23,59,-7.99,0.35,-7.64,110.9,118.8,-7.9,101,0.252,0.42200000000000004,0.5680000000000001,NA,0.533,12.8,21.7,0.196,0.556,11.7,74.1,0.21800000000000003,,682287,16641,FALSE
2026,27,Utah Jazz,24.1,22,60,23,59,-8.43,0.38,-8.05,114.1,122.3,-8.2,102.3,0.277,0.402,0.5750000000000001,NA,0.536,13.2,26.2,0.21800000000000003,0.5780000000000001,12.4,72.9,0.227,,745626,18186,FALSE
2026,28,Sacramento Kings,28.3,22,60,19,63,-10,0.42000000000000004,-9.58,111.4,121.5,-10.1,99.2,0.256,0.33899999999999997,0.56,NA,0.525,12.6,25.9,0.198,0.5720000000000001,12.3,73.5,0.21600000000000003,,661735,16140,FALSE
2026,29,Brooklyn Nets,23.5,20,62,18,64,-9.99,0.29000000000000004,-9.7,108.7,119,-10.3,97.1,0.272,0.455,0.559,NA,0.52,14.3,23.6,0.21200000000000002,0.5710000000000001,13.2,74,0.225,,713896,17412,FALSE
2026,30,Washington Wizards,23.5,17,65,16,66,-11.98,0.36,-11.62,111,122.7,-11.7,101.4,0.23500000000000001,0.403,0.5660000000000001,NA,0.535,13.6,24.1,0.18,0.5630000000000001,11.7,70.2,0.232,,660376,16107,FALSE
