season,opp_ranker,team,opp_g,opp_mp,opp_opp_fg,opp_opp_fga,opp_opp_fg_pct,opp_opp_fg3,opp_opp_fg3a,opp_opp_fg3_pct,opp_opp_fg2,opp_opp_fg2a,opp_opp_fg2_pct,opp_opp_ft,opp_opp_fta,opp_opp_ft_pct,opp_opp_orb,opp_opp_drb,opp_opp_trb,opp_opp_ast,opp_opp_stl,opp_opp_blk,opp_opp_tov,opp_opp_pf,opp_opp_pts,made_playoffs
2000,1,Los Angeles Lakers,82,19805,36.8,88.6,0.41600000000000004,4.8,14.8,0.326,32,73.8,0.43400000000000005,19.7,26.5,0.742,13.1,32.9,45.9,20.7,8.1,4.5,15.5,27.3,98.2,TRUE
2000,2,San Antonio Spurs,82,19855,38.4,90.3,0.42500000000000004,4.7,13.8,0.34299999999999997,33.7,76.5,0.44,17,23,0.739,13.1,32.1,45.2,22.2,8.6,5.7,15.7,25.2,98.6,TRUE
2000,3,Phoenix Suns,82,19805,36.4,85.9,0.42400000000000004,5.2,14.8,0.352,31.2,71.1,0.43900000000000006,21,28.4,0.739,13.8,31.8,45.6,21.9,9.4,5.5,18.3,23.1,99,TRUE
2000,4,Philadelphia 76ers,82,19830,37.4,86.1,0.43500000000000005,5.4,15.3,0.356,32,70.8,0.452,19.7,26.1,0.755,13.9,32.7,46.6,23.9,8.2,6.9,18.9,25.8,100,TRUE
2000,5,Portland Trail Blazers,82,19780,38.1,88.5,0.43100000000000005,5.3,16.1,0.32999999999999996,32.8,72.4,0.453,19.2,26.8,0.716,13.2,30,43.2,23,8.8,4.7,16,25.3,100.8,TRUE
2000,6,New York Knicks,82,19830,36.8,86.8,0.42400000000000004,5.5,16.2,0.33799999999999997,31.3,70.6,0.444,21.8,29.2,0.747,12.6,33.1,45.7,21.8,8.2,4.8,15.8,24.4,100.9,TRUE
2000,7,Miami Heat,82,19830,37.5,89,0.42200000000000004,5.5,15.3,0.361,32,73.8,0.43400000000000005,20.4,27.3,0.748,13.1,31.6,44.7,21.4,8.4,4.9,15.5,24.2,101,TRUE
2000,8,Charlotte Hornets,82,19780,39.4,88,0.448,5.3,14,0.378,34.1,74,0.461,17.4,23.3,0.745,12.5,32.9,45.4,24.6,7.8,5.4,16.8,26.8,101.4,TRUE
2000,9,Orlando Magic,82,19755,38.4,86.4,0.445,5.4,15.9,0.33799999999999997,33,70.4,0.46900000000000003,19.6,26.3,0.745,13.7,30.9,44.5,24.9,9,5.9,18.6,25.1,101.7,FALSE
2000,10,Sacramento Kings,82,19805,39.9,88.4,0.452,4.8,13.7,0.353,35.1,74.6,0.47000000000000003,17.5,23.3,0.751,14,33.7,47.6,23.8,9.2,4.9,17.5,23.7,102.1,TRUE
2000,11,Utah Jazz,82,19755,37.7,84.6,0.446,5.3,14.9,0.354,32.4,69.7,0.465,21.7,29,0.746,12,30.3,42.3,22,8,5.6,17.2,27.4,102.3,TRUE
2000,12,Minnesota Timberwolves,82,19905,38.4,86.4,0.445,5,14,0.356,33.4,72.4,0.462,21.6,28.7,0.752,12,32.1,44.1,22.8,7.8,4.5,16.2,22.1,103.4,TRUE
2000,13,Indiana Pacers,82,19730,40.7,91.2,0.446,4.3,13.1,0.327,36.4,78.1,0.466,18,23.8,0.755,13.6,33.3,46.9,22.7,8,4.2,14.7,25,103.6,TRUE
2000,14,Cleveland Cavaliers,82,19855,37.7,85.1,0.443,5.3,15.5,0.34199999999999997,32.4,69.6,0.465,23.4,30.1,0.776,12.8,32.7,45.5,24.5,8.3,6.3,17.5,26,104,FALSE
2000,15,Seattle SuperSonics,82,19780,40.7,90.2,0.451,5.7,16.8,0.33999999999999997,35,73.4,0.47700000000000004,17.5,23.3,0.748,14.1,33.9,48,25.2,7.7,5.6,16.3,23.9,104.6,TRUE
2000,16,Chicago Bulls,82,19805,39.5,86.7,0.456,4.9,14.2,0.34099999999999997,34.7,72.4,0.47800000000000004,20.8,28,0.741,13.5,32.7,46.3,25.8,11.6,6.2,16.9,26.6,104.6,FALSE
2000,17,Toronto Raptors,82,19755,39.4,86.9,0.454,4.5,13.4,0.33899999999999997,34.9,73.5,0.47500000000000003,21.4,28.1,0.764,12.6,33.5,46.2,23.5,7.3,5.7,16.4,24.6,104.9,TRUE
2000,18,Boston Celtics,82,19730,38.1,81.1,0.47000000000000003,4.6,12.8,0.361,33.4,68.3,0.49,24.8,33,0.753,11,32.6,43.6,23.1,8.2,6.1,17.9,24.8,105.6,FALSE
2000,19,Houston Rockets,82,19830,41.4,90.9,0.456,4.5,12.7,0.354,37,78.2,0.47300000000000003,18.3,23.5,0.779,13.2,31.5,44.7,23.9,9.4,5.6,14.5,23.6,105.7,FALSE
2000,20,Detroit Pistons,82,19830,39.5,84.8,0.465,5.8,15.6,0.371,33.7,69.2,0.48600000000000004,21.1,28.3,0.746,12.3,31.7,44,24,8.2,5,17.7,28.1,105.8,TRUE
2000,21,Denver Nuggets,82,19855,39.9,88.7,0.45,5.1,14.4,0.354,34.8,74.3,0.46900000000000003,20.8,27.7,0.751,13.1,33.2,46.4,25.6,7.9,5.9,15,24.7,105.8,FALSE
2000,22,New Jersey Nets,82,19830,40.9,88.2,0.464,4.8,13.3,0.363,36.1,74.9,0.48100000000000004,19.7,26.3,0.747,14.8,34.8,49.5,24.4,7.4,6.1,17.9,24.5,106.3,FALSE
2000,23,Washington Wizards,82,19805,39.3,85.6,0.459,5.1,13.7,0.371,34.2,71.8,0.47600000000000003,23.4,31.4,0.744,12.6,31.6,44.2,23.4,9,6.6,16,25.7,107,FALSE
2000,24,Dallas Mavericks,82,19730,41.3,90.4,0.457,5.5,15.9,0.345,35.8,74.4,0.48100000000000004,19,25.7,0.74,16,34.8,50.9,24.4,7.7,5.3,16.9,23.2,107.2,FALSE
2000,25,Milwaukee Bucks,82,19855,39.5,86.6,0.457,6.9,17.7,0.391,32.6,68.9,0.47300000000000003,22,29.2,0.752,13.5,30.9,44.4,25.9,8.3,4.4,17,24.4,107.9,TRUE
2000,26,Atlanta Hawks,82,19830,42.4,93.1,0.455,4.9,13.4,0.367,37.4,79.7,0.46900000000000003,18.2,23.7,0.769,13.9,32.6,46.5,24.9,8.6,5.3,13.2,24.1,107.9,FALSE
2000,27,Golden State Warriors,82,19755,40.3,86.3,0.467,5.4,14.8,0.367,34.9,71.5,0.48800000000000004,22.3,29.6,0.754,13.9,34.3,48.2,25.9,8.8,6.3,17,24,108.4,FALSE
2000,28,Vancouver Grizzlies,82,19855,41.7,87.9,0.47400000000000003,4.8,14.4,0.33299999999999996,36.9,73.5,0.502,20.3,26.4,0.769,12.9,31,43.9,25.7,9.6,6.9,16.4,25.4,108.5,FALSE
2000,29,Los Angeles Clippers,82,19705,42.5,89.2,0.47700000000000004,5.4,14,0.387,37.1,75.2,0.494,19.6,26.5,0.741,13.5,35,48.5,25.6,8.1,4.9,15.2,22.4,110.1,FALSE
2001,1,Phoenix Suns,82,19805,36.3,83.6,0.43500000000000005,4.3,12.2,0.349,32.1,71.4,0.449,21.1,27.7,0.761,11.7,33.7,45.4,21.5,8.9,5.4,18.6,23.7,98,TRUE
2001,2,San Antonio Spurs,82,19830,38.3,91.5,0.41900000000000004,4.6,14.1,0.329,33.7,77.4,0.43500000000000005,16.7,22.5,0.741,13.1,32.9,45.9,21.8,8.1,5.8,15,26.3,98,TRUE
2001,3,New York Knicks,82,19905,35.7,85.7,0.41700000000000004,6.2,17.6,0.352,29.5,68.1,0.43400000000000005,20.6,28,0.733,12.1,33.6,45.8,21.9,8.3,4.7,16.9,24.4,98.2,TRUE
2001,4,Miami Heat,82,19880,37.4,86.8,0.43100000000000005,5,15.1,0.33099999999999996,32.5,71.7,0.452,18.6,25.2,0.737,12.7,35,47.7,19.7,8.3,5.9,17.7,25.3,98.5,TRUE
2001,5,Philadelphia 76ers,82,19855,38.3,89.4,0.42900000000000005,5.7,16.7,0.34199999999999997,32.6,72.7,0.448,16.6,22.1,0.749,13.1,31.6,44.7,23.6,9,6.1,16.8,25.9,98.9,TRUE
2001,6,Charlotte Hornets,82,19880,37.4,87.8,0.42600000000000005,5.3,14.6,0.36,32.1,73.2,0.43900000000000006,19.5,25.8,0.756,12,32.9,44.9,23.6,8.3,5.1,16.3,23.9,99.5,TRUE
2001,7,Sacramento Kings,82,20080,39.1,90.4,0.43200000000000005,5.1,14.3,0.355,34,76.1,0.447,16.3,21.8,0.749,14.2,33.5,47.7,23,8.4,6,16.9,22.4,99.6,TRUE
2001,8,Detroit Pistons,82,19855,38,87.4,0.43400000000000005,5.5,15.7,0.348,32.5,71.7,0.453,20.4,27.7,0.736,12.9,34.1,47,23.7,8.5,5.1,16.3,26.3,101.8,FALSE
2001,9,Portland Trail Blazers,82,19780,38.4,87.6,0.43800000000000006,5.5,15,0.368,32.8,72.6,0.452,19.5,26.3,0.744,12.9,30.5,43.3,23.8,8.8,4.4,16.6,23.7,101.8,TRUE
2001,10,Orlando Magic,82,19955,36.5,83.9,0.43500000000000005,4.7,13.7,0.346,31.8,70.2,0.453,24.3,33.1,0.735,13.7,33.7,47.4,23.1,9,5.7,18.2,25.1,102.1,TRUE
2001,11,Indiana Pacers,82,19980,38,89.8,0.42300000000000004,5.1,15.1,0.33599999999999997,32.9,74.7,0.441,21.1,27.9,0.758,14,33.5,47.5,22.8,7.9,5.2,15,25.3,102.2,TRUE
2001,12,Utah Jazz,82,19780,36.1,82.1,0.43900000000000006,5.5,16.1,0.34299999999999997,30.5,66,0.462,24.7,32.3,0.765,11.8,29.5,41.3,21.1,9.4,6.1,17.8,27.1,102.4,TRUE
2001,13,Dallas Mavericks,82,19805,38.2,87,0.43900000000000006,5,14.8,0.33399999999999996,33.2,72.2,0.46,21.2,29,0.731,13.9,34.1,48,23.1,8.1,4.9,16.6,24,102.6,TRUE
2001,14,Toronto Raptors,82,19955,39.8,88.9,0.447,5,13.8,0.363,34.8,75.1,0.463,18.8,25,0.754,12.2,33.2,45.5,22.4,7.4,5.8,15.3,23.7,103.4,TRUE
2001,15,Minnesota Timberwolves,82,19830,39.2,86.8,0.452,4.6,13.1,0.351,34.6,73.7,0.47000000000000003,20.7,28.5,0.724,12.7,33,45.8,24.2,7.7,4.7,16.4,21.8,103.7,TRUE
2001,16,Boston Celtics,82,19830,38.4,83.6,0.459,5.6,15.3,0.368,32.8,68.3,0.48000000000000004,21.4,28.5,0.75,11.6,34.6,46.3,24.6,8.5,5.8,18.3,24.9,103.7,FALSE
2001,17,Houston Rockets,82,19830,40.4,90.1,0.449,4.8,13.6,0.354,35.6,76.6,0.465,18.5,24.9,0.744,13.2,32.4,45.6,23.2,8.1,5.4,14.6,23.7,104.2,FALSE
2001,18,Atlanta Hawks,82,19730,38.7,87.4,0.442,5.2,14.3,0.367,33.4,73.1,0.457,21.8,28.5,0.765,13.6,33.5,47.1,23,9.2,6.8,16,22.4,104.3,FALSE
2001,19,Los Angeles Clippers,82,20030,40,90.9,0.44,4.7,14.4,0.329,35.3,76.5,0.461,19.7,26.5,0.743,13.9,32.6,46.5,23.9,8.5,5.5,14,24,104.5,FALSE
2001,20,Milwaukee Bucks,82,19780,38.3,87.3,0.43900000000000006,5.8,16.4,0.352,32.6,70.8,0.46,22.1,28.8,0.768,13.4,32.8,46.1,24.8,7.8,4.6,16.8,23.4,104.6,TRUE
2001,21,Los Angeles Lakers,82,19905,39.2,89.6,0.43800000000000006,5.4,15.3,0.354,33.8,74.2,0.455,21,27.8,0.754,12.9,31.6,44.5,21.8,8.1,4.3,14.1,26.3,104.8,TRUE
2001,22,Cleveland Cavaliers,82,19830,38.8,87.3,0.445,5.6,15.3,0.365,33.2,72,0.462,21.7,28.2,0.768,13.1,31.8,45,24.9,9.2,7.2,16.3,24,104.9,FALSE
2001,23,New Jersey Nets,82,19730,38.9,85.5,0.455,5.7,15.7,0.36,33.2,69.7,0.47700000000000004,22,29.6,0.746,13.3,34.7,48,24.4,8.2,6.9,17.3,23.9,105.5,FALSE
2001,24,Seattle SuperSonics,82,19805,40.7,89.8,0.453,6.2,17.9,0.349,34.5,71.9,0.48000000000000004,17.9,24.1,0.742,13.8,32.2,46,25.9,8.6,6.7,16.3,24,105.6,FALSE
2001,25,Vancouver Grizzlies,82,19780,41.6,89.9,0.463,5.1,14.2,0.362,36.4,75.7,0.48200000000000004,17.4,23.8,0.732,13.9,33.5,47.5,25.6,9.4,6.3,16.1,23.4,105.8,FALSE
2001,26,Denver Nuggets,82,19780,40.4,90.5,0.446,5.4,15.3,0.356,34.9,75.3,0.464,20.2,26.8,0.753,13.3,34.6,47.9,26.7,7.7,6.5,14.1,23,106.3,FALSE
2001,27,Chicago Bulls,82,19855,40.4,85.7,0.47200000000000003,4.7,13.2,0.356,35.7,72.5,0.493,21.7,29.8,0.73,13,34.5,47.5,26.1,8.6,5.8,16.5,23.7,107.3,FALSE
2001,28,Golden State Warriors,82,19780,41,86.9,0.47200000000000003,5.7,14.9,0.379,35.3,72,0.491,19.7,25.9,0.76,13.4,34.7,48.1,26.4,9.3,6.4,17.4,22.8,107.4,FALSE
2001,29,Washington Wizards,82,19680,40.8,86.8,0.47000000000000003,5.7,14.4,0.396,35.1,72.4,0.48500000000000004,20.5,27.5,0.747,12.3,31.7,44,25,9.1,6.7,16.2,26,107.8,FALSE
2002,1,New Jersey Nets,82,19830,37.7,87.9,0.42900000000000005,5.4,15.5,0.348,32.3,72.4,0.446,18.8,24.9,0.753,13.2,33.2,46.4,20.6,8.8,5.8,17.4,22,99.5,TRUE
2002,2,San Antonio Spurs,82,19855,38.7,91,0.42600000000000005,5,14.9,0.33799999999999997,33.7,76.1,0.443,17.2,22.2,0.777,13.5,32.6,46.1,20.7,8.5,5.7,16,25.5,99.7,TRUE
2002,3,Miami Heat,82,19930,36.7,86.5,0.42500000000000004,5.2,15.3,0.34199999999999997,31.5,71.2,0.442,21.6,29.3,0.736,12.3,34.2,46.5,20.1,8.5,4.9,15.6,23.5,100.2,FALSE
2002,4,Philadelphia 76ers,82,19730,37.9,89,0.42600000000000005,6,18.1,0.33099999999999996,31.9,70.9,0.451,18.5,24.6,0.751,13.4,32.1,45.6,24.2,9,6.3,16.5,25,100.3,TRUE
2002,5,Boston Celtics,82,19830,36.6,86.1,0.42500000000000004,6.7,19.8,0.33999999999999997,29.9,66.3,0.45,21.1,27.4,0.771,12.5,36.7,49.2,23.6,8.2,6.2,17.5,22.7,101,TRUE
2002,6,Sacramento Kings,82,19755,39.8,90.4,0.44,4.9,14.6,0.33699999999999997,34.9,75.8,0.46,16.7,22.4,0.744,13.5,33.3,46.8,23.4,8,4.9,15.8,23.2,101.1,TRUE
2002,7,Los Angeles Lakers,82,19780,37.8,89.3,0.42400000000000004,5.3,16.6,0.317,32.6,72.7,0.448,20.8,27.3,0.761,13.4,33.3,46.7,21.6,7.7,4.7,15.1,24.9,101.7,TRUE
2002,8,Detroit Pistons,82,19680,39.6,88.7,0.447,4.9,13.5,0.362,34.8,75.2,0.462,18.3,24.2,0.755,13.4,34,47.4,22.2,8.8,4.5,17.2,25.4,102.4,TRUE
2002,9,Toronto Raptors,82,19755,38.6,87.5,0.441,5.2,14.9,0.346,33.4,72.6,0.461,20.7,27.5,0.752,13.6,33.3,47,22.3,8.6,5.4,17.1,22.1,103.1,TRUE
2002,10,Charlotte Hornets,82,19755,38.6,89.3,0.43200000000000005,5.9,15.7,0.375,32.7,73.7,0.444,20.2,26.3,0.768,13,32.5,45.6,22.2,8.5,5.7,15.4,23.1,103.3,TRUE
2002,11,Indiana Pacers,82,19905,39,89.2,0.43800000000000006,5.5,15.7,0.348,33.6,73.4,0.457,20.2,27,0.749,13.7,33,46.7,23.2,8.1,6.1,15.4,24.3,103.8,TRUE
2002,12,Portland Trail Blazers,82,19830,40,88.2,0.453,6.3,17.4,0.363,33.7,70.8,0.47600000000000003,17.8,24,0.741,12.1,31.5,43.6,26.3,8.3,5.6,16.4,22.4,104,TRUE
2002,13,Phoenix Suns,82,19830,39.1,88.2,0.444,5.7,16,0.358,33.4,72.2,0.463,20,26.6,0.751,13.6,33,46.6,24.1,9.1,6.3,16.7,20.1,104,FALSE
2002,14,Utah Jazz,82,19830,37.2,83.4,0.447,6.2,16.3,0.383,31,67.1,0.462,23.9,31,0.771,12.4,29.6,42,21.3,10,7.3,18.4,27.7,104.6,TRUE
2002,15,Orlando Magic,82,19830,40.5,88.7,0.456,5.3,15.1,0.352,35.2,73.6,0.47800000000000004,19.1,25.9,0.737,14.1,34.2,48.3,25.1,8.6,5,16.8,22.6,105.3,TRUE
2002,16,Minnesota Timberwolves,82,19805,39.7,89.1,0.445,6.6,17.7,0.372,33.1,71.4,0.463,19.4,26.2,0.742,12.2,31.1,43.3,24.8,7.3,5.4,14.7,22.4,105.3,TRUE
2002,17,Seattle SuperSonics,82,19830,40.3,89.8,0.449,6.4,18.7,0.344,33.9,71.1,0.47700000000000004,18.5,25.1,0.739,14.8,31.6,46.4,24.9,7.7,5.4,17,22.1,105.6,TRUE
2002,18,New York Knicks,82,19805,39.5,88.7,0.445,6,17,0.353,33.5,71.8,0.467,20.9,27.6,0.757,13,34.3,47.3,23.8,9.3,5.2,14.9,22.6,105.9,FALSE
2002,19,Los Angeles Clippers,82,19805,41.3,92.4,0.448,5.5,15.4,0.355,35.9,77,0.466,17.9,24,0.745,14.3,32,46.3,25,8.2,5.9,14.2,23.9,106,FALSE
2002,20,Memphis Grizzlies,82,19780,41.5,90.9,0.457,5.3,14.8,0.358,36.2,76.1,0.47600000000000003,17.9,23.8,0.753,15.1,34.1,49.2,26.1,10.4,6.1,16.1,23.8,106.3,FALSE
2002,21,Atlanta Hawks,82,19780,40.5,88.2,0.459,6.2,17.6,0.355,34.2,70.6,0.48500000000000004,19.2,25.8,0.744,13.3,33.3,46.6,24.5,9.3,6.7,16.4,21.8,106.4,FALSE
2002,22,Washington Wizards,82,19730,40.7,90,0.452,5.8,16.4,0.354,34.9,73.6,0.47400000000000003,19.2,25.5,0.755,13.2,32.7,45.9,25,7.9,5.7,15.1,23.6,106.4,FALSE
2002,23,Milwaukee Bucks,82,19905,40.3,91.5,0.441,6.6,18.4,0.358,33.7,73.1,0.461,19.9,26.3,0.757,14,32.6,46.6,25.2,8,4.8,14.1,21.9,107.1,FALSE
2002,24,Chicago Bulls,82,19805,40.5,87.2,0.465,5.6,15.8,0.358,34.9,71.4,0.48800000000000004,20.9,28,0.746,12.6,34.2,46.8,27.7,9.1,5.3,15.8,23,107.6,FALSE
2002,25,Dallas Mavericks,82,19880,40.2,89.1,0.452,5.9,16.8,0.35,34.4,72.3,0.47500000000000003,21.3,28.4,0.751,13.8,33.8,47.7,24.3,7.7,4.9,15,23.3,107.7,TRUE
2002,26,Denver Nuggets,82,19805,40.3,87.7,0.459,5.7,15.7,0.361,34.6,72,0.48100000000000004,21.5,28.8,0.747,13.3,33.9,47.3,26.4,9,7.5,15.7,22.1,107.8,FALSE
2002,27,Cleveland Cavaliers,82,19855,40.9,89.4,0.457,6.3,16.1,0.394,34.5,73.3,0.47100000000000003,20.2,27,0.748,12.4,31.9,44.3,26.6,8.1,6.1,14.2,21.9,108.2,FALSE
2002,28,Golden State Warriors,82,19780,41.2,89.8,0.459,5.2,14.9,0.348,36.1,74.9,0.48200000000000004,20.8,27.3,0.763,14.1,31.5,45.6,25.7,9.1,6.6,15.1,25,108.5,FALSE
2002,29,Houston Rockets,82,19980,43.5,93.6,0.464,5,14,0.36,38.4,79.6,0.48200000000000004,16.6,22.1,0.752,14.2,34.1,48.4,25,7.8,5.7,13.5,22.4,108.6,FALSE
2003,1,New Jersey Nets,82,19755,36.6,85.7,0.42700000000000005,5.6,15.7,0.359,30.9,70,0.442,19.3,25.8,0.749,12.4,32.7,45,21.3,9.2,5.6,18,24.9,98.1,TRUE
2003,2,Sacramento Kings,82,19830,38,90.4,0.42000000000000004,4.7,14.8,0.32,33.2,75.6,0.43900000000000006,18.5,24.9,0.741,14.5,33.2,47.7,22.3,8.7,4.5,16,20.7,99.1,TRUE
2003,3,San Antonio Spurs,82,19830,38.5,90.1,0.42700000000000005,4.8,14,0.33899999999999997,33.7,76.1,0.443,17.9,23.4,0.768,13.8,31.2,45.1,21,8.9,5.7,16.6,25.7,99.7,TRUE
2003,4,Detroit Pistons,82,19905,38.1,87.1,0.43800000000000006,4,11.7,0.344,34.1,75.4,0.452,19.6,26.3,0.746,11.9,35.1,47.1,20.9,7.9,4.9,16,26.5,99.9,TRUE
2003,5,Indiana Pacers,82,19905,37.7,88.1,0.42800000000000005,5.4,15.8,0.33999999999999997,32.3,72.3,0.447,20.1,26.2,0.767,13.2,32.4,45.6,22.3,8.2,6.8,16.6,25.3,100.8,TRUE
2003,6,Denver Nuggets,82,19730,36,81.3,0.443,5.6,15.2,0.37,30.4,66.2,0.46,23.6,31.2,0.757,11.5,32.6,44.2,23.6,9.9,7.2,18.8,23.9,101.3,FALSE
2003,7,New Orleans Hornets,82,19905,38.6,88,0.43800000000000006,4.6,13.5,0.33799999999999997,34,74.4,0.457,19.9,26,0.766,12.3,32,44.2,22,8.7,5.8,16.1,23.7,101.6,TRUE
2003,8,Boston Celtics,82,19830,37.3,85.9,0.43500000000000005,6.2,18.6,0.33099999999999996,31.2,67.3,0.464,20.8,27.8,0.749,12.5,36.6,49.1,24.3,8.2,4.9,17.5,23.9,101.6,TRUE
2003,9,Dallas Mavericks,82,19780,38.4,87.7,0.43800000000000006,6.3,18.4,0.33999999999999997,32.1,69.3,0.463,19.4,26.6,0.727,13.7,35.2,48.9,23.4,7.2,4.2,17.3,22.9,102.3,TRUE
2003,10,Miami Heat,82,19830,37.4,85.5,0.43700000000000006,5.6,15.8,0.353,31.8,69.7,0.456,22,29.3,0.751,12,35.6,47.7,20.4,8.6,6,16.2,23,102.4,FALSE
2003,11,Phoenix Suns,82,19805,38.6,88.1,0.43800000000000006,5.8,18,0.32,32.8,70.1,0.468,19.6,25.6,0.766,13.6,32.9,46.6,24.1,8.5,6,17.3,23.3,102.5,TRUE
2003,12,Philadelphia 76ers,82,19855,38,84.1,0.452,6,16.9,0.354,32,67.2,0.47600000000000003,20.5,26.9,0.76,12,31.7,43.7,23.9,8.4,6.9,18.6,24.9,102.5,TRUE
2003,13,Houston Rockets,82,19930,39.2,90.6,0.43300000000000005,5.2,15.1,0.347,34,75.5,0.45,19,24.5,0.775,13.3,31.9,45.2,22.8,9,5.2,14.7,24.3,102.6,FALSE
2003,14,Portland Trail Blazers,82,19855,39.8,88.4,0.45,5.9,17.4,0.34099999999999997,33.9,71.1,0.47600000000000003,17.1,22.4,0.764,12.3,31,43.3,25.2,9.2,5.3,17.2,22.6,102.6,TRUE
2003,15,Utah Jazz,82,19780,37.4,86.2,0.43400000000000005,5.9,17,0.349,31.4,69.2,0.454,22.1,29.1,0.759,13.7,28.8,42.5,21.8,9.8,5.8,17.7,26.5,102.8,TRUE
2003,16,Minnesota Timberwolves,82,19805,39.6,90.6,0.43700000000000006,6.2,18,0.347,33.4,72.6,0.46,18.4,24.4,0.752,12.8,32.2,45.1,24.7,7.5,5.3,14.7,22.2,103.8,TRUE
2003,17,Seattle SuperSonics,82,19855,39.4,88.2,0.447,6.5,18.8,0.344,32.9,69.4,0.47500000000000003,18.5,25,0.742,12.9,33.8,46.7,23.4,6.9,5.6,16.6,22.9,103.9,FALSE
2003,18,Washington Wizards,82,19830,39.5,89.3,0.442,6.2,17.1,0.362,33.3,72.3,0.461,19,24.6,0.771,13,33.6,46.6,24.4,8.4,4.9,16.1,24.8,104.1,FALSE
2003,19,Los Angeles Lakers,82,19930,38.8,87.6,0.443,6.1,15.9,0.38,32.7,71.6,0.456,21.1,27.8,0.76,12.5,32.5,45,22.8,8.4,4,15.5,24.9,104.7,TRUE
2003,20,Orlando Magic,82,19805,39.1,85.9,0.455,5.3,15.8,0.33399999999999996,33.9,70.2,0.48300000000000004,21.5,28,0.767,12.6,33.8,46.4,23.9,8.4,5.4,17.5,23.7,105,TRUE
2003,21,Chicago Bulls,82,19930,38.5,87.8,0.43900000000000006,5.5,17.2,0.323,33,70.6,0.467,23.1,30.8,0.749,14.4,33.1,47.5,25.1,9.9,5.3,15.5,23.1,105.6,FALSE
2003,22,Atlanta Hawks,82,19905,40,91.6,0.43600000000000005,5.9,16.5,0.359,34.1,75.1,0.453,20.3,26.7,0.76,14.2,32.1,46.3,23.5,9.8,5.4,14.2,22.1,106.1,FALSE
2003,23,New York Knicks,82,19855,39.4,86.3,0.457,4.8,14,0.33999999999999997,34.7,72.3,0.48000000000000004,22.5,29.2,0.771,12.5,34.8,47.3,23.1,8.4,4.1,15.7,21.7,106.2,FALSE
2003,24,Cleveland Cavaliers,82,19830,39.6,87.4,0.453,5.5,15.4,0.358,34.1,72,0.47300000000000003,22,28.6,0.772,12,32.1,44.1,25.4,10.3,6.4,15,22,106.7,FALSE
2003,25,Los Angeles Clippers,82,19755,40.4,90.3,0.447,6,16.5,0.365,34.3,73.7,0.466,20,25.9,0.774,13.9,32.7,46.6,24.5,8.7,5.6,15.3,24.5,106.8,FALSE
2003,26,Toronto Raptors,82,19805,41,88.9,0.461,5,13.3,0.375,36,75.6,0.47600000000000003,20.1,26.5,0.759,13.2,35.1,48.2,23.3,8.1,5.5,15.2,23,107,FALSE
2003,27,Memphis Grizzlies,82,19930,41.9,91.1,0.46,5.6,15.4,0.363,36.3,75.6,0.48000000000000004,17.9,23.6,0.759,14.6,33.2,47.8,25.9,9.3,5.6,15.8,23.2,107.3,FALSE
2003,28,Milwaukee Bucks,82,19905,40.6,88.6,0.458,6.4,17,0.375,34.2,71.5,0.47800000000000004,21,28.2,0.745,13.6,33.9,47.5,25.2,7.2,4.4,15.8,22.5,108.6,TRUE
2003,29,Golden State Warriors,82,19755,41.8,92.5,0.452,5.6,15.2,0.372,36.1,77.3,0.467,20.3,26.9,0.756,15.5,30.8,46.3,24.9,9.2,6.3,14.5,25,109.5,FALSE
2004,1,San Antonio Spurs,82,19755,35.6,87,0.40900000000000003,4.2,13,0.327,31.4,74.1,0.42300000000000004,18.7,25.1,0.744,12.4,33.5,45.9,19.3,8.6,5.2,17.1,25,94.1,TRUE
2004,2,Detroit Pistons,82,19780,36.4,88.1,0.41300000000000003,4.9,16.3,0.302,31.4,71.8,0.43800000000000006,17.8,23.9,0.744,13.5,32.5,46,21.6,9,5.7,18.1,25.9,95.4,TRUE
2004,3,Indiana Pacers,82,19805,37,85.6,0.43200000000000005,4.6,14,0.324,32.4,71.5,0.453,18.7,24.9,0.75,12,33.6,45.6,22.8,8.1,7.1,18,24.8,97.2,TRUE
2004,4,New Jersey Nets,82,19705,36.7,85.8,0.42700000000000005,5.7,16.2,0.35,31,69.6,0.445,19,24.9,0.761,11.9,33.7,45.5,22.2,8.9,5.1,18,23.7,98,TRUE
2004,5,Houston Rockets,82,19930,36.1,87.8,0.41200000000000003,6.3,16.8,0.372,29.9,71,0.42100000000000004,20.4,27.8,0.737,12.4,32.2,44.7,23.2,9.7,4.9,15.1,23.2,99,TRUE
2004,6,Minnesota Timberwolves,82,19755,37.4,90.5,0.41400000000000003,5.4,16.1,0.33399999999999996,32,74.3,0.43100000000000005,19.5,25.8,0.753,13.7,32.8,46.4,23.2,7.5,4,15.1,22.6,99.7,TRUE
2004,7,Toronto Raptors,82,19980,37.7,88.1,0.42800000000000005,3.8,12.3,0.307,33.9,75.8,0.447,21.3,28.4,0.747,14.3,36.8,51.2,21,8.2,4.6,16.6,22.4,100.4,FALSE
2004,8,Los Angeles Lakers,82,19855,38.2,87,0.44,5.5,16.3,0.33699999999999997,32.7,70.6,0.464,19.3,25.7,0.749,12.1,33.5,45.6,22.4,8.1,4,16.4,26.5,101.3,TRUE
2004,9,Miami Heat,82,19755,36.7,85.7,0.42800000000000005,6,17.3,0.34299999999999997,30.8,68.4,0.45,22.3,29,0.768,12.3,34.3,46.7,21.1,8,6.1,16.7,23.9,101.7,TRUE
2004,10,Philadelphia 76ers,82,19855,37.8,87.5,0.43200000000000005,6.1,18.2,0.33299999999999996,31.7,69.2,0.458,20.2,27.2,0.744,13.7,32.9,46.6,24,9.3,6.4,17.1,24.1,101.9,FALSE
2004,11,Memphis Grizzlies,82,19880,37.8,86.6,0.43600000000000005,4.9,14.4,0.33799999999999997,32.9,72.1,0.456,21.7,28.4,0.764,14.5,33.1,47.7,22.1,8.9,6.1,18.4,25,102.2,TRUE
2004,12,New Orleans Hornets,82,19830,38.6,87.5,0.441,6,17.7,0.34099999999999997,32.6,69.8,0.467,19.1,25.5,0.75,13.2,33.6,46.8,24.3,8.3,5.8,17.4,23.6,102.4,TRUE
2004,13,Denver Nuggets,82,19730,39.3,86.8,0.453,4.9,13.8,0.356,34.4,73.1,0.47100000000000003,19.2,26.3,0.728,13.8,32.1,45.9,25.2,8.7,6.2,18.2,24.7,102.7,TRUE
2004,14,Utah Jazz,82,19780,35.6,82.4,0.43200000000000005,5.8,16.9,0.34299999999999997,29.8,65.4,0.455,26.3,34.1,0.771,12.2,29.9,42,21.4,9.3,7.4,17.7,28,103.3,FALSE
2004,15,New York Knicks,82,19880,37.6,87.5,0.42900000000000005,5.6,16.6,0.33799999999999997,32,71,0.45,22.6,29.6,0.763,12.8,33,45.8,22.6,9.1,5.2,15.3,21.6,103.3,TRUE
2004,16,Chicago Bulls,82,19830,37.8,86.8,0.43600000000000005,5.8,16.2,0.355,32.1,70.6,0.454,22,29.4,0.748,13.3,35.2,48.5,24.8,9.1,5.9,16.4,22.1,103.4,FALSE
2004,17,Boston Celtics,82,19705,37.8,86.6,0.43700000000000006,7.3,20.1,0.362,30.6,66.6,0.459,20.7,28.2,0.736,14,33,47,24.6,9.4,5.3,18.4,23.8,103.7,TRUE
2004,18,Golden State Warriors,82,19855,39.7,89.3,0.445,5.6,14.9,0.374,34.1,74.4,0.459,18.8,25.2,0.746,13.2,34.1,47.3,23.7,9,5.6,15.4,24.2,103.8,FALSE
2004,19,Cleveland Cavaliers,82,19855,39.3,89.9,0.43700000000000006,5.7,15.5,0.371,33.6,74.5,0.451,19.8,26.5,0.749,12.9,32.9,45.9,23.7,8.4,5.8,14.3,22,104.2,FALSE
2004,20,Washington Wizards,82,19830,40.2,88.4,0.454,5.6,16.2,0.34199999999999997,34.6,72.2,0.47900000000000004,18.9,24.6,0.771,13.7,33.1,46.8,25.8,10.3,5.9,17.3,23.4,104.8,FALSE
2004,21,Sacramento Kings,82,19780,41.1,90.5,0.454,5.3,15.8,0.33899999999999997,35.7,74.7,0.47800000000000004,17.4,23.3,0.749,14.1,33,47.1,22.8,8.5,5.4,16,23.8,104.9,TRUE
2004,22,Portland Trail Blazers,82,19980,41.2,91.5,0.45,5.8,17,0.34099999999999997,35.3,74.5,0.47500000000000003,17,22.5,0.753,14.2,31.9,46.1,26.6,9.2,5.4,15.6,21.4,105.1,FALSE
2004,23,Milwaukee Bucks,82,19780,40.2,89,0.452,6,17.2,0.352,34.2,71.9,0.47500000000000003,18.9,25.6,0.739,13,33.4,46.4,24.8,8.1,5.4,15.4,24.9,105.4,TRUE
2004,24,Phoenix Suns,82,19730,39.1,87.6,0.446,6.3,18,0.349,32.8,69.6,0.47100000000000003,21,27.5,0.765,13.6,33.5,47.1,23.1,8.5,5.7,17.1,20.9,105.5,FALSE
2004,25,Atlanta Hawks,82,19905,39.4,89.5,0.44,6.4,17.9,0.358,33,71.6,0.461,20.9,27.5,0.76,13.9,33,46.9,23.9,9.7,5.5,15.3,22.6,106.1,FALSE
2004,26,Dallas Mavericks,82,19805,40.7,88.7,0.459,6.9,19.1,0.363,33.8,69.6,0.48600000000000004,19,25.5,0.746,13.1,33.3,46.4,25.2,7.6,5,16.1,22,107.4,TRUE
2004,27,Seattle SuperSonics,82,19805,40.2,89.2,0.45,6.5,18.8,0.349,33.6,70.4,0.47700000000000004,21.2,27.3,0.774,14.4,32.7,47.1,23.3,8.5,5.2,16.3,22.3,108,FALSE
2004,28,Los Angeles Clippers,82,19805,41,89.1,0.46,6,16.7,0.36,34.9,72.4,0.48300000000000004,20.6,27.8,0.741,13.8,31.4,45.2,25,9.2,5.8,14.9,24.8,108.5,FALSE
2004,29,Orlando Magic,82,19830,42.2,90.6,0.466,6.5,17.3,0.377,35.7,73.3,0.48700000000000004,19.4,26.2,0.742,14.3,34.2,48.5,26.7,8.3,6,14.8,22.5,110.4,FALSE
2005,1,San Antonio Spurs,82,19805,37,86.7,0.42600000000000005,4.4,12,0.367,32.6,74.7,0.43600000000000005,20.5,26.6,0.768,12.2,32.7,44.9,18.9,8.1,5.7,16.9,25.8,98.8,TRUE
2005,2,Chicago Bulls,82,19830,36.2,85.7,0.42200000000000004,5.4,16.3,0.33399999999999996,30.7,69.4,0.443,22.5,30.2,0.744,12.8,33,45.9,22.5,9,5.7,16.7,25.1,100.3,TRUE
2005,3,Detroit Pistons,82,19955,38.5,89.6,0.43000000000000005,5.7,16.7,0.33799999999999997,32.8,72.9,0.451,18.5,24.7,0.751,12.8,32,44.8,22.3,8.4,5.1,15.7,25.5,101.2,TRUE
2005,4,Houston Rockets,82,19855,37,87.5,0.42300000000000004,6.2,18.3,0.33799999999999997,30.9,69.2,0.446,21.4,28.8,0.742,12.1,33.3,45.4,23.1,8.3,4.6,14.8,24.1,101.7,TRUE
2005,5,Memphis Grizzlies,82,19705,37,85.6,0.43200000000000005,5.9,16.7,0.351,31.1,68.8,0.452,23.1,30,0.771,13.7,32.9,46.5,22.5,8.4,6.6,17.9,25.5,102.9,TRUE
2005,6,New Jersey Nets,82,19905,36.7,83.5,0.43900000000000006,6.6,17.8,0.368,30.1,65.6,0.459,23.2,31.2,0.744,11.8,33.9,45.7,22.5,8.1,5.4,17.4,25.5,103.1,TRUE
2005,7,Miami Heat,82,19980,37.9,88.7,0.42700000000000005,5.8,16.8,0.348,32.1,71.9,0.446,21.4,28.2,0.76,12.2,31.7,43.9,21.4,8.1,3.5,14.4,26.7,103.1,TRUE
2005,8,Denver Nuggets,82,19755,38.3,85.8,0.447,6,17.4,0.345,32.3,68.4,0.47200000000000003,21.2,28.4,0.746,12.7,31.7,44.4,23.1,8.3,5.9,17.4,25.5,103.9,TRUE
2005,9,Dallas Mavericks,82,19730,38.6,88.1,0.43800000000000006,5.9,17.9,0.32999999999999996,32.7,70.1,0.466,21,27.9,0.754,14.1,32.4,46.4,22.5,7.7,5.2,16.8,24.9,104.1,TRUE
2005,10,Philadelphia 76ers,82,19855,37.3,84.3,0.443,7.2,19.9,0.362,30.1,64.4,0.468,22.5,29.3,0.767,12.1,33.9,46,23.9,8.7,4.9,17.7,24.6,104.3,TRUE
2005,11,Indiana Pacers,82,19905,38.3,86.9,0.44,5.4,14.8,0.365,32.9,72.1,0.456,22.6,30.5,0.743,13.4,33.4,46.9,21.3,7.6,5.5,15.8,26,104.6,TRUE
2005,12,Cleveland Cavaliers,82,19855,39.2,86.8,0.452,5.7,15.1,0.376,33.6,71.7,0.468,21.6,28.8,0.75,12.6,31.3,43.9,23.4,7.4,5.6,16.3,23.8,105.7,FALSE
2005,13,Los Angeles Clippers,82,20030,39.5,89,0.444,6.5,17.7,0.368,32.9,71.3,0.462,20.9,27.4,0.762,13.3,30.3,43.6,23.3,8.6,5.3,15.1,26,106.4,FALSE
2005,14,Boston Celtics,82,19880,38.3,86.2,0.444,6.3,17.7,0.356,32,68.5,0.467,23.6,31.4,0.753,13.4,31.4,44.9,24.1,9.2,5.2,16.5,25.1,106.6,TRUE
2005,15,Minnesota Timberwolves,82,19755,40.5,92.4,0.43800000000000006,6.4,17.6,0.363,34.1,74.8,0.456,19.3,25.6,0.752,14.1,32.2,46.2,24.3,7.4,4.4,13.1,22.2,106.6,FALSE
2005,16,Golden State Warriors,82,19905,40.5,88.4,0.458,5.8,16,0.363,34.7,72.4,0.47900000000000004,20.1,27,0.745,13.7,35.8,49.5,24,7.4,5.4,16.3,23,106.9,FALSE
2005,17,Phoenix Suns,82,19780,42.1,94.7,0.445,6.2,18.7,0.33499999999999996,35.8,76,0.47200000000000003,16.7,22.5,0.744,15.6,32.3,47.9,22,7.9,4.3,14.3,22.1,107.1,TRUE
2005,18,Orlando Magic,82,19705,39.6,87.8,0.451,5.7,16.6,0.34299999999999997,33.9,71.2,0.47700000000000004,22.4,29.6,0.754,13.2,31.2,44.4,22.5,9,4.6,15.3,24.7,107.3,FALSE
2005,19,Washington Wizards,82,19780,40.3,87.8,0.459,6.8,18.6,0.364,33.5,69.1,0.48500000000000004,20.1,26.5,0.762,13.2,32.6,45.9,24.5,7.6,5.4,17,25.9,107.5,TRUE
2005,20,Charlotte Bobcats,82,19880,39.4,85.1,0.463,5.8,16,0.361,33.7,69.1,0.48700000000000004,22.9,29.8,0.767,12.5,33.8,46.4,23.1,8.2,5.8,17,24.3,107.5,FALSE
2005,21,New Orleans Hornets,82,19930,39.2,86.6,0.452,6.8,18.5,0.367,32.4,68.1,0.47500000000000003,22.6,29.2,0.775,13,34.2,47.2,24,8.7,6.2,16.1,23.8,107.7,FALSE
2005,22,Portland Trail Blazers,82,19730,41.4,92.7,0.447,6,17.4,0.34299999999999997,35.4,75.3,0.47100000000000003,18.9,25.1,0.755,15.6,31.3,46.9,26,9.5,5.6,14.9,22.6,107.7,FALSE
2005,23,Sacramento Kings,82,19855,41.4,90.2,0.459,6.1,17.1,0.357,35.3,73.1,0.48300000000000004,19.3,26.1,0.738,14.3,32.9,47.2,22.9,8.1,4.7,15.6,22.9,108.2,TRUE
2005,24,Toronto Raptors,82,19805,41,87.7,0.467,5.7,16,0.356,35.3,71.7,0.492,21,28.3,0.744,13,35.6,48.5,23.7,6.6,4.7,15.5,23.5,108.7,FALSE
2005,25,New York Knicks,82,19880,40,85.9,0.465,6.2,17,0.364,33.8,68.9,0.49,22.8,30.1,0.756,12.9,32.6,45.5,22.6,8,5.2,15.9,23.1,108.9,FALSE
2005,26,Utah Jazz,82,19780,37.5,81.9,0.458,6.7,17.8,0.375,30.8,64.1,0.48100000000000004,27.8,36.4,0.764,11.8,30.6,42.4,21.9,8.9,6.5,16.2,28.3,109.5,FALSE
2005,27,Seattle SuperSonics,82,19755,40.5,88.2,0.459,6.5,18.2,0.357,34,70,0.48600000000000004,22,29.4,0.749,12.9,30.1,42.9,23.5,7,5.4,15,26.9,109.6,TRUE
2005,28,Milwaukee Bucks,82,19780,41.4,89.3,0.464,6.2,18,0.34299999999999997,35.2,71.2,0.494,20.8,27,0.771,12.5,32.3,44.7,26.1,8.2,4.9,14.3,26.1,109.8,FALSE
2005,29,Atlanta Hawks,82,19855,40.3,84.5,0.47600000000000003,6.2,16.3,0.379,34.1,68.2,0.5,24.4,31.7,0.77,11.9,32.8,44.8,23.8,9.5,6.4,16,23.5,111.1,FALSE
2005,30,Los Angeles Lakers,82,19780,42,92.5,0.453,7.3,20.3,0.361,34.6,72.2,0.47900000000000004,20.1,25.8,0.7799999999999999,13.7,32.8,46.4,26.7,8.4,5.6,12.9,24.2,111.4,FALSE
2006,1,San Antonio Spurs,82,19805,38.1,87.9,0.43300000000000005,4.1,12.1,0.33899999999999997,34,75.8,0.449,19.4,26.2,0.74,12.1,33.1,45.2,18.3,8.2,4.7,15.6,23.4,99.6,TRUE
2006,2,Memphis Grizzlies,82,19855,37.7,86.5,0.43600000000000005,5.7,17.1,0.33399999999999996,32,69.3,0.461,20.5,27.2,0.754,13,33.7,46.7,22.5,8.4,6.4,17,26.2,101.6,TRUE
2006,3,New Jersey Nets,82,19780,36.9,84,0.43900000000000006,6.3,18,0.348,30.6,66,0.464,22.3,30.1,0.741,10.6,35.1,45.7,22.2,8,4.4,15.9,25.5,102.4,TRUE
2006,4,Indiana Pacers,82,19730,38.4,88.2,0.43500000000000005,5,14.7,0.34299999999999997,33.4,73.5,0.454,20.5,27.9,0.733,13.1,32.8,45.9,20.6,9,5.4,15.1,24.4,102.4,TRUE
2006,5,Detroit Pistons,82,19830,40.7,90,0.452,4.6,14.1,0.325,36.1,75.9,0.47600000000000003,17.2,23.4,0.736,13.3,33.5,46.7,21.5,6.7,4,16,24.1,103.1,TRUE
2006,6,Houston Rockets,82,19830,37.2,86.8,0.42900000000000005,7.4,20.1,0.369,29.8,66.6,0.447,21.4,29.4,0.731,12,34.1,46.1,22.6,8,5.1,15,23.6,103.3,FALSE
2006,7,Chicago Bulls,82,19905,36,84.5,0.42600000000000005,6.5,18.5,0.351,29.5,66,0.447,24.9,32.1,0.777,11.4,33,44.4,21.4,7.9,5.4,15.9,24.4,103.4,TRUE
2006,8,Los Angeles Clippers,82,19805,38.1,87.7,0.43500000000000005,6.3,18.1,0.347,31.9,69.6,0.458,21,28.7,0.732,11.3,32.1,43.5,23.3,7.5,4.7,13.9,23.5,103.6,TRUE
2006,9,Miami Heat,82,19755,38.1,86.6,0.44,6.5,18,0.361,31.6,68.6,0.461,21.8,29.5,0.739,11,31.3,42.3,21.2,7.4,4,14.1,25.7,104.5,TRUE
2006,10,Minnesota Timberwolves,82,19855,38.8,88.2,0.441,6.1,16.7,0.364,32.7,71.4,0.459,20.8,28.2,0.736,13.3,32.8,46.1,21.2,7.3,5.1,15.5,23.6,104.5,FALSE
2006,11,Sacramento Kings,82,19830,40.2,88.5,0.454,6.1,17.3,0.351,34.1,71.2,0.47900000000000004,18.6,24.9,0.747,12.5,32.9,45.5,22.8,8.6,5.3,15.8,24.8,105,TRUE
2006,12,Dallas Mavericks,82,19880,38.5,86.9,0.443,5.6,15.4,0.361,33,71.5,0.461,22.4,29.8,0.752,12.9,30.4,43.2,19.7,7.4,5.5,15.8,26.9,105,TRUE
2006,13,Denver Nuggets,82,19930,39.4,86.7,0.454,6.8,19,0.358,32.6,67.7,0.48100000000000004,19.7,26.8,0.736,12.4,31.7,44,25.1,7.5,5.6,17,24.5,105.2,TRUE
2006,14,Cleveland Cavaliers,82,19830,39.7,87.3,0.455,6.2,17.4,0.356,33.6,69.9,0.48000000000000004,19.7,26.5,0.742,10.9,32.6,43.5,22.5,7.3,4.8,14.5,24.8,105.4,TRUE
2006,15,Los Angeles Lakers,82,19855,39.2,87.1,0.45,6.3,17.8,0.353,32.9,69.2,0.47500000000000003,21.1,28.2,0.747,11.9,31.9,43.8,23,7.1,4.7,15.4,25.6,105.7,TRUE
2006,16,Phoenix Suns,82,19955,40.7,89.6,0.454,6.5,17.9,0.363,34.2,71.8,0.47700000000000004,17.9,24.5,0.731,12.9,34.3,47.2,19.4,7.4,3.5,15.3,20.4,105.8,TRUE
2006,17,Golden State Warriors,82,19830,39.5,86.6,0.457,6.1,17.3,0.351,33.4,69.3,0.48300000000000004,21.1,28.4,0.743,12.8,34.5,47.3,23.7,7.5,5.3,16.3,24.9,106.2,FALSE
2006,18,Charlotte Bobcats,82,19905,39.6,82.7,0.47800000000000004,5.9,16.6,0.356,33.6,66.1,0.509,21.7,29.5,0.737,12.1,34.4,46.5,24.3,7.4,5.7,18.9,24.9,106.7,FALSE
2006,19,New Orleans/Oklahoma City Hornets,82,19805,39.3,85.6,0.459,7.4,20.2,0.367,31.8,65.4,0.48700000000000004,20.8,27.4,0.76,11.7,34,45.7,21.6,7.2,5.9,16.3,26,106.8,FALSE
2006,20,Boston Celtics,82,19880,38.6,84.6,0.456,5.8,16.6,0.353,32.7,68.1,0.48100000000000004,23.9,32.2,0.743,11.9,31,42.9,23.1,9,5.3,15.8,24.1,106.9,FALSE
2006,21,Utah Jazz,82,19880,37.5,83.5,0.449,6.7,17.8,0.378,30.8,65.7,0.46900000000000003,25.3,33.9,0.746,12,30.7,42.7,20.8,9.1,6.4,16,28.9,107,FALSE
2006,22,Washington Wizards,82,19830,39.5,85,0.465,6.6,18.1,0.363,33,66.9,0.493,21.7,29.1,0.745,12.6,32.5,45.1,23.2,7,4.5,17.4,27.2,107.3,TRUE
2006,23,Milwaukee Bucks,82,19855,39.4,84.6,0.466,6.5,18.4,0.354,32.9,66.2,0.497,22.1,29.6,0.747,11,32.8,43.8,24.5,8,5.5,15.7,25.7,107.4,TRUE
2006,24,Orlando Magic,82,19905,39.2,86.4,0.454,6.3,17.6,0.357,32.9,68.8,0.47800000000000004,22.8,31.2,0.732,12.4,30.6,43,22.4,8.4,5.3,15,25.9,107.5,FALSE
2006,25,Philadelphia 76ers,82,19905,40.3,87.1,0.463,6.5,18.5,0.351,33.9,68.7,0.493,20.9,27.5,0.762,12.7,33,45.6,24.5,8.2,5,16.5,24.7,108.1,FALSE
2006,26,New York Knicks,82,19930,39.4,84.4,0.467,7.5,19.8,0.378,31.9,64.5,0.494,24.8,32.9,0.753,11.7,30.2,42,23.1,8.9,5.8,15.3,27.6,111,FALSE
2006,27,Atlanta Hawks,82,19880,41.1,85.9,0.47800000000000004,5.9,16.1,0.368,35.1,69.8,0.503,23.6,31.7,0.745,13.1,31.2,44.3,22.5,8,5.6,16.4,24.8,111.6,FALSE
2006,28,Portland Trail Blazers,82,19730,42.1,89.8,0.468,6.9,18.1,0.381,35.2,71.7,0.491,20.8,27.4,0.76,14.3,33.9,48.2,24.1,8.2,5.6,14.7,23.7,111.9,FALSE
2006,29,Toronto Raptors,82,19955,41.8,85.2,0.491,6.7,18,0.373,35.1,67.2,0.522,22.4,29.9,0.748,11,33.5,44.6,25.6,6.8,4.7,15.4,24.2,112.7,FALSE
2006,30,Seattle SuperSonics,82,19830,42.3,87.1,0.48500000000000004,7.2,19.1,0.375,35.1,68,0.516,22.6,29.8,0.76,13.2,30.6,43.8,26.1,7.9,5.3,15.8,24,114.4,FALSE
2007,1,Chicago Bulls,82,19780,36.2,83.1,0.43500000000000005,6.3,18,0.349,29.9,65.2,0.459,21,28.8,0.73,11.6,31.8,43.4,21.7,8,5.6,18.5,24.6,99.6,TRUE
2007,2,San Antonio Spurs,82,19780,38.7,87.4,0.443,5,14.9,0.33399999999999996,33.7,72.5,0.465,17.6,23.7,0.74,11.2,32.2,43.4,19.1,7.8,4.6,15.9,23.5,99.9,TRUE
2007,3,Houston Rockets,82,19855,37.2,86.7,0.42900000000000005,6.3,17.9,0.351,30.9,68.7,0.45,19.9,26.7,0.749,10.7,34,44.6,21.2,7.6,4.7,15.5,21.7,100.7,TRUE
2007,4,Cleveland Cavaliers,82,19880,37.7,84.3,0.448,5.4,16.4,0.329,32.3,67.9,0.47600000000000003,20.5,27.9,0.734,10.7,32.7,43.4,21.9,7.2,4.6,16.7,24,101.3,TRUE
2007,5,Dallas Mavericks,82,19755,37.9,84.7,0.447,5.1,14.6,0.349,32.8,70.1,0.467,22.4,30.1,0.746,11.4,31,42.4,20,7.7,4.2,16.1,24.6,103.2,TRUE
2007,6,Orlando Magic,82,19780,37,83.6,0.442,6.2,17.6,0.353,30.8,66,0.466,23.9,31.4,0.76,11.7,29.9,41.6,21.7,9.2,5.1,16.6,25.9,104.1,TRUE
2007,7,Detroit Pistons,82,19880,39,87.7,0.445,5.7,16.7,0.33899999999999997,33.3,71,0.47000000000000003,20.5,27.7,0.74,13.5,33.2,46.7,22.8,7.2,4,16.7,23.1,104.2,TRUE
2007,8,Miami Heat,82,19855,38.9,87.6,0.444,7.1,20.1,0.355,31.8,67.5,0.47100000000000003,20.3,27.4,0.742,12.4,33.2,45.5,22.3,7.6,4.2,15.9,24.1,105.3,TRUE
2007,9,Indiana Pacers,82,19780,38.5,84.2,0.457,5.7,15.4,0.372,32.7,68.8,0.47600000000000003,22.8,30.3,0.753,12,32.8,44.8,21.6,8.5,5.4,16.9,25.5,105.5,FALSE
2007,10,Los Angeles Clippers,82,19730,39,86.3,0.452,6.1,18,0.33899999999999997,32.9,68.3,0.48200000000000004,21.5,28.7,0.748,11.3,31.9,43.2,23.1,7.8,4.3,15.2,24.5,105.6,FALSE
2007,11,Denver Nuggets,82,19780,40.6,88.3,0.46,6.9,19.5,0.353,33.7,68.7,0.49,17.9,24.2,0.739,12.5,30.6,43.2,25,8.5,5.3,16.7,24.2,105.9,TRUE
2007,12,Toronto Raptors,82,19755,40,86.5,0.463,7,19.6,0.357,33,67,0.494,18.9,25.1,0.754,11.1,34.7,45.8,22.9,6.4,4.2,16.3,23.4,106,TRUE
2007,13,Phoenix Suns,82,19905,40.8,89.3,0.457,6.4,17.5,0.363,34.5,71.9,0.48000000000000004,18.4,24,0.767,12.7,31.6,44.3,19.5,7.1,3.8,15.7,22.2,106.4,TRUE
2007,14,New Orleans/Oklahoma City Hornets,82,19880,40.2,88,0.457,7.5,21.1,0.355,32.7,67,0.48900000000000005,18.7,24.6,0.759,11.4,33.4,44.8,22.8,7.4,5.2,15,23.2,106.5,FALSE
2007,15,New Jersey Nets,82,19880,38.5,85.6,0.45,6.9,19.2,0.357,31.6,66.3,0.47600000000000003,22.8,29.9,0.762,11.5,33.4,44.8,23.9,7.7,4.9,15.7,24.9,106.6,TRUE
2007,16,Philadelphia 76ers,82,19880,40.4,87.4,0.463,6.7,19,0.353,33.8,68.5,0.493,19.3,25.6,0.754,12.9,32,44.9,24.3,8.1,4.3,17,24,106.9,FALSE
2007,17,Boston Celtics,82,19855,39,83.2,0.468,5.6,15.9,0.354,33.3,67.3,0.495,23.3,31.2,0.747,11.1,32.5,43.7,23.8,7.9,5.9,16.4,23.1,106.9,FALSE
2007,18,Utah Jazz,82,19805,37.3,81.9,0.455,6.7,18.8,0.355,30.6,63.1,0.48500000000000004,25.7,33.5,0.767,10.8,29.4,40.2,20.5,8.2,5.8,16.3,26.6,107,TRUE
2007,19,Golden State Warriors,82,19755,38.9,84.2,0.462,7.5,20.4,0.366,31.4,63.8,0.492,22.2,29.6,0.75,13.2,33.5,46.6,24.8,8.3,4.9,18.7,22.4,107.4,TRUE
2007,20,Charlotte Bobcats,82,20005,39.1,84.1,0.465,5.9,16.2,0.363,33.2,67.9,0.48900000000000005,23.5,31.3,0.75,12.1,33.4,45.5,22.4,7.9,5.7,16.9,23.3,107.6,FALSE
2007,21,Minnesota Timberwolves,82,20005,40.6,88.2,0.46,6.8,19.6,0.348,33.7,68.6,0.492,19.9,26.2,0.76,12.6,32.2,44.8,23.5,7.7,4.7,15.3,22.1,107.9,FALSE
2007,22,Sacramento Kings,82,19805,40.2,85.3,0.47200000000000003,7.1,19.5,0.365,33.1,65.8,0.503,20.5,27,0.757,11.6,33.9,45.5,23.5,7.3,5.2,17.1,25.4,108,FALSE
2007,23,Atlanta Hawks,82,19880,39.6,85,0.466,6.2,16.6,0.376,33.4,68.4,0.48800000000000004,22.8,31.1,0.734,12.7,31.8,44.5,23.2,8,5.6,16.7,24.9,108.3,FALSE
2007,24,Los Angeles Lakers,82,20030,39.7,86.1,0.461,6.7,18.7,0.358,33,67.3,0.49,22.6,29.7,0.76,12.2,32.1,44.4,23,8.3,5.2,15.5,24.5,108.6,TRUE
2007,25,New York Knicks,82,20005,39.9,86.8,0.46,7.6,20.1,0.376,32.4,66.7,0.48500000000000004,21.3,28.2,0.756,11.7,30.4,42.1,23.1,8.1,5.4,14.8,24.8,108.8,FALSE
2007,26,Portland Trail Blazers,82,19955,40.3,85.7,0.47100000000000003,6.4,17.6,0.361,34,68.1,0.499,22.8,29.4,0.778,11.6,32,43.5,23.2,7.3,5.2,15.3,23.8,109.9,FALSE
2007,27,Seattle SuperSonics,82,19830,41.2,86.6,0.47600000000000003,6.8,18.9,0.361,34.4,67.6,0.508,21,28,0.751,12.6,31.7,44.3,24.6,7.8,4.5,16.3,21.6,110.3,FALSE
2007,28,Washington Wizards,82,19830,40.7,86.2,0.47300000000000003,7.7,20.4,0.377,33,65.8,0.502,21.5,27.6,0.777,12.5,32.8,45.3,25,6.7,4.9,16.6,24.8,110.6,TRUE
2007,29,Milwaukee Bucks,82,19855,41.9,87.4,0.48000000000000004,7.4,20.1,0.368,34.5,67.2,0.513,20.5,27.6,0.742,13.9,32.3,46.2,27.2,8.1,5.7,16.8,22.5,111.7,FALSE
2007,30,Memphis Grizzlies,82,19980,42.2,86.8,0.48600000000000004,7.4,19,0.389,34.8,67.8,0.513,20.6,27.1,0.759,12.4,31.9,44.2,26.5,8.7,5.8,16.1,25.6,112.3,FALSE
2008,1,Boston Celtics,82,19755,35.5,84.7,0.41900000000000004,6.5,20.5,0.316,29,64.2,0.452,21.4,28.9,0.743,12,30.6,42.6,20.6,7.9,5.2,17.5,24.3,98.9,TRUE
2008,2,Houston Rockets,82,19730,38.4,88.8,0.43300000000000005,5.8,16,0.365,32.6,72.8,0.447,19,25.7,0.737,12,32.9,44.9,20.8,8.4,5.1,14.7,21.7,101.6,TRUE
2008,3,San Antonio Spurs,82,19730,39.2,88.1,0.444,5.8,16.8,0.34199999999999997,33.4,71.3,0.468,17.7,23.4,0.756,10.6,34.6,45.3,20.4,7.8,4.9,14.5,22.3,101.8,TRUE
2008,4,Detroit Pistons,82,19730,38,86.9,0.43700000000000006,5.7,17.2,0.33199999999999996,32.3,69.7,0.463,21.2,28.5,0.744,12.1,32.7,44.7,21.8,6.6,4.4,15.4,22.5,102.9,TRUE
2008,5,Los Angeles Lakers,82,19780,39.7,89.1,0.445,7,19.4,0.362,32.7,69.7,0.46900000000000003,19.1,25.3,0.752,12.5,32,44.5,22.8,8,4.7,14.8,23.5,105.5,TRUE
2008,6,Orlando Magic,82,19780,39.7,89.1,0.446,6.7,18.7,0.358,33,70.4,0.46900000000000003,19.3,25.7,0.754,11.7,32.7,44.4,22.9,7.6,4.5,14,24.7,105.5,TRUE
2008,7,New Orleans Hornets,82,19805,41,89,0.46,7.3,20.9,0.351,33.6,68.1,0.494,16.4,21.3,0.771,11,34.1,45.1,24,6.3,4.5,15.3,21.2,105.7,TRUE
2008,8,Philadelphia 76ers,82,19755,40.3,87.4,0.461,7.5,20.8,0.36,32.8,66.6,0.493,17.9,23.2,0.772,12.4,30.8,43.2,25.6,7.4,5.6,17.3,22.9,106,TRUE
2008,9,Dallas Mavericks,82,19730,39.2,88.4,0.443,5.5,15.8,0.349,33.7,72.6,0.463,22.2,29.3,0.76,11.9,32.6,44.5,20.9,7.2,4.8,13.5,23.5,106.1,TRUE
2008,10,Denver Nuggets,82,19855,40.4,88.5,0.457,7.5,20.7,0.363,32.9,67.8,0.48500000000000004,17.9,24.6,0.73,12.6,32.5,45.1,25.5,7.8,4.8,16.3,23.6,106.3,TRUE
2008,11,Cleveland Cavaliers,82,19855,39.4,86.6,0.455,6.8,19,0.357,32.6,67.6,0.48200000000000004,20.8,27.8,0.748,10.9,33.5,44.4,23.1,7.5,5.2,14.6,22.3,106.4,TRUE
2008,12,Utah Jazz,82,19705,37.8,82.1,0.461,6.6,18.5,0.357,31.2,63.6,0.491,24.1,32.3,0.749,11,29.5,40.5,21.3,8.1,5.5,17.1,24.7,106.5,TRUE
2008,13,Toronto Raptors,82,19830,40.3,88.1,0.458,8.3,22.6,0.368,32,65.5,0.48900000000000005,18,23.2,0.776,11.1,34.6,45.8,24.1,6.3,4.5,15.4,20.2,107,TRUE
2008,14,Chicago Bulls,82,19805,38.8,85.7,0.453,7.4,19.8,0.375,31.4,65.9,0.47600000000000003,22.1,28.9,0.766,11.9,33.6,45.5,23.4,8.4,6.1,16.3,22.7,107.2,FALSE
2008,15,Indiana Pacers,82,19755,38.5,84.8,0.454,7.5,19.5,0.386,30.9,65.2,0.47400000000000003,23,30.4,0.757,11.6,34.8,46.4,22.6,8.2,5.2,16.1,22.2,107.5,FALSE
2008,16,Phoenix Suns,82,19780,42.3,92.7,0.456,5.9,16.7,0.353,36.4,76,0.47900000000000004,17.7,23.6,0.749,13.8,31.4,45.2,20.2,7.5,3.9,13.8,21.7,108.1,TRUE
2008,17,Portland Trail Blazers,82,19905,40.9,90.7,0.451,7.3,20.6,0.356,33.6,70.2,0.47900000000000004,19.2,25.1,0.766,13.1,33.8,46.9,23.5,6.7,4.1,14.1,22.7,108.4,FALSE
2008,18,Atlanta Hawks,82,19855,41.3,89.4,0.463,6.8,18.8,0.362,34.6,70.6,0.48900000000000005,19.4,25.8,0.752,12.8,31.7,44.5,24.2,8.2,5.6,14.9,23.8,108.9,TRUE
2008,19,Los Angeles Clippers,82,19805,41,87.8,0.467,6.4,18.3,0.349,34.6,69.5,0.498,20.7,27.6,0.751,12.1,35,47,24.1,7.8,5.1,14.6,23.3,109.1,FALSE
2008,20,New Jersey Nets,82,19830,39.5,86.6,0.456,7.1,19.2,0.369,32.4,67.4,0.48000000000000004,23.5,30.6,0.768,11.9,33.3,45.2,23.9,8.8,4.8,14.5,24.3,109.4,FALSE
2008,21,Charlotte Bobcats,82,19880,41,87.9,0.466,6.8,19.1,0.355,34.2,68.7,0.497,20.7,27.6,0.747,13.1,34,47.2,23.5,8.2,6.3,15.5,22.6,109.4,FALSE
2008,22,Seattle SuperSonics,82,19830,41.3,89.6,0.461,7.6,19.8,0.385,33.7,69.8,0.48200000000000004,19.3,25.7,0.749,12.1,33.4,45.4,25.1,8.9,5.5,13.6,20.2,109.5,FALSE
2008,23,Golden State Warriors,82,19780,40.2,85.9,0.468,7,19.1,0.368,33.2,66.8,0.496,22.2,29.2,0.759,12.9,34.4,47.3,23.8,7,5.1,17,21.3,109.5,FALSE
2008,24,Washington Wizards,82,19905,40.6,88.1,0.461,9.2,23.8,0.386,31.4,64.3,0.48900000000000005,19.1,25.3,0.754,12.1,33.4,45.5,26.4,7.1,4.9,15.5,22.3,109.6,TRUE
2008,25,Sacramento Kings,82,19830,40.1,86.1,0.466,7.6,20.5,0.373,32.5,65.6,0.495,22,29.2,0.753,12.4,31.5,43.9,24,8.5,5.8,16,24.2,109.9,FALSE
2008,26,Miami Heat,82,19830,40.6,86.9,0.468,7.4,20.1,0.369,33.2,66.8,0.497,21.3,28.2,0.755,12.3,35.1,47.4,24.4,8.5,4.6,15.6,22.1,110,FALSE
2008,27,Minnesota Timberwolves,82,19730,40.5,85.8,0.47200000000000003,7.2,20.1,0.357,33.3,65.7,0.507,23.1,30,0.769,11.5,33.7,45.2,25.1,8.1,6.2,14.6,19,111.2,FALSE
2008,28,Memphis Grizzlies,82,19805,43.2,90,0.48000000000000004,7.5,20.7,0.364,35.6,69.3,0.514,17.6,22.8,0.774,11.8,34.6,46.4,25,9,5.1,13.9,23.4,111.4,FALSE
2008,29,New York Knicks,82,19880,41.9,88.4,0.47400000000000003,7.7,21,0.369,34.2,67.4,0.507,20.2,27.4,0.739,12.2,33.9,46.1,23.4,8.2,5.7,13.8,21.9,111.9,FALSE
2008,30,Milwaukee Bucks,82,19855,41.6,86.8,0.48000000000000004,7.8,20.2,0.384,33.9,66.6,0.509,21.7,28.3,0.766,11.5,32.6,44.1,25.3,8.6,5.3,14.9,22.9,112.8,FALSE
2009,1,Orlando Magic,82,19730,38.7,89.4,0.43300000000000005,5.8,17.1,0.34199999999999997,32.8,72.3,0.454,18.7,24.8,0.755,11.4,34.1,45.5,19.6,7.4,4.1,14.1,24.2,101.9,TRUE
2009,2,Boston Celtics,82,19880,36.9,85.7,0.43100000000000005,6.8,19.4,0.349,30.1,66.3,0.454,21.7,28.2,0.771,11.1,30,41.2,20.7,7.8,5.2,16,24.3,102.3,TRUE
2009,3,Cleveland Cavaliers,82,19780,37.9,88.1,0.43100000000000005,6.6,19.8,0.33299999999999996,31.4,68.3,0.459,20,25.9,0.77,12,31.6,43.6,21.4,7.1,4.6,15.5,22.8,102.4,TRUE
2009,4,Houston Rockets,82,19805,40.2,90.5,0.444,6.2,17.4,0.357,34,73,0.465,17.4,23.2,0.749,11.7,32.2,44,21.8,7.9,5.8,13.6,22.7,104,TRUE
2009,5,San Antonio Spurs,82,19905,40.5,89.6,0.453,6.1,16.1,0.379,34.5,73.5,0.46900000000000003,17.1,22.3,0.769,10.2,35.1,45.2,20.2,7.2,4.8,13.1,20.6,104.3,TRUE
2009,6,Los Angeles Lakers,82,19780,39.2,87.8,0.447,7.5,21.9,0.345,31.7,65.9,0.48100000000000004,18.7,24.8,0.753,12.3,31.4,43.7,23.9,8.2,5,16.4,23.4,104.7,TRUE
2009,7,Charlotte Bobcats,82,19930,39.3,86.6,0.454,7.6,20.8,0.366,31.7,65.8,0.48200000000000004,19.9,26.3,0.756,12,31.5,43.5,21.9,8.5,6.7,16.4,23.4,106.1,FALSE
2009,8,Denver Nuggets,82,19730,38.3,87,0.44,7.8,21.2,0.366,30.5,65.7,0.464,22.5,28.8,0.7819999999999999,12.8,30.9,43.6,22.7,8.4,5.8,16.3,25.1,106.8,TRUE
2009,9,New Orleans Hornets,82,19755,39.4,87.6,0.45,8,22.5,0.354,31.5,65.1,0.48400000000000004,20.1,26,0.773,11.4,34,45.4,22.8,6.6,4,15.1,23.2,107,TRUE
2009,10,Utah Jazz,82,19880,39.1,84.4,0.464,6.9,19.2,0.361,32.2,65.2,0.494,22.1,28.9,0.763,11.8,31,42.8,21.3,8.5,5.5,17.1,25.6,107.3,TRUE
2009,11,Atlanta Hawks,82,19705,40.8,89.8,0.454,7.2,20.3,0.353,33.6,69.5,0.48400000000000004,18.8,24.5,0.769,13,33.7,46.7,23.2,7.2,4.8,15.2,22.8,107.6,TRUE
2009,12,Miami Heat,82,19955,39.1,85.8,0.455,7.9,20.3,0.389,31.2,65.5,0.47600000000000003,21.5,27.9,0.771,12,33.9,45.9,22,7.1,4.5,16.7,21.8,107.6,TRUE
2009,13,Portland Trail Blazers,82,19830,40.5,88,0.46,6.8,18.2,0.374,33.7,69.9,0.48200000000000004,20,24.9,0.803,11,30.6,41.6,22.2,7.2,4.5,15.1,24.2,107.8,TRUE
2009,14,Philadelphia 76ers,82,19755,40.5,87.6,0.462,7.9,21.5,0.367,32.6,66.1,0.493,18.9,24.2,0.7819999999999999,12.6,30.9,43.5,24.3,7.8,5.4,17.3,24.1,107.8,TRUE
2009,15,Milwaukee Bucks,82,19780,37.4,81.7,0.458,7.4,19.5,0.378,30,62.2,0.48300000000000004,25.7,32.5,0.7909999999999999,10.9,33.1,44,22.7,8.1,4.9,17.7,24.1,107.9,FALSE
2009,16,Detroit Pistons,82,19905,40,88.7,0.451,6,17.1,0.354,33.9,71.6,0.47400000000000003,22,28.3,0.775,12,34.1,46.1,23,6.4,4.8,13.4,22.4,108,TRUE
2009,17,Dallas Mavericks,82,19805,40.7,89.5,0.455,6.8,18.3,0.375,33.8,71.2,0.47500000000000003,20.2,25.3,0.7979999999999999,11.7,33.2,45,21.3,7.8,4.4,14.1,21.8,108.4,TRUE
2009,18,Chicago Bulls,82,19930,40.6,88.8,0.458,6.3,18.1,0.347,34.4,70.7,0.48600000000000004,21.1,26.9,0.7859999999999999,13.2,32.2,45.4,22.3,8,5.8,15.2,22.1,108.7,TRUE
2009,19,Indiana Pacers,82,19830,39.4,86.1,0.458,7.1,19.1,0.375,32.3,67,0.48100000000000004,23.3,30.5,0.764,11.4,34,45.4,21.7,8,5.6,14.4,21.2,109.2,FALSE
2009,20,Oklahoma City Thunder,82,19805,41.8,88,0.47500000000000003,6.8,18.6,0.364,35,69.4,0.505,19,25,0.761,11.4,32.3,43.8,22.9,9,5.3,14.8,21.4,109.4,FALSE
2009,21,Memphis Grizzlies,82,19805,40.6,85.7,0.47300000000000003,7.2,20.3,0.355,33.4,65.4,0.51,21.2,27.5,0.77,11.3,32.7,44,23.3,8.5,6,16.1,24,109.5,FALSE
2009,22,Toronto Raptors,82,19805,41.8,89.9,0.465,8.3,22.6,0.367,33.5,67.3,0.498,18.2,23.2,0.7839999999999999,11.8,33.4,45.2,24.9,6.9,5.1,14.4,21.7,110,FALSE
2009,23,New York Knicks,82,19805,42.3,88.2,0.48000000000000004,7.2,20.4,0.351,35.2,67.9,0.518,19,25,0.758,12,35.4,47.4,22.2,8.2,5.5,14.9,20,110.8,FALSE
2009,24,New Jersey Nets,82,19830,39.8,86,0.462,8.1,20.7,0.391,31.7,65.3,0.48500000000000004,23.4,30.7,0.762,11.7,34,45.7,24.1,7.6,5.3,14.8,22.6,111,FALSE
2009,25,Minnesota Timberwolves,82,19805,41.1,86.8,0.47400000000000003,7.1,18.8,0.377,34,68,0.5,22.1,28.4,0.778,10.8,33.6,44.4,23.4,8.1,6.4,13.6,21.7,111.4,FALSE
2009,26,Phoenix Suns,82,19755,41.5,88.9,0.467,7.9,20.7,0.383,33.6,68.2,0.492,20.7,26.7,0.775,12.6,29.8,42.3,22,8.9,4.7,14.7,23.8,111.6,FALSE
2009,27,Los Angeles Clippers,82,19880,42.2,89.2,0.47300000000000003,7,18.8,0.375,35.2,70.5,0.499,20.3,26.7,0.76,12.6,34.8,47.4,25.6,8.5,5.4,14.3,21.1,111.7,FALSE
2009,28,Golden State Warriors,82,19880,41.8,89.4,0.468,7.2,18.8,0.38,34.7,70.6,0.491,22.5,28.8,0.779,14.3,33.1,47.5,24.3,8,5.1,15.1,23.7,113.3,FALSE
2009,29,Washington Wizards,82,19705,42.4,87.9,0.48200000000000004,9,23.3,0.387,33.3,64.6,0.516,19.9,26.2,0.759,12.5,33.3,45.8,27,7.9,5.8,15.3,21.9,113.6,FALSE
2009,30,Sacramento Kings,82,19905,42,86.9,0.48300000000000004,7.4,18.3,0.406,34.6,68.6,0.504,23.3,30.9,0.756,13,33.2,46.2,23,9,5.4,15.1,22.2,114.7,FALSE
2010,1,Charlotte Bobcats,82,19880,39.1,87.3,0.448,7.7,22.7,0.33799999999999997,31.4,64.7,0.48600000000000004,17,22.8,0.743,11.6,31.8,43.4,22.3,8.2,6.7,16.8,24.1,102.8,TRUE
2010,2,Milwaukee Bucks,82,19980,37.6,83.3,0.451,5.7,16.7,0.34299999999999997,31.9,66.6,0.47800000000000004,22.2,29,0.765,10.3,35.7,46,20.7,7.5,5.5,16.4,21.8,103.1,TRUE
2010,3,Orlando Magic,82,19730,39.1,89.1,0.43800000000000006,6.9,19,0.363,32.2,70.1,0.459,18.2,24.2,0.754,10.6,32.8,43.4,20.5,7.3,3.8,13.9,24,103.3,TRUE
2010,4,Los Angeles Lakers,82,19830,39.8,89.2,0.446,6.8,20.7,0.328,33,68.5,0.48100000000000004,17.4,23.2,0.75,11.9,33.2,45.1,23.4,7.5,4.7,15.1,22.7,103.7,TRUE
2010,5,Boston Celtics,82,19780,38.1,84.6,0.451,6.2,18.2,0.34199999999999997,31.9,66.4,0.48100000000000004,21.3,28.5,0.746,11.5,32,43.5,21,7.7,5.1,17,23.5,103.8,TRUE
2010,6,Cleveland Cavaliers,82,19780,39,88.1,0.442,7,20.1,0.347,32,68,0.47100000000000003,19.2,25.3,0.757,10.5,31.4,42,22.1,7.2,4.3,13.9,22.7,104.1,TRUE
2010,7,Miami Heat,82,19880,37.9,86.3,0.43900000000000006,7.1,20.6,0.34199999999999997,30.8,65.7,0.46900000000000003,21.2,28.2,0.754,11.5,33.4,45,20.8,7,4.8,15.9,22.1,104.1,TRUE
2010,8,San Antonio Spurs,82,19780,40,88.6,0.452,5.5,15.9,0.34299999999999997,34.6,72.7,0.47600000000000003,19,25.1,0.756,10.8,32.1,42.9,20.9,7.5,5.5,13.7,22.1,104.5,TRUE
2010,9,Oklahoma City Thunder,82,19805,39.1,87.5,0.448,6.3,18.4,0.33999999999999997,32.9,69.1,0.47600000000000003,20.1,26.3,0.764,12.2,31.2,43.4,21.1,8,5,16.1,22.8,104.6,TRUE
2010,10,Utah Jazz,82,19755,37.7,83.8,0.449,7.1,20.2,0.354,30.5,63.6,0.48000000000000004,22.5,29.6,0.762,10.8,30.8,41.6,21.1,8.2,5.8,16,23.5,105,TRUE
2010,11,Chicago Bulls,82,19905,39.4,89.2,0.442,7.6,21.8,0.348,31.8,67.4,0.47200000000000003,18.9,25.4,0.744,11.9,33.5,45.4,22.2,7.5,5.7,14.1,21.3,105.3,TRUE
2010,12,Dallas Mavericks,82,19880,40.6,88.8,0.457,6.9,19.8,0.347,33.7,69,0.48800000000000004,18.3,24.1,0.758,12,33.8,45.9,21.7,7.3,4.4,15.6,21.6,106.3,TRUE
2010,13,Atlanta Hawks,82,19855,40.9,88.8,0.46,6.4,18.7,0.345,34.4,70.2,0.491,18.5,24.8,0.745,12.4,33.1,45.5,23.1,6.8,4.8,15.2,21.2,106.7,TRUE
2010,14,Indiana Pacers,82,19705,39.1,86.3,0.453,6.4,17.6,0.363,32.7,68.6,0.47600000000000003,22.3,29.4,0.756,12.2,35.8,48,21.3,8.2,5.2,15.4,21.4,106.8,FALSE
2010,15,Portland Trail Blazers,82,19855,40.6,87.5,0.464,6.6,19.3,0.34299999999999997,34,68.2,0.499,19.2,25.8,0.745,11,32,43,21.8,6.7,4.6,15.2,24.3,107.1,TRUE
2010,16,Denver Nuggets,82,19780,39.5,86.6,0.456,6.7,19.2,0.349,32.8,67.4,0.48700000000000004,21.7,28.3,0.768,12.2,32.2,44.4,22.1,7.4,5.6,15.8,24.9,107.5,TRUE
2010,17,Houston Rockets,82,19905,41.5,87.3,0.47500000000000003,6.3,17.2,0.364,35.2,70.1,0.503,18.8,24.6,0.764,11.2,33.7,45,22,7.7,6.8,15.5,23.6,108,FALSE
2010,18,Washington Wizards,82,19830,40.7,88,0.463,7,19.4,0.36,33.7,68.6,0.492,21,27.6,0.761,12.3,33.4,45.8,23.4,7.5,5.5,14.7,22.2,109.4,FALSE
2010,19,Memphis Grizzlies,82,19905,42.2,88.3,0.47800000000000004,7.4,20.9,0.354,34.9,67.4,0.517,18.1,23.9,0.755,11.7,30.3,42,24.2,8.2,6.5,15,23.7,109.9,FALSE
2010,20,Sacramento Kings,82,19880,41.1,87.7,0.46900000000000003,6.4,17.9,0.357,34.7,69.8,0.497,21.4,27.6,0.774,11.7,32.6,44.3,21.6,7.5,6,14.4,21.2,109.9,FALSE
2010,21,New Orleans Hornets,82,19830,42.5,87.9,0.48300000000000004,7,19.8,0.355,35.4,68.1,0.52,18.1,24.1,0.751,11.4,33.8,45.2,25.2,7.5,4.8,15.4,20.9,110.1,FALSE
2010,22,Los Angeles Clippers,82,19705,42,89.4,0.47000000000000003,7,19.2,0.363,35,70.2,0.499,19.1,25.1,0.762,11.6,32.8,44.3,25.3,9,4.8,13.9,20.9,110.1,FALSE
2010,23,Phoenix Suns,82,19730,41.3,91.4,0.452,7.2,20.2,0.355,34.1,71.2,0.47900000000000004,20.5,27,0.76,13.8,30.5,44.3,21.7,8.2,4.7,13.6,22.8,110.2,TRUE
2010,24,Philadelphia 76ers,82,19805,41.1,87,0.47200000000000003,8,20.4,0.393,33.1,66.6,0.497,20.1,26.2,0.766,11.8,32.7,44.4,24,8.2,4.4,15.7,20.3,110.3,FALSE
2010,25,New Jersey Nets,82,19780,42.1,87.6,0.48100000000000004,6.2,17,0.366,35.9,70.6,0.509,20.1,26.8,0.748,12.3,35.6,47.9,26,8.5,5.6,15.3,21.9,110.5,FALSE
2010,26,Detroit Pistons,82,19780,40.6,84.6,0.48000000000000004,7.8,20.7,0.375,32.8,63.8,0.515,22.3,29.1,0.767,11.2,33.2,44.3,26,7.5,5.5,16.1,23.3,111.4,FALSE
2010,27,New York Knicks,82,19880,43.1,88.7,0.48600000000000004,7.1,20.2,0.352,36,68.5,0.525,18.4,24.4,0.754,12.3,35,47.3,22.1,7.5,4.7,15.2,20.2,111.6,FALSE
2010,28,Minnesota Timberwolves,82,19780,42.2,87.9,0.48000000000000004,7.8,21.3,0.366,34.4,66.6,0.517,19.4,25,0.774,11.6,33.3,44.9,26.6,9.1,5.6,14.8,21.3,111.6,FALSE
2010,29,Golden State Warriors,82,19730,41.3,85.3,0.48500000000000004,6.9,18.4,0.375,34.4,66.9,0.515,22.2,29,0.767,13.3,34.4,47.8,24,7.8,4.9,17.5,21.3,111.7,FALSE
2010,30,Toronto Raptors,82,19780,41.6,89,0.468,7.9,21.7,0.366,33.7,67.3,0.501,21.9,28,0.7839999999999999,12.2,32,44.1,24.6,7.6,4.7,13.6,22.6,113.2,FALSE
2011,1,Boston Celtics,82,19780,37.2,85.5,0.43400000000000005,5.9,17.5,0.33999999999999997,31.2,68,0.459,20.1,26.5,0.756,11.6,32,43.6,20.6,7.7,4.9,16.9,22.3,100.3,TRUE
2011,2,Chicago Bulls,82,19830,37.6,87.4,0.43000000000000005,5.7,17.5,0.326,31.9,69.9,0.456,19.4,25.4,0.764,11.1,31.1,42.2,20.8,7.6,6.4,15.5,22,100.3,TRUE
2011,3,Orlando Magic,82,19830,38,87.1,0.43600000000000005,6.8,19.6,0.35,31.2,67.6,0.461,19.1,25.7,0.743,10.7,32.5,43.2,21.8,8,4.1,15.1,23.8,102,TRUE
2011,4,Milwaukee Bucks,82,19830,38.2,85.5,0.447,5.9,17.6,0.33399999999999996,32.3,67.9,0.47600000000000003,20.2,26.2,0.77,11.3,35.4,46.7,22.3,6.8,5.3,16.8,22.8,102.5,FALSE
2011,5,Miami Heat,82,19780,38.3,88.3,0.43400000000000005,7.3,21.1,0.345,31,67.1,0.462,19.7,26.4,0.744,11.5,31.4,42.9,22,7.7,3.3,14.4,23.9,103.5,TRUE
2011,6,Los Angeles Lakers,82,19830,40.1,91.9,0.43700000000000006,7.4,22.2,0.33499999999999996,32.7,69.6,0.46900000000000003,16.6,21.7,0.765,13.4,32,45.4,24.4,7.8,5,14.9,22.7,104.3,TRUE
2011,7,Dallas Mavericks,82,19705,40,88.8,0.45,6.8,19.7,0.34299999999999997,33.2,69.1,0.48100000000000004,18.3,24.4,0.75,11.7,32.8,44.5,22.5,8.3,4,14.9,22,105,TRUE
2011,8,Philadelphia 76ers,82,19930,39.4,87.2,0.451,6.1,18.1,0.33999999999999997,33.2,69.1,0.48000000000000004,20.2,26.1,0.773,11.6,34.3,45.8,23.1,7.7,4.9,15.3,20.3,105,TRUE
2011,9,Memphis Grizzlies,82,19880,39,85.2,0.457,7.7,20.9,0.369,31.3,64.3,0.48600000000000004,19.5,25.6,0.761,11.9,31.4,43.2,22.6,8.1,6.6,18,23,105.1,TRUE
2011,10,New Orleans Hornets,82,19830,39.3,86,0.457,7.6,21.3,0.357,31.7,64.7,0.49,19,24.6,0.77,10.5,33.5,44,23.7,6.8,5.4,16.3,22.8,105.2,TRUE
2011,11,San Antonio Spurs,82,19780,41.1,90.2,0.456,6.3,17.2,0.367,34.8,73,0.47700000000000004,17.1,22.3,0.766,11.6,32.8,44.4,22.1,7.5,4.9,14.4,22.4,105.6,TRUE
2011,12,Indiana Pacers,82,19780,39.3,87.6,0.449,6.5,18.2,0.359,32.8,69.4,0.47300000000000003,20.7,27.6,0.75,11.9,33.5,45.5,21.4,7.9,6,14.6,22.5,106,TRUE
2011,13,Atlanta Hawks,82,19730,41,89,0.46,6.3,18.5,0.33799999999999997,34.7,70.5,0.492,18.8,24.3,0.774,11.4,33.9,45.3,23.8,7.5,4.7,14,20.7,107,TRUE
2011,14,Portland Trail Blazers,82,19805,40,85.7,0.467,7.3,19.8,0.367,32.7,65.9,0.497,19.8,25.8,0.767,12,32.9,44.8,21.7,7.8,4.7,17.7,24,107.1,TRUE
2011,15,Oklahoma City Thunder,82,20005,40.4,88.3,0.458,6.2,17.3,0.361,34.2,71,0.48100000000000004,20.1,27.1,0.744,12.1,31,43.1,22.2,7.6,4.6,14.9,22.9,107.2,TRUE
2011,16,Denver Nuggets,82,19705,40.2,87.6,0.459,7.3,21.3,0.344,32.8,66.3,0.495,19.6,25.9,0.756,11,32.2,43.2,23.2,7.8,6.2,14.4,23.8,107.3,TRUE
2011,17,Charlotte Bobcats,82,19805,40,87.8,0.455,7.8,21.8,0.359,32.2,66,0.48700000000000004,20.1,25.8,0.7799999999999999,10.9,33.1,43.9,24,8.1,6.7,14.6,23.4,107.8,FALSE
2011,18,Los Angeles Clippers,82,19855,39.7,87.1,0.455,7.6,20.8,0.365,32.1,66.3,0.48400000000000004,21.7,28.2,0.771,11.9,31.4,43.3,23.8,8.6,5.3,14.6,23.6,108.7,FALSE
2011,19,Sacramento Kings,82,19855,41.4,86.7,0.47800000000000004,6.1,17.2,0.355,35.3,69.5,0.508,20.2,26.5,0.762,11,31.8,42.9,22.6,8.5,5.9,15.3,21.9,109,FALSE
2011,20,Houston Rockets,82,19880,41.9,89.4,0.468,5.7,16,0.358,36.1,73.4,0.492,19.6,25,0.7809999999999999,12.2,32.7,44.9,21.9,7.5,5.8,14.4,22.5,109,FALSE
2011,21,New Jersey Nets,82,20005,41,88.1,0.465,6.8,18.6,0.364,34.2,69.5,0.492,21.2,28.2,0.751,11.3,34.4,45.7,24.3,7.5,5,13.5,21.9,109.9,FALSE
2011,22,New York Knicks,82,19780,41.2,87.2,0.47200000000000003,6.8,18.3,0.372,34.4,68.9,0.499,20.9,27.5,0.762,12.2,33.6,45.8,21.4,7.4,4.6,15.9,21.6,110.1,TRUE
2011,23,Utah Jazz,82,19880,39.3,85.7,0.459,7.8,20.9,0.376,31.5,64.8,0.48600000000000004,23.6,30.3,0.778,12.3,32.2,44.4,22.5,8.1,5.4,15.9,23.9,110.1,FALSE
2011,24,Washington Wizards,82,19930,40.7,86.5,0.47100000000000003,7.2,19.3,0.373,33.5,67.3,0.499,21.5,28.3,0.761,12.8,33.5,46.2,24.4,8,5.3,16.6,21.3,110.2,FALSE
2011,25,Phoenix Suns,82,20005,42.1,89.2,0.47200000000000003,7.4,20.3,0.367,34.6,68.9,0.502,18.8,25,0.754,12.5,33.6,46.2,24,8.2,4.5,15.1,22.1,110.4,FALSE
2011,26,Golden State Warriors,82,19830,40.5,86.7,0.467,7.2,20.2,0.358,33.3,66.4,0.501,22.4,28.9,0.776,13.4,33.5,46.9,25.9,8.6,4.5,16.9,19.3,110.7,FALSE
2011,27,Minnesota Timberwolves,82,19780,40.6,86.8,0.468,8,21.5,0.374,32.6,65.3,0.499,21.8,28,0.778,11.5,32.4,43.9,25.5,9.8,5.6,14.9,21.6,111.1,FALSE
2011,28,Detroit Pistons,82,19880,42.1,86.7,0.48600000000000004,7.1,19.8,0.358,35,66.9,0.523,20.4,26.6,0.766,11.7,33.4,45.2,25.9,7.7,5.2,15.7,20.9,111.7,FALSE
2011,29,Cleveland Cavaliers,82,19755,42.2,88.8,0.47500000000000003,8.7,21.1,0.41100000000000003,33.5,67.8,0.495,18.8,24.7,0.759,11.7,34.9,46.6,25.9,8.1,6.4,14.5,22.8,111.8,FALSE
2011,30,Toronto Raptors,82,19780,42,87.1,0.48200000000000004,7.1,18.8,0.376,34.9,68.3,0.511,21.8,28.4,0.769,11.9,32.1,44,24.2,8.2,6,14.9,21.2,112.9,FALSE
2012,1,Boston Celtics,66,15940,36.8,87.7,0.41900000000000004,5.7,18.6,0.308,31,69.1,0.449,19,25,0.76,13,34.5,47.5,20.5,8.6,5.1,17.2,20.3,98.2,TRUE
2012,2,Chicago Bulls,66,15940,38.6,91.5,0.42100000000000004,5.2,15.9,0.325,33.4,75.7,0.442,16,21.6,0.74,12.7,31.9,44.6,21,8.3,5.8,14.8,19.7,98.3,TRUE
2012,3,Philadelphia 76ers,66,15915,38.1,89.2,0.42700000000000005,6,18,0.33399999999999996,32.1,71.2,0.45,17.1,22.7,0.752,11.9,36.7,48.5,21.7,6.6,5.3,15.4,18,99.2,TRUE
2012,4,Miami Heat,66,16040,37.5,86.4,0.43400000000000005,7.9,21.6,0.363,29.6,64.8,0.457,17.3,23.9,0.725,11.9,31.1,43,21.3,9,4.6,18.2,22.2,100.2,TRUE
2012,5,New York Knicks,66,15940,37.4,84.7,0.442,7.2,20,0.359,30.3,64.6,0.468,18.9,25.7,0.736,11.6,33,44.6,20.2,8.7,5.4,18.2,23.2,101,TRUE
2012,6,Atlanta Hawks,66,16165,39.2,88.3,0.444,6.4,18.7,0.344,32.7,69.6,0.47000000000000003,16.4,21.8,0.753,11.7,34.2,45.9,22.3,8.1,5.2,16.4,20.8,101.2,TRUE
2012,7,Memphis Grizzlies,66,15940,37.8,85.1,0.444,6.9,20.1,0.345,30.9,65.1,0.47400000000000003,19.3,25.2,0.764,12.1,32.4,44.5,21.1,8.6,6,18.7,21.1,101.8,TRUE
2012,8,Dallas Mavericks,66,16065,38.3,88.1,0.43500000000000005,7.7,22.4,0.346,30.6,65.7,0.466,17.8,23.8,0.75,11.8,35.5,47.4,22.1,9.2,4.3,15.9,19.8,102.3,TRUE
2012,9,Indiana Pacers,66,15990,38.1,87.7,0.43500000000000005,7.3,20.8,0.351,30.8,66.9,0.461,19.5,26.7,0.729,13.1,33.1,46.2,21.4,7.2,6.6,16.3,23.6,103.1,TRUE
2012,10,San Antonio Spurs,66,15940,40.7,90.1,0.452,6.7,18.9,0.353,34,71.2,0.47800000000000004,15.1,20,0.756,11,33,44.1,20.9,7.9,5.3,14.7,20.2,103.2,TRUE
2012,11,Oklahoma City Thunder,66,15990,38.8,90.8,0.42700000000000005,6.8,19.9,0.34199999999999997,32,71,0.451,18.8,24.5,0.768,13.5,30.5,44,21.2,8.7,5.2,15.1,21.3,103.2,TRUE
2012,12,Orlando Magic,66,15965,40.1,89.3,0.449,7,20.1,0.347,33.1,69.2,0.47800000000000004,17,22,0.772,11.3,34.8,46.1,22.8,8.4,4.6,14.6,22.1,104.1,TRUE
2012,13,Los Angeles Lakers,66,16065,41.1,94.1,0.43700000000000006,7.3,21,0.348,33.8,73.1,0.463,14.9,20,0.742,12.5,32.1,44.6,23.9,9.2,5,12.3,22,104.4,TRUE
2012,14,Toronto Raptors,66,15965,37.6,86.4,0.43500000000000005,6.8,20.6,0.328,30.9,65.8,0.46900000000000003,22.5,30.2,0.744,11.4,33.6,45,22.3,8.1,5.4,14.7,20.4,104.5,FALSE
2012,15,New Orleans Hornets,66,15940,39.3,88.5,0.444,7.2,22.9,0.317,32.1,65.6,0.48900000000000005,19.2,25.4,0.759,12.5,32.6,45,23.5,8.9,6.5,15.6,21.1,105.1,FALSE
2012,16,Milwaukee Bucks,66,15865,39.5,88,0.449,7.1,20.1,0.351,32.5,67.9,0.47800000000000004,19.1,24.8,0.769,13.1,34.5,47.6,23.1,8.1,4.8,16.9,20.6,105.2,FALSE
2012,17,Houston Rockets,66,16065,40.3,88.4,0.456,6,18.5,0.325,34.3,69.9,0.491,18.6,24.3,0.766,11.9,33,44.9,21.5,8.1,5.5,15.8,19.8,105.2,FALSE
2012,18,Los Angeles Clippers,66,15965,38.4,85.9,0.447,7.8,21.3,0.365,30.7,64.7,0.47400000000000003,21.1,28.3,0.746,12,32.3,44.3,23.1,6.7,5,16.3,23.6,105.7,TRUE
2012,19,Utah Jazz,66,16165,39,86.2,0.453,6.9,20.4,0.33999999999999997,32.1,65.8,0.48800000000000004,21.1,28,0.754,11.8,32.3,44.1,22,8,6.1,15.7,22.2,106.1,TRUE
2012,20,Denver Nuggets,66,16040,40.4,88.5,0.456,9.1,23.7,0.383,31.3,64.8,0.48300000000000004,16.3,21.5,0.759,11.6,30.6,42.2,24.3,8.3,7,16.3,23.1,106.2,TRUE
2012,21,Washington Wizards,66,15865,39.6,87.5,0.453,7,19.9,0.35,32.6,67.6,0.48300000000000004,20.1,26.5,0.758,13.3,33.7,47,23.2,8.5,4.9,16.4,20.1,106.2,FALSE
2012,22,Detroit Pistons,66,15965,40.1,86.7,0.462,6.7,18.8,0.355,33.4,67.9,0.492,19.6,25.6,0.765,11.8,33.4,45.3,25,9.5,5.9,16.2,21.6,106.3,FALSE
2012,23,Portland Trail Blazers,66,15965,40.8,88.2,0.463,7.3,20.1,0.363,33.5,68.1,0.492,17.5,23.4,0.747,12,34,46,22.9,8.2,5.2,16.2,21.5,106.4,FALSE
2012,24,Phoenix Suns,66,15840,41,90.1,0.455,6.5,18.5,0.352,34.5,71.6,0.48100000000000004,18,23.6,0.762,13.1,33.8,46.9,23.2,8.6,4.7,15.2,21.2,106.5,FALSE
2012,25,Minnesota Timberwolves,66,15940,41.5,91.3,0.455,6.6,19.3,0.33999999999999997,35,72,0.48600000000000004,17.1,22.6,0.755,12.4,33.8,46.3,22.9,8.9,6.1,14.1,23.2,106.6,FALSE
2012,26,Cleveland Cavaliers,66,15965,41.7,89.4,0.467,7.4,20.3,0.362,34.4,69.1,0.498,18,24.1,0.748,12.4,34.1,46.5,25.1,8.6,6.7,15.1,22.7,108.9,FALSE
2012,27,Golden State Warriors,66,15915,40.2,88.7,0.453,7.6,20.9,0.365,32.5,67.8,0.48000000000000004,21,28.2,0.747,14.2,35.2,49.4,24.9,8.1,5.4,16,17.9,109.1,FALSE
2012,28,New Jersey Nets,66,15890,41.9,88.7,0.47200000000000003,7.2,19.3,0.374,34.7,69.4,0.5,18.5,25,0.74,13.1,34,47.1,25.8,8.8,5.5,15.8,21.3,109.6,FALSE
2012,29,Sacramento Kings,66,15915,42.5,89.3,0.47600000000000003,7,19.7,0.355,35.5,69.7,0.51,17.8,23.4,0.762,13,34.3,47.3,25,8.3,6.7,16.2,20.9,109.8,FALSE
2012,30,Charlotte Bobcats,66,15890,42.6,89.7,0.47500000000000003,6.7,18.9,0.356,35.8,70.8,0.506,18.5,24.6,0.75,12.9,36.4,49.3,25.5,8.3,6.3,14.8,22.2,110.4,FALSE
2013,1,Indiana Pacers,81,19590,38,90.4,0.42000000000000004,6,18.3,0.327,32,72.2,0.444,17.9,23.5,0.76,12.3,32.6,45,21.1,8.3,6.2,14.9,24.1,99.8,TRUE
2013,2,Memphis Grizzlies,82,19805,37.7,86.5,0.43500000000000005,6.9,20.4,0.33799999999999997,30.7,66.1,0.465,18.1,24.2,0.748,11.6,32.3,43.9,21.9,8.2,6.2,17.4,22.5,100.3,TRUE
2013,3,San Antonio Spurs,82,19880,39.5,89.2,0.442,6.7,18.9,0.353,32.8,70.4,0.466,16,21,0.76,11.7,33,44.7,22.5,8.7,5.2,15.7,20.1,101.6,TRUE
2013,4,Oklahoma City Thunder,82,19830,38.5,90.4,0.42500000000000004,7.9,22.8,0.346,30.5,67.6,0.452,17.8,23,0.774,12.8,30.5,43.3,21.8,8.7,4.2,15.7,22,102.6,TRUE
2013,5,Washington Wizards,82,19855,38.6,87.8,0.44,7.7,22,0.349,30.9,65.8,0.47000000000000003,18.1,24.5,0.738,11.8,35.7,47.5,23.2,8.4,4.7,15.6,20.6,103,FALSE
2013,6,Chicago Bulls,82,19830,39.4,88.9,0.443,6.1,17.7,0.346,33.2,71.2,0.467,18.3,24.7,0.739,12.2,33.4,45.6,20.9,8.1,6.5,15.2,21.8,103.2,TRUE
2013,7,Boston Celtics,81,19840,38.6,87.5,0.441,7.3,21.2,0.34199999999999997,31.3,66.3,0.47200000000000003,18.9,25.5,0.74,12.2,34.3,46.5,23.1,8.4,5,16.3,20.8,103.3,TRUE
2013,8,Los Angeles Clippers,82,19730,37.8,85.4,0.443,8.4,22.4,0.373,29.5,62.9,0.468,19.6,26.1,0.749,11.9,30.9,42.8,24.2,8.1,4.5,17.6,22.8,103.6,TRUE
2013,9,Miami Heat,82,19880,38.9,88.3,0.44,8.3,23.7,0.35,30.6,64.6,0.47300000000000003,17.7,23.1,0.766,12.3,31.5,43.8,22,8.6,3.5,17,22.3,103.7,TRUE
2013,10,Atlanta Hawks,82,19855,40.1,89,0.45,8.1,21.3,0.379,32,67.7,0.47300000000000003,16.1,21.1,0.763,12.1,34.7,46.8,23.8,9,4.6,16.3,20.1,104.4,TRUE
2013,11,Denver Nuggets,82,19905,39.6,89.1,0.444,8.7,24,0.363,30.9,65.1,0.47400000000000003,17.2,23.6,0.731,12.9,30.3,43.3,24.6,8.3,7,16.6,22.5,105.1,TRUE
2013,12,Milwaukee Bucks,82,19830,40.3,88.8,0.454,6.8,19.4,0.348,33.5,69.4,0.48300000000000004,17.9,23.5,0.759,13,35.2,48.3,24.2,8.4,4.6,16.7,20,105.2,TRUE
2013,13,Minnesota Timberwolves,82,19730,40.8,87.2,0.468,7.5,20.4,0.369,33.2,66.8,0.498,16.3,21.6,0.752,11.4,33.8,45.3,24,8.7,6.3,17.1,24.2,105.4,FALSE
2013,14,Golden State Warriors,82,19805,39.1,89.2,0.43900000000000006,8.4,24.3,0.347,30.7,64.9,0.47300000000000003,18.8,25.1,0.748,11.6,33.3,44.9,24.8,8.6,5.1,14.2,20.2,105.5,TRUE
2013,15,Philadelphia 76ers,82,19755,40.3,88.7,0.454,7.3,21,0.349,32.9,67.7,0.48700000000000004,17.8,23.4,0.76,12.1,36.1,48.2,25,7.9,5.3,15.7,17.8,105.7,FALSE
2013,16,Houston Rockets,82,19780,40.2,88.5,0.454,8.3,22.7,0.368,31.9,65.8,0.48400000000000004,17.3,22.4,0.776,11.1,32.1,43.1,23.5,8.7,6.3,15.3,21.1,106.1,TRUE
2013,17,Brooklyn Nets,82,19855,41.8,90.1,0.464,7.1,19.3,0.366,34.7,70.8,0.49,15.6,21.4,0.731,12,31.8,43.8,23.9,8.4,5.3,15,23.8,106.2,TRUE
2013,18,New York Knicks,82,19730,39.5,86.2,0.458,8.7,24.2,0.357,30.9,62,0.498,18.7,24.7,0.757,11.2,35.1,46.3,21.4,7.1,4.4,16.8,21.4,106.3,TRUE
2013,19,Dallas Mavericks,82,19980,39.2,88,0.445,8.2,22.8,0.359,31,65.1,0.47500000000000003,20,26.6,0.753,12.6,35.1,47.7,23.1,8.9,4.3,15.4,19.8,106.5,FALSE
2013,20,Los Angeles Lakers,82,19755,41.8,92.4,0.453,7.9,22.1,0.357,34,70.3,0.48300000000000004,15,20.5,0.732,12.2,32.8,45,24.7,9,5.1,13.6,24.3,106.6,TRUE
2013,21,Utah Jazz,82,19880,39.9,87,0.458,7.4,20.1,0.37,32.4,66.9,0.48500000000000004,19.6,25.9,0.757,12,32.5,44.4,22.4,8.5,6.4,16,22.2,106.8,FALSE
2013,22,Toronto Raptors,82,19980,39.5,86.3,0.458,7.3,20.1,0.361,32.2,66.2,0.48700000000000004,21.3,28.5,0.747,11.7,33.8,45.5,23.9,7.7,5.1,15.5,21.9,107.5,FALSE
2013,23,Detroit Pistons,82,19805,40.8,88.8,0.459,8.1,22.4,0.36,32.7,66.4,0.492,18.5,24.3,0.762,12.2,33.5,45.7,24.5,9.2,6.3,15,21.7,108.1,FALSE
2013,24,Phoenix Suns,82,19805,41.3,87.8,0.47000000000000003,7.4,19,0.388,33.9,68.8,0.492,18.2,24.1,0.757,12.4,33.7,46.1,24.3,8.9,5.5,16.3,19.6,108.1,FALSE
2013,25,Orlando Magic,82,19780,41.7,90.1,0.463,8.1,22.7,0.359,33.6,67.4,0.498,17.6,23.8,0.738,11.7,34.5,46.2,25.6,7.8,5.7,13.4,17.8,109.1,FALSE
2013,26,Portland Trail Blazers,82,19855,42.6,90,0.47400000000000003,6.9,20.3,0.33999999999999997,35.8,69.8,0.512,17,22.4,0.761,11.9,34.1,46,25.7,9.1,4.7,14.2,20.3,109.2,FALSE
2013,27,Cleveland Cavaliers,82,19730,41,86,0.47600000000000003,8,21.6,0.372,32.9,64.4,0.511,19.4,26.2,0.739,11.7,33.8,45.5,25.9,8.2,7.4,16.5,21.3,109.4,FALSE
2013,28,New Orleans Hornets,82,19780,41.5,88.2,0.47100000000000003,8.7,23.1,0.374,32.9,65.1,0.505,18.4,24.2,0.759,11.4,32.8,44.2,26.2,8.9,6.7,14.9,21,110.1,FALSE
2013,29,Sacramento Kings,82,19830,41.6,88.3,0.47200000000000003,8.1,22.8,0.355,33.6,65.5,0.512,20,25.6,0.7829999999999999,12.6,33.6,46.2,26.6,8.1,6.7,15.6,21.1,111.4,FALSE
2013,30,Charlotte Bobcats,82,19805,42.2,89.6,0.47100000000000003,9.5,24.5,0.388,32.7,65.1,0.502,17.6,23.6,0.747,12.9,35,47.9,27.4,7.5,7.5,15.3,23.1,111.5,FALSE
2014,1,Indiana Pacers,82,19780,37.4,89,0.42000000000000004,7.1,20.5,0.345,30.3,68.5,0.443,17.5,23.2,0.755,11.2,33.1,44.3,20,7.8,5,14.7,23.5,99.3,TRUE
2014,2,Chicago Bulls,82,19930,38.3,88.9,0.43000000000000005,7.2,20.5,0.351,31.1,68.5,0.454,16.8,22.3,0.753,11.7,33.5,45.2,21.4,8.3,6.5,15.7,22.9,100.5,TRUE
2014,3,San Antonio Spurs,82,19755,39.6,89.2,0.444,6.8,19.2,0.353,32.8,70,0.46900000000000003,16.4,21.6,0.76,11,33.3,44.3,21.3,8,4.8,14.5,20.3,102.4,TRUE
2014,4,Golden State Warriors,82,19830,38,87,0.43600000000000005,7.2,20.8,0.344,30.8,66.2,0.465,19.5,25.4,0.765,11,33.6,44.6,21.2,8.2,4.3,15.5,19.9,102.6,TRUE
2014,5,Charlotte Bobcats,82,19905,39.4,89.2,0.442,8.7,23.5,0.369,30.7,65.7,0.468,16.3,21.5,0.759,10.2,36.1,46.3,22.4,6.7,5.4,14.2,22.4,103.8,TRUE
2014,6,Oklahoma City Thunder,82,19805,37.9,86.9,0.43600000000000005,9,25,0.358,28.9,61.9,0.468,19.2,26.4,0.727,11.4,31.2,42.6,22.7,8.5,3.8,15.8,21.2,103.9,TRUE
2014,7,Washington Wizards,82,20055,39,85.2,0.458,7.9,22.6,0.347,31.1,62.5,0.498,18.8,24.5,0.765,10.6,33.8,44.4,23.4,8.1,4.1,16.9,20.5,104.6,TRUE
2014,8,Memphis Grizzlies,82,19805,39.4,87.7,0.45,8.3,23.3,0.355,31.1,64.3,0.48400000000000004,17.4,22.7,0.766,10.9,32.4,43.3,22,8,5.5,15.7,20.9,104.6,TRUE
2014,9,Los Angeles Clippers,82,19755,38.8,88.1,0.441,7.5,22.7,0.33199999999999996,31.3,65.4,0.47900000000000004,19.6,25.9,0.755,12.8,32.6,45.4,24.2,7.2,3.6,16,24.3,104.8,TRUE
2014,10,Toronto Raptors,82,19955,38.7,86.1,0.45,7.4,20.7,0.36,31.3,65.4,0.47800000000000004,20.4,27.1,0.752,11.2,32.8,44,22.5,7.8,4.6,16,23.8,105.3,TRUE
2014,11,Miami Heat,82,19880,39.2,85.7,0.457,9.2,25.4,0.362,30,60.3,0.497,18.2,24.2,0.75,11.7,32,43.8,23.2,8.8,3.4,18.1,22.2,105.8,TRUE
2014,12,Minnesota Timberwolves,82,19855,41.2,87.5,0.47100000000000003,8.2,22.6,0.364,33,64.9,0.508,15.5,20.4,0.756,11.3,33.7,45,23.3,8,5.7,16.7,24,106.2,FALSE
2014,13,Houston Rockets,82,19830,40.2,90.7,0.443,8.4,23.7,0.353,31.8,67,0.47500000000000003,17.5,23.2,0.757,12.3,30.7,42.9,22.9,8.8,5.8,14.4,25,106.3,TRUE
2014,14,Atlanta Hawks,82,19830,40.5,87.5,0.462,8.4,22.9,0.365,32.1,64.6,0.497,17.2,22.9,0.748,11.3,34.4,45.7,24.3,8.6,4.5,15.9,21,106.4,TRUE
2014,15,Phoenix Suns,82,19755,39.6,86.8,0.456,7.1,20.7,0.34099999999999997,32.5,66.1,0.492,20.6,26.8,0.766,11.7,32.8,44.6,21.1,7.8,4.2,16,22.2,106.7,FALSE
2014,16,Portland Trail Blazers,82,19855,41.4,91.8,0.451,6.8,19.2,0.355,34.6,72.6,0.47600000000000003,17.8,23.2,0.766,12,33.4,45.4,21.3,8.1,3.9,12.5,21.6,107.4,TRUE
2014,17,Orlando Magic,82,19955,40.2,88.1,0.456,8.5,22.8,0.371,31.7,65.3,0.48500000000000004,18.6,24.2,0.77,11,35.3,46.3,23.7,7.5,5.7,14.7,19.3,107.4,FALSE
2014,18,Boston Celtics,82,19730,40.4,87,0.465,7,20.2,0.347,33.4,66.8,0.5,19.8,26,0.761,11.4,33.8,45.2,23.6,7.9,4.9,15.2,20.4,107.7,FALSE
2014,19,Brooklyn Nets,82,19880,39.3,86,0.458,8.7,23.8,0.367,30.6,62.2,0.492,20.3,26.7,0.76,12.2,34.2,46.4,22.7,8,4.4,17.1,22.5,107.7,TRUE
2014,20,Cleveland Cavaliers,82,19930,40.1,88.6,0.452,9.9,26.9,0.367,30.2,61.6,0.49,17.7,23.3,0.757,10.9,34.3,45.1,26.3,7.6,6,14.8,20.7,107.7,FALSE
2014,21,Denver Nuggets,82,19755,40.1,87.8,0.457,7.5,21.4,0.351,32.6,66.4,0.491,20.5,26.9,0.763,11.5,33,44.5,22.8,8.6,5.7,14.6,22,108.2,FALSE
2014,22,Dallas Mavericks,82,19830,40.1,86.3,0.464,8.8,24.4,0.359,31.3,61.9,0.505,19.8,26.1,0.758,12.2,33.2,45.4,23.4,8.2,3.7,17,21.1,108.7,TRUE
2014,23,Sacramento Kings,82,19830,39.8,86.4,0.461,8.9,23.5,0.38,30.9,62.9,0.491,20.2,27.4,0.737,10.4,32.9,43.4,24.7,8.2,5.9,14.3,24.3,108.8,FALSE
2014,24,New York Knicks,82,19855,39.3,85.7,0.458,9.5,25.7,0.371,29.7,60,0.496,21,27.5,0.765,11.3,34.8,46.1,21.7,6.9,3.7,16,21.6,109.1,FALSE
2014,25,Detroit Pistons,82,19780,41,87.2,0.47000000000000003,8.7,23.9,0.365,32.3,63.2,0.51,19,25.1,0.756,11.7,33.4,45.1,25.6,8.6,5.2,15.7,21.7,109.7,FALSE
2014,26,Philadelphia 76ers,82,19855,40,85,0.47100000000000003,9,24.4,0.37,31,60.7,0.511,20.8,27.6,0.754,11.9,35,46.9,26.1,9,6.8,17,20.6,109.9,FALSE
2014,27,New Orleans Pelicans,82,19855,40.1,86.1,0.465,8.6,24,0.357,31.5,62.2,0.507,21.5,28.5,0.752,11.6,33.3,44.8,24.2,7.6,6.6,15.5,21.8,110.1,FALSE
2014,28,Los Angeles Lakers,82,19705,42.5,90.7,0.468,8.2,22.7,0.361,34.2,68,0.504,17.4,24,0.727,13.2,36.4,49.6,26.1,9.8,4.8,14.4,19.5,110.6,FALSE
2014,29,Utah Jazz,82,19780,41.7,88.2,0.47300000000000003,8,21.1,0.376,33.7,67,0.503,20,25.8,0.773,11.2,35.1,46.3,23.7,8.2,5.3,13.7,22.2,111.3,FALSE
2014,30,Milwaukee Bucks,82,19880,41.4,88.4,0.468,9.2,24,0.382,32.2,64.4,0.5,19.9,26.5,0.751,12.6,34.3,46.9,24.6,8.4,5.4,15.2,22.2,111.8,FALSE
2015,1,Golden State Warriors,82,19730,37.5,87.7,0.42800000000000005,7.3,21.7,0.33699999999999997,30.2,65.9,0.458,19,24.9,0.763,11.9,33.3,45.2,21.3,8.4,3.6,16.5,19.1,101.4,TRUE
2015,2,San Antonio Spurs,82,19955,39,88,0.444,7.2,19.9,0.36,31.9,68.1,0.468,16.8,22.5,0.745,10.4,33.9,44.3,21.8,8.3,4.6,15,20.7,102,TRUE
2015,3,Milwaukee Bucks,82,19930,37.3,85.5,0.43700000000000006,8.7,25.3,0.34199999999999997,28.7,60.2,0.47600000000000003,18.9,25.5,0.742,12,33,45,23.4,9.1,5,18.2,21.1,102.2,TRUE
2015,4,Memphis Grizzlies,82,19905,38.7,87.6,0.442,8.7,24.8,0.351,30,62.9,0.47800000000000004,16.1,21.6,0.742,11.3,34.3,45.6,21.7,7.9,5.6,16.5,21.8,102.2,TRUE
2015,5,Washington Wizards,82,19955,38.1,87.9,0.43300000000000005,8.4,24.2,0.349,29.6,63.7,0.465,18.4,24.9,0.738,10.5,33.4,43.9,21,8.4,4.5,14.7,20.7,103,TRUE
2015,6,Atlanta Hawks,82,19730,38.7,88.3,0.43900000000000006,9.3,27.3,0.34099999999999997,29.4,60.9,0.48300000000000004,16.3,21.4,0.764,12.3,34.1,46.3,25,7.8,5.2,17.1,20.9,103.1,TRUE
2015,7,Indiana Pacers,82,19855,38.3,88,0.43500000000000005,7.7,22.2,0.345,30.6,65.8,0.465,19.1,25.3,0.753,10.4,35.1,45.5,21.2,8,5,13.6,22.8,103.2,FALSE
2015,8,Houston Rockets,82,19805,38.8,87.6,0.443,7.6,23.6,0.322,31.2,64,0.48700000000000004,18.2,24.2,0.751,12.2,32.9,45.1,22,9.1,5.5,16.8,21.7,103.4,TRUE
2015,9,Charlotte Hornets,82,19905,39.2,89,0.44,8.4,23.6,0.357,30.8,65.5,0.47000000000000003,16.8,21.7,0.772,9.4,37.5,46.9,23.5,6.5,5.7,13.4,22.2,103.5,FALSE
2015,10,Portland Trail Blazers,82,19855,40.2,91.4,0.43900000000000006,6.7,19.9,0.33799999999999997,33.4,71.5,0.468,16.7,22,0.758,11.6,35.3,46.9,21.4,8.4,3.8,12.8,19.7,103.7,TRUE
2015,11,Chicago Bulls,82,19880,40.3,92.5,0.43500000000000005,7,20.9,0.33499999999999996,33.3,71.6,0.465,16.8,22.4,0.749,12.5,33.8,46.3,21.6,8,5.8,13,22.6,104.3,TRUE
2015,12,Boston Celtics,82,19880,39.4,87.5,0.45,7.6,22.7,0.33599999999999997,31.7,64.7,0.49,18.2,24,0.755,11.2,34.9,46.2,22.6,7.3,5.4,15.6,19.5,104.5,TRUE
2015,13,Philadelphia 76ers,82,19805,38.5,85.9,0.449,8.3,23.8,0.35,30.2,62.1,0.48700000000000004,19.4,25.6,0.756,11.9,36.1,48,24.6,9.9,5.7,17.4,21,104.8,FALSE
2015,14,Utah Jazz,82,19705,39.5,88.8,0.446,8.1,22.5,0.362,31.4,66.3,0.47400000000000003,17.6,23.7,0.744,10.9,32.4,43.3,21.5,9.1,5.1,14.5,21.6,104.9,FALSE
2015,15,Oklahoma City Thunder,82,19830,39,88.6,0.44,8.6,25.1,0.34299999999999997,30.4,63.5,0.47900000000000004,18.9,25.3,0.745,11.6,32.7,44.3,22.9,8.1,4.8,14.1,21.2,105.5,FALSE
2015,16,Los Angeles Clippers,82,19730,38.3,86.6,0.442,8.8,25.2,0.349,29.6,61.5,0.48100000000000004,20,27,0.741,11.1,34,45.2,24.5,7,3.1,15,22.7,105.5,TRUE
2015,17,Phoenix Suns,82,19880,39.5,87.4,0.452,7.9,22.5,0.352,31.5,64.9,0.48600000000000004,19.3,25.5,0.759,11.9,34.7,46.6,21.7,8.2,4.2,16,20.9,106.2,FALSE
2015,18,Cleveland Cavaliers,82,19780,41,90,0.456,8.3,24.3,0.34299999999999997,32.7,65.7,0.497,16,21.4,0.745,11.6,32.7,44.3,25.9,8.4,4.8,14.3,22.1,106.3,TRUE
2015,19,Detroit Pistons,82,19830,40.5,88.9,0.456,8.3,23.3,0.355,32.2,65.6,0.491,17.1,22.2,0.772,11.4,35.7,47.2,25.4,7.5,5.1,14.9,20.7,106.4,FALSE
2015,20,Dallas Mavericks,82,19880,39.5,87.9,0.45,9.4,25.8,0.364,30.1,62.1,0.48500000000000004,18,23.8,0.753,12.8,35.2,48,23.2,7.6,4,17,23,106.4,TRUE
2015,21,Miami Heat,82,19730,39.6,87.3,0.454,8.9,25.2,0.353,30.7,62,0.495,18.6,25.5,0.73,12,33,45,23.4,8.6,4.8,16.3,22.9,106.7,FALSE
2015,22,New Orleans Pelicans,82,19780,41.3,90.5,0.456,7.1,21.3,0.33499999999999996,34.1,69.2,0.494,17.7,23.3,0.759,11.6,33.7,45.2,22.6,7.4,6.3,13.3,20.4,107.3,TRUE
2015,23,Brooklyn Nets,82,19930,40.9,89.8,0.456,9,25.2,0.358,31.9,64.5,0.494,16.6,22.7,0.731,12.2,35.1,47.2,25.2,8.4,4.8,14.8,21.3,107.4,TRUE
2015,24,Orlando Magic,82,19755,40.3,87,0.463,8.8,24,0.368,31.5,63,0.499,18.3,24.3,0.751,10.7,35.5,46.1,24.9,8.2,5.7,15.3,19,107.7,FALSE
2015,25,Toronto Raptors,82,19855,40.6,88.4,0.459,8.2,23.8,0.346,32.3,64.6,0.501,18.4,25,0.733,12,33.3,45.3,24.3,7.4,5.4,15.4,21.7,107.7,TRUE
2015,26,Denver Nuggets,82,19880,39.7,86.8,0.458,7.9,22.9,0.346,31.8,63.9,0.498,20.8,27.7,0.748,11.3,35.1,46.4,23.8,7.7,6.3,14.8,21.3,108.2,FALSE
2015,27,Sacramento Kings,82,19855,41,89.9,0.456,9.1,26.1,0.349,31.9,63.9,0.5,18,24.1,0.748,11.4,31.4,42.8,24.2,9,6.4,13.4,24.8,109.2,FALSE
2015,28,New York Knicks,82,19855,40.2,87.4,0.46,9.2,24.2,0.38,31,63.2,0.49,20.5,26.9,0.759,11.9,35.4,47.3,23.6,8.7,4.7,15.3,20.7,110,FALSE
2015,29,Los Angeles Lakers,82,19930,40.7,87.3,0.466,8.9,24.6,0.363,31.8,62.7,0.507,20.2,27.1,0.745,10.6,35.8,46.4,25.2,7.8,5.1,13.7,20.4,110.6,FALSE
2015,30,Minnesota Timberwolves,82,19805,43.3,89,0.48700000000000004,8.9,24.4,0.367,34.4,64.6,0.531,16.6,21.9,0.759,12.2,33.6,45.9,24.8,8.8,5.8,16,22.5,112.2,FALSE
2016,1,San Antonio Spurs,82,19705,38,87.2,0.43600000000000005,7,21.2,0.33099999999999996,31,65.9,0.47000000000000003,15.9,20.9,0.758,9.7,33.5,43.2,22.2,7.7,4.1,15.8,20.7,99,TRUE
2016,2,Atlanta Hawks,82,19830,38,87.9,0.43200000000000005,8.5,25,0.33799999999999997,29.5,62.9,0.46900000000000003,17,22.6,0.755,11.8,35.7,47.5,22.5,8.8,5.1,16.5,18.7,101.4,TRUE
2016,3,Indiana Pacers,82,19880,38.3,87,0.44,8.5,25.4,0.33399999999999996,29.8,61.5,0.48400000000000004,17.8,23.7,0.751,11,34.7,45.6,21.3,7.9,4.6,16.2,20.9,102.9,TRUE
2016,4,Boston Celtics,82,19780,37.9,85.9,0.441,7.9,23.6,0.33599999999999997,30,62.4,0.48100000000000004,19.9,26.3,0.755,11.5,35,46.5,21.1,7.7,5.5,16.6,21.2,103.6,TRUE
2016,5,Los Angeles Clippers,82,19830,38.1,87.8,0.43400000000000005,8.1,24.1,0.33799999999999997,29.9,63.6,0.47100000000000003,19.5,26,0.751,12.2,36.1,48.4,22,7.4,3.3,15.9,23.3,103.8,TRUE
2016,6,Golden State Warriors,82,19880,38.7,89.1,0.43500000000000005,7.8,23.4,0.33199999999999996,31,65.7,0.47200000000000003,18.5,24.5,0.757,11.4,32.4,43.7,22.2,8.6,4.1,14.4,19.8,103.8,TRUE
2016,7,Utah Jazz,82,19955,38.6,86.6,0.446,8.6,24,0.357,30,62.5,0.48000000000000004,18.2,24.3,0.746,10.1,33.3,43.4,20.7,8.6,5.1,15.1,21.5,103.9,FALSE
2016,8,Charlotte Hornets,82,19855,39.2,88.1,0.444,9.2,26.3,0.349,30,61.8,0.48500000000000004,16.9,21.9,0.769,9.2,37.1,46.3,24,7,5.7,13.9,21.1,104.3,TRUE
2016,9,Miami Heat,82,19830,39.5,89.4,0.442,7.8,22.5,0.347,31.7,66.9,0.47400000000000003,17.5,22.8,0.77,10.4,33.4,43.8,21.4,7.9,4.4,13.7,20.8,104.4,TRUE
2016,10,Cleveland Cavaliers,82,19855,39.1,87.3,0.448,8.4,24.1,0.347,30.7,63.2,0.48700000000000004,17.9,24,0.743,9.8,33.7,43.6,22.8,7.6,4.7,14.2,21.9,104.5,TRUE
2016,11,Toronto Raptors,82,19780,39.1,87.9,0.444,9.4,25.1,0.373,29.7,62.8,0.47300000000000003,17.7,23.6,0.748,10.2,33.5,43.7,23.3,7,5.8,14.3,23.5,105.2,TRUE
2016,12,Detroit Pistons,82,19880,40.4,87.6,0.461,7.6,21.3,0.355,32.8,66.3,0.495,17.1,21.9,0.7829999999999999,9.2,35.1,44.3,22.4,7.4,4.6,14,22.5,105.5,TRUE
2016,13,Oklahoma City Thunder,82,19830,39.4,90,0.43800000000000006,8.3,24.4,0.34199999999999997,31.1,65.6,0.47400000000000003,18.4,24.4,0.756,11.6,29.7,41.3,22.1,9,4.7,13.4,20.7,105.6,TRUE
2016,14,Washington Wizards,82,19755,39.1,84.7,0.462,9.1,24.5,0.371,30,60.2,0.498,18.5,24,0.769,9.5,35.3,44.8,22.8,8.2,4.4,16.3,20.4,105.8,FALSE
2016,15,Chicago Bulls,82,19905,40.7,92.4,0.441,8.2,23.7,0.345,32.5,68.6,0.47400000000000003,16.8,22.8,0.737,12.2,35.2,47.4,23.3,8.2,5.9,12.3,19.3,106.5,FALSE
2016,16,Orlando Magic,82,19905,39.6,86,0.46,9.2,25.6,0.359,30.4,60.4,0.503,18.5,24.8,0.746,10.5,35.2,45.6,23.9,7.8,5.6,15.6,18.8,106.8,FALSE
2016,17,Dallas Mavericks,82,20005,40,88.7,0.451,9.5,27.6,0.34199999999999997,30.5,61.1,0.5,17.6,23.8,0.738,11,36.7,47.8,22.9,7.8,4.6,14.5,22.4,107,TRUE
2016,18,New York Knicks,82,19805,40.4,91.3,0.443,8.1,23.8,0.34099999999999997,32.3,67.4,0.47900000000000004,18.6,24.7,0.754,11.5,35.5,47,22.1,7.6,4.5,12,19.7,107.6,FALSE
2016,19,Memphis Grizzlies,82,19830,38.2,83.8,0.456,10.3,28.4,0.365,27.9,55.5,0.503,21,27.3,0.768,10.8,35.2,46,23.3,7.5,6.1,17.2,22.5,107.8,TRUE
2016,20,Portland Trail Blazers,82,19805,39.7,87.7,0.453,8.8,23.8,0.371,30.9,63.8,0.48400000000000004,19.7,26.9,0.734,10.9,34.3,45.2,22.3,8,5.4,13.7,20.2,108,TRUE
2016,21,Houston Rockets,82,19830,39.7,86.5,0.459,9.9,27.3,0.361,29.8,59.1,0.504,18.9,25,0.756,12,33.3,45.4,25,9.1,5,16.9,22.9,108.1,TRUE
2016,22,Sacramento Kings,82,19805,40.3,87.2,0.462,10.2,27.8,0.366,30.2,59.4,0.508,17.6,23.1,0.762,11.2,33.5,44.7,24.1,8.8,5.3,15.9,21.8,108.4,FALSE
2016,23,Milwaukee Bucks,82,19830,39.8,87.6,0.454,9.8,27.9,0.352,30,59.7,0.502,19.3,25.2,0.768,12.1,33.2,45.3,25.9,8.7,5.9,16.3,20.5,108.7,FALSE
2016,24,Denver Nuggets,82,19830,40.2,87.3,0.461,9.5,25.7,0.371,30.7,61.6,0.498,18.9,24.8,0.761,10.1,34.1,44.2,24.3,8.3,6.5,14.2,21.6,108.9,FALSE
2016,25,Phoenix Suns,82,19705,39.7,84.9,0.467,9.5,25.2,0.377,30.1,59.7,0.505,20.2,26.9,0.749,10.1,34.2,44.3,22.7,9.7,5.6,15.1,21.9,109,FALSE
2016,26,Philadelphia 76ers,82,19805,40.2,86.7,0.464,7.9,22,0.359,32.4,64.7,0.5,20.8,26.5,0.7859999999999999,11.3,37,48.3,23.7,8.8,5.8,15.4,19.4,109.2,FALSE
2016,27,New Orleans Pelicans,82,19780,40.3,86.2,0.468,9.5,25.6,0.369,30.9,60.6,0.51,19.4,24.7,0.7829999999999999,9.2,36.5,45.7,23.8,7.5,5.3,14.1,20.4,109.5,FALSE
2016,28,Minnesota Timberwolves,82,19880,41.5,88.3,0.47100000000000003,9.4,26.5,0.355,32.1,61.8,0.52,17.7,23.4,0.757,11.1,32.4,43.5,23.5,8.1,5.4,15.5,22.4,110.1,FALSE
2016,29,Brooklyn Nets,82,19755,42.7,89.1,0.47900000000000004,9.9,26.8,0.369,32.8,62.3,0.526,15.7,20.5,0.763,10.7,34.7,45.4,25.6,9.2,5.5,14.8,19.3,110.9,FALSE
2016,30,Los Angeles Lakers,82,19730,42.3,89.4,0.47300000000000003,8.9,25.7,0.347,33.4,63.7,0.524,18.1,24.7,0.731,11.4,37.1,48.5,25.7,7.9,5.8,13.2,20,111.6,FALSE
2017,1,San Antonio Spurs,82,19805,39,88,0.443,8.6,25,0.344,30.4,63,0.48300000000000004,16.9,21.9,0.771,10.3,33.4,43.7,22.6,7.9,4.3,15.2,20.9,103.5,TRUE
2017,2,Golden State Warriors,82,19780,38.7,88.9,0.43500000000000005,9,27.7,0.324,29.7,61.2,0.48500000000000004,17.6,23.2,0.761,11.7,31.7,43.4,22.6,8.6,3.8,15.5,19.3,104,TRUE
2017,3,Utah Jazz,82,19755,39.5,89.2,0.443,8.9,24.9,0.358,30.6,64.3,0.47600000000000003,17.4,22.6,0.769,9.8,33.9,43.7,19.4,7.9,4.1,13.2,22,105.3,TRUE
2017,4,Atlanta Hawks,82,19880,39.4,88.7,0.444,11.1,31,0.357,28.3,57.7,0.491,15.9,20.6,0.772,10.9,33.7,44.6,23.8,9.1,5.3,15.6,21.9,105.7,TRUE
2017,5,Miami Heat,82,19780,39.6,88,0.45,8.1,23.8,0.34299999999999997,31.5,64.2,0.49,19.3,24.7,0.7819999999999999,10.7,34.9,45.5,20.5,7.1,5.1,14.3,19.5,106.7,FALSE
2017,6,Chicago Bulls,82,19780,41.2,90.4,0.456,9.3,27,0.345,31.9,63.4,0.503,15.2,19.8,0.77,10.7,34.4,45.1,24.7,7.7,4.8,14,19.6,107,TRUE
2017,7,Detroit Pistons,82,19805,40.1,87.1,0.46,9.8,26.8,0.366,30.3,60.4,0.502,17.2,22,0.7799999999999999,8.4,36.5,44.9,24.6,7,4.3,13.3,18.3,107.1,FALSE
2017,8,Memphis Grizzlies,82,19905,37.4,84.5,0.443,10.6,30,0.354,26.8,54.4,0.492,21.7,28.8,0.753,9.9,35.2,45.1,21.5,7.5,5.4,15.3,22.3,107.1,TRUE
2017,9,New Orleans Pelicans,82,19905,40.4,89.8,0.45,10.6,30.1,0.353,29.8,59.7,0.499,15.9,20.9,0.762,10.7,38,48.7,23.6,7.4,4.3,14.1,19.4,107.4,FALSE
2017,10,Oklahoma City Thunder,82,19805,39.8,86.7,0.459,9,25.2,0.356,30.9,61.5,0.502,18.9,24.7,0.764,9.3,32,41.3,21.8,8.6,5.6,14,21,107.5,TRUE
2017,11,Toronto Raptors,82,19780,39.1,87.1,0.449,10.2,28.7,0.354,28.9,58.4,0.495,19.5,25,0.7799999999999999,10.6,33.6,44.2,22.9,7,5,15.4,21.3,107.8,TRUE
2017,12,Los Angeles Clippers,82,19755,40,88.5,0.452,9.5,27.2,0.35,30.5,61.3,0.497,18.7,24.2,0.772,10.6,34.1,44.7,23.9,7.3,3.3,13.7,23.2,108.2,TRUE
2017,13,Boston Celtics,82,19755,39.8,88.3,0.45,9.2,27.8,0.33199999999999996,30.5,60.5,0.505,19.7,25.6,0.769,11.1,34.8,45.8,23.2,7.8,5.3,14.3,20.9,108.4,TRUE
2017,14,Charlotte Hornets,82,19830,40.9,89.7,0.456,12,32.6,0.369,28.9,57.1,0.506,14.7,18.9,0.776,9.3,36.8,46.1,25.4,6.8,5.7,13.5,20.6,108.6,FALSE
2017,15,Indiana Pacers,82,19855,39.3,87.1,0.451,10.7,30.1,0.355,28.6,57,0.501,19.6,24.9,0.7889999999999999,11.1,34.7,45.7,23.1,8.3,5.1,15.4,20.2,108.8,TRUE
2017,16,Dallas Mavericks,82,19780,39.9,85.2,0.46900000000000003,10.4,27.3,0.38,29.6,57.9,0.51,18.6,24,0.772,9.6,38.5,48,22.9,7,3.7,16.1,20.9,108.8,FALSE
2017,17,Philadelphia 76ers,82,19830,39.8,86.5,0.461,9,25.1,0.357,30.9,61.4,0.503,20.3,26.2,0.773,10.9,34.4,45.3,22.8,8.6,5.5,15.2,19.8,108.9,FALSE
2017,18,Houston Rockets,82,19780,40.9,88.4,0.463,9.9,29,0.34299999999999997,31,59.4,0.522,17.2,22.1,0.778,10.7,33.2,43.8,24,8.5,5,15,20.3,109,TRUE
2017,19,Washington Wizards,82,19855,40.4,86.6,0.466,10.1,27.6,0.364,30.3,59,0.514,18.5,24.6,0.751,10.8,33,43.8,23.2,7.5,4.7,15.6,20.1,109.3,TRUE
2017,20,Milwaukee Bucks,82,19780,40,87.3,0.458,10.5,29.7,0.353,29.5,57.6,0.512,18.8,24.4,0.771,10.8,33.8,44.7,25.3,7.8,4.8,15.5,20.3,109.3,TRUE
2017,21,Cleveland Cavaliers,82,19880,41.8,91.4,0.458,10.7,29.5,0.361,31.2,61.9,0.504,16,20.6,0.773,11.3,34.2,45.5,25.4,7.5,4.4,13,21.2,110.3,TRUE
2017,22,Orlando Magic,82,19805,41.3,88.6,0.467,9.9,27,0.367,31.4,61.6,0.51,17.8,23.3,0.766,10,36.7,46.7,24.2,7.8,5.2,13.4,19.2,110.5,FALSE
2017,23,Brooklyn Nets,82,19755,41,89.4,0.458,9.8,26.8,0.366,31.2,62.6,0.498,19,24.6,0.772,10.8,35.6,46.4,22.7,9.4,5.5,13.1,20,110.7,FALSE
2017,24,Portland Trail Blazers,82,19930,40,88.1,0.455,9.5,25.6,0.37,30.5,62.4,0.48900000000000005,21.3,27.1,0.7849999999999999,10.3,34.6,44.9,21,7.9,5.4,13.1,20.2,110.8,TRUE
2017,25,Sacramento Kings,82,19880,40.1,86.8,0.462,11.4,31.3,0.364,28.7,55.5,0.517,19.7,25.3,0.778,10.5,34.2,44.7,24.7,8.8,5.3,14.6,20.9,111.3,FALSE
2017,26,New York Knicks,82,19855,41,90.2,0.455,10.2,29.1,0.348,30.9,61.1,0.506,19.3,25,0.771,12,34.2,46.2,22.5,7.7,4.7,13.3,19.1,111.5,FALSE
2017,27,Minnesota Timberwolves,82,19805,41.6,87.4,0.47500000000000003,10.4,28.3,0.366,31.2,59.1,0.528,18.5,24.1,0.768,10.3,32.1,42.4,24.3,8.1,5.3,15,21.5,112,FALSE
2017,28,Phoenix Suns,82,19830,39.8,85.3,0.467,10,26.1,0.382,29.9,59.3,0.504,22.5,28.8,0.7829999999999999,10.1,33.5,43.6,21.9,8,5.3,14.7,22,112.2,FALSE
2017,29,Denver Nuggets,82,19755,42.7,89.6,0.47700000000000004,10,26.6,0.375,32.7,63,0.519,17.3,22.2,0.7819999999999999,9.5,31.8,41.4,24.4,8.4,5,12.1,20.4,112.7,FALSE
2017,30,Los Angeles Lakers,82,19705,42.1,87.2,0.48300000000000004,10.3,27.8,0.37,31.8,59.4,0.536,18.5,24.3,0.762,10.4,34.6,45.1,26.1,8.6,5.4,14.7,18.8,113,FALSE
2018,1,Boston Celtics,82,19805,38.7,88,0.44,9.7,28.6,0.33899999999999997,29,59.3,0.48800000000000004,16.8,22.1,0.763,10,35.4,45.4,22,7.5,4.6,14.6,19.8,103.9,TRUE
2018,2,Utah Jazz,82,19755,38.8,86.4,0.449,9.9,27,0.365,28.9,59.3,0.48800000000000004,16.4,21.3,0.771,9,34.3,43.3,20.8,8.6,4.8,15.5,21.4,103.9,TRUE
2018,3,San Antonio Spurs,82,19730,40.1,88.5,0.453,9.6,27.6,0.348,30.5,60.9,0.501,15,19.8,0.759,9.7,35,44.6,22.9,8,4.1,14.8,20.7,104.8,TRUE
2018,4,Philadelphia 76ers,82,19780,37.9,87.4,0.43400000000000005,10.1,29.5,0.34199999999999997,27.9,57.8,0.48200000000000004,19,25.6,0.745,9.9,32.1,42.1,21.7,8.5,5.1,14.3,20.3,105,TRUE
2018,5,Toronto Raptors,82,19830,39.1,87.2,0.449,9.1,25.4,0.357,30.1,61.8,0.48600000000000004,18.5,24.1,0.767,10,33.2,43.2,22.2,7.3,5,14.6,20.3,105.9,TRUE
2018,6,Houston Rockets,82,19755,40.4,87.4,0.462,10.3,29.5,0.351,30.1,57.9,0.519,15,20.1,0.746,8.8,34.1,42.9,22.9,7.6,4.5,14.9,20.8,106.1,TRUE
2018,7,Miami Heat,82,19930,38.9,86.6,0.45,9.9,27.5,0.36,29,59.1,0.491,18.6,23.7,0.7829999999999999,9.4,35.2,44.5,21.7,7.8,4.8,14.6,20,106.3,TRUE
2018,8,Portland Trail Blazers,82,19755,39.6,88.7,0.447,10,27.4,0.364,29.6,61.2,0.48400000000000004,17.2,22.7,0.755,9.6,34.7,44.3,20.8,7.6,5.3,13,19.7,106.4,TRUE
2018,9,Oklahoma City Thunder,82,19830,39.5,86.2,0.458,11.5,31.4,0.367,28,54.8,0.511,16.7,21.7,0.769,9.8,33.5,43.3,23.9,7.9,4.7,16.4,21.9,107.2,TRUE
2018,10,Detroit Pistons,82,19805,40.4,88,0.459,11.4,31.8,0.359,28.9,56.2,0.515,15.1,19.5,0.776,9.5,35.7,45.2,26,7.5,5,15.3,19,107.3,FALSE
2018,11,Golden State Warriors,82,19730,40.3,90.1,0.447,10.4,29.2,0.357,29.8,60.9,0.49,16.7,22.1,0.758,10.9,31.7,42.6,23.6,8.8,3.7,14.4,18.5,107.7,TRUE
2018,12,Los Angeles Lakers,82,19905,40.4,88.6,0.456,10.3,29.7,0.346,30.2,58.9,0.512,16.8,22.1,0.761,10.1,34.1,44.2,23.2,8.2,5.4,14.1,20.2,108,FALSE
2018,13,Indiana Pacers,82,19755,40.9,87.9,0.465,11,31.6,0.349,29.9,56.4,0.53,15.3,20.3,0.757,10.6,34,44.5,24.1,7.3,5.4,16.1,19.2,108.1,TRUE
2018,14,New Orleans Pelicans,82,19955,40.9,90.2,0.454,10.7,30,0.355,30.3,60.2,0.503,15.8,20.1,0.7839999999999999,10.6,34,44.6,23.3,8,4.1,14.2,20,108.3,TRUE
2018,15,Washington Wizards,82,19855,40,86.5,0.462,10.4,29.9,0.349,29.5,56.6,0.522,18.4,24.2,0.761,10.1,33.5,43.6,22.9,8,4.8,15.3,20.5,108.7,TRUE
2018,16,Charlotte Hornets,82,19780,41.5,88.8,0.468,11.4,30.4,0.375,30.1,58.3,0.516,14.6,18.4,0.7949999999999999,8.5,35.6,44.2,25,6.7,5,13.7,22.7,109.1,FALSE
2018,17,Dallas Mavericks,82,19805,40.8,87.1,0.46900000000000003,11.1,30.6,0.363,29.7,56.5,0.526,16.8,22.2,0.757,9.2,38.4,47.6,24.4,7.5,4.7,14.3,20.3,109.5,FALSE
2018,18,Milwaukee Bucks,82,19830,40.3,86.3,0.468,10.4,28,0.372,29.9,58.3,0.513,19,24.2,0.7829999999999999,10.3,33.8,44,24.4,7.4,4.6,16.1,20.5,110.1,TRUE
2018,19,Orlando Magic,82,19730,41.6,89,0.468,10.2,28,0.362,31.5,61,0.516,16.7,21.6,0.773,10.8,35.9,46.6,24.8,7.9,5,14.5,19.3,110.1,FALSE
2018,20,Los Angeles Clippers,82,19705,40.7,88.8,0.458,10.9,30.6,0.356,29.8,58.2,0.512,18,23,0.7819999999999999,10.7,33.4,44.1,24.9,8.6,5.7,14.2,22.2,110.2,FALSE
2018,21,Atlanta Hawks,82,19705,41.4,88.1,0.46900000000000003,11.8,31.2,0.377,29.6,56.9,0.52,16.1,20.9,0.772,10.4,34.5,44.9,26.5,8.8,5.6,15.3,20.6,110.6,FALSE
2018,22,Brooklyn Nets,82,19855,41.8,89.7,0.466,9.1,24.6,0.369,32.7,65.1,0.503,18,23.5,0.766,10.4,36.4,46.9,21.8,7.7,5.5,12.4,19.7,110.6,FALSE
2018,23,New York Knicks,82,19830,40.4,88.5,0.457,11.5,31.2,0.368,28.9,57.3,0.505,18.4,23.8,0.774,10.5,33.8,44.2,24.6,8.4,4.9,13.7,18.9,110.7,FALSE
2018,24,Chicago Bulls,82,19855,41.3,87.5,0.47200000000000003,12.2,32.9,0.37,29.1,54.5,0.534,16.1,20.4,0.7869999999999999,8.5,37.5,46,26.1,7.2,5.2,13.7,17.5,110.9,FALSE
2018,25,Memphis Grizzlies,82,19705,39.1,84.5,0.462,11.2,30.5,0.368,27.9,54,0.516,21.7,28.2,0.769,10,34.7,44.7,23.3,8.5,5.4,15.5,21.5,111,FALSE
2018,26,Denver Nuggets,82,19880,42.2,88.7,0.47600000000000003,11.1,29.5,0.378,31.1,59.2,0.525,15.4,20.8,0.738,10,32.6,42.6,25.3,8.2,4.9,14.1,21.2,111,FALSE
2018,27,Minnesota Timberwolves,82,19805,41.6,87.6,0.47500000000000003,11.2,30.7,0.366,30.4,57,0.534,16.6,21.2,0.779,10.1,33.2,43.3,24.8,6.7,4.8,15.6,21.6,111.1,TRUE
2018,28,Sacramento Kings,82,19755,40.7,86.5,0.47000000000000003,12.5,33.1,0.377,28.2,53.4,0.527,17.2,22.5,0.765,9.5,36.4,45.9,24.8,8.1,5,15,18.2,111.1,FALSE
2018,29,Cleveland Cavaliers,82,19730,42.6,89.9,0.47400000000000003,11.9,32.2,0.368,30.7,57.6,0.533,14.9,19.7,0.756,10.1,34.3,44.4,26.3,7.6,4.2,13.7,21.1,111.9,TRUE
2018,30,Phoenix Suns,82,19705,41.6,88.4,0.47100000000000003,10.9,29.1,0.373,30.7,59.2,0.519,18.7,24.5,0.766,10.4,35.3,45.7,23.2,8.6,5.9,13.3,20.8,112.9,FALSE
2019,1,Milwaukee Bucks,82,19780,39,90.1,0.43300000000000005,12.6,35,0.361,26.4,55.1,0.47900000000000004,14.6,19.9,0.733,9.6,34.1,43.6,23.9,6.5,4.6,12.9,19.4,105.2,TRUE
2019,2,Utah Jazz,82,19755,39.7,87.8,0.452,9.8,27.5,0.355,29.9,60.3,0.496,16.6,22.1,0.753,8.9,33.5,42.3,21.4,8.4,4.6,13.8,22.2,105.7,TRUE
2019,3,Indiana Pacers,82,19705,39.4,87.6,0.45,11.6,32.7,0.354,27.9,54.9,0.507,16.1,21.3,0.756,10.7,33.7,44.4,24.9,7.5,5.3,15.9,20.4,106.5,TRUE
2019,4,Oklahoma City Thunder,82,19855,39.3,85.5,0.46,10.8,30.5,0.356,28.5,55,0.517,17.6,23.2,0.761,9.5,34.5,44,24,7.9,4.9,16.1,21.7,107,TRUE
2019,5,Toronto Raptors,82,19880,39.8,88.6,0.449,10.6,30.8,0.345,29.2,57.8,0.505,16.9,22,0.765,10.5,33.8,44.3,24.3,7.5,4.4,14.8,20.3,107.1,TRUE
2019,6,Miami Heat,82,19730,38.9,88.1,0.441,12,33.6,0.358,26.8,54.5,0.493,17.7,23,0.769,10.3,34.6,44.9,23.7,7.6,4.8,14.4,20.5,107.6,FALSE
2019,7,Boston Celtics,82,19780,39.4,87.9,0.448,11.5,33.5,0.344,27.9,54.5,0.513,17.4,22.8,0.764,10.4,35.5,45.8,23.6,6.8,3.9,15.1,19.5,107.8,TRUE
2019,8,Orlando Magic,82,19780,40.5,88.9,0.456,10.6,30.6,0.347,29.9,58.3,0.513,16.5,21.2,0.778,9.1,36.1,45.3,23.4,7.1,4.5,13.2,19,108.1,TRUE
2019,9,Memphis Grizzlies,82,19880,38.5,85.4,0.451,11.9,33,0.36,26.6,52.5,0.508,19.8,25.3,0.7839999999999999,9.8,36,45.8,24,7.8,5,15.6,22,108.8,FALSE
2019,10,Denver Nuggets,82,19730,40.4,88.2,0.458,11,32.6,0.33899999999999997,29.4,55.6,0.528,17.1,22.7,0.753,9.9,33.4,43.4,25.1,7.6,5.1,13.8,20.8,108.9,TRUE
2019,11,Detroit Pistons,82,19855,40.6,86.5,0.46900000000000003,9.8,28.3,0.345,30.9,58.2,0.53,18.3,24.2,0.755,9.3,35.2,44.5,24.1,7,5.2,14.3,21.7,109.2,TRUE
2019,12,Golden State Warriors,82,19805,39.8,89.7,0.444,11.5,33.1,0.347,28.3,56.7,0.5,18.4,23.9,0.773,10.6,33,43.7,23.9,7.6,3.5,13.3,19.2,109.5,TRUE
2019,13,Los Angeles Lakers,82,19780,40.4,89.5,0.452,11.4,32.7,0.349,29,56.8,0.511,17.2,21.9,0.7839999999999999,10.9,34.3,45.2,24.1,8,5,13.7,20.1,109.5,FALSE
2019,14,Brooklyn Nets,82,19980,41.2,90.3,0.456,10.1,29.6,0.34099999999999997,31.1,60.7,0.513,17.2,22.3,0.77,10.7,34.4,45.2,23.2,7.6,5.1,13.1,21.5,109.7,TRUE
2019,15,Philadelphia 76ers,82,19805,40.8,89.5,0.455,10.1,29.4,0.34199999999999997,30.7,60.1,0.511,18.4,24,0.768,9.8,32.7,42.5,22.9,7.6,4,12.5,21.7,110,TRUE
2019,16,Portland Trail Blazers,82,19855,41.1,90.1,0.457,10.7,29.8,0.359,30.4,60.3,0.505,17.5,22.8,0.77,10.3,32.6,42.8,23.2,7.4,5.1,12.4,20.7,110.5,TRUE
2019,17,Houston Rockets,82,19830,41,87.9,0.466,10.3,30.2,0.33999999999999997,30.7,57.7,0.532,18.5,24,0.768,11.1,34.9,46.1,23.9,7.5,4.6,15.2,20.3,110.7,TRUE
2019,18,Dallas Mavericks,82,19780,41.2,89.7,0.459,11.3,32.7,0.344,29.9,57,0.525,17.2,22.1,0.777,10.2,34.8,45.1,24.7,7.9,4.5,13.1,23.4,110.7,FALSE
2019,19,San Antonio Spurs,82,19805,42,90.7,0.463,11.8,33,0.359,30.1,57.7,0.522,15.4,20.4,0.755,9.3,35.1,44.4,25,7.3,4.1,12.3,19.9,111.2,TRUE
2019,20,Los Angeles Clippers,82,19830,40.7,89.1,0.457,10.1,29.5,0.34299999999999997,30.6,59.7,0.513,20,25.7,0.777,11,33.6,44.6,23.5,8.1,5.9,12.9,23.4,111.5,TRUE
2019,21,Sacramento Kings,82,19730,40.9,87.6,0.466,11.6,33.5,0.348,29.2,54.2,0.54,18.2,23.6,0.77,10.8,35.6,46.4,23.9,7.3,5,15.4,20.7,111.5,FALSE
2019,22,Charlotte Hornets,82,19830,42.1,89.6,0.47000000000000003,12.2,33.7,0.361,30,56,0.536,16,20.4,0.7869999999999999,10.1,35.9,46.1,26.2,6.9,6,13.6,20.7,112.5,FALSE
2019,23,New Orleans Pelicans,82,19755,41.7,89.5,0.466,11.8,32.5,0.364,29.9,57,0.525,17.3,22.7,0.764,10.6,33.6,44.1,25.6,8.3,5.2,13.1,20.3,112.6,FALSE
2019,24,Minnesota Timberwolves,82,19830,41.7,89.2,0.467,12.6,33.3,0.378,29.1,56,0.52,16.9,22.1,0.767,11.1,34.1,45.2,25.9,6.5,5.5,14.6,21.7,112.9,FALSE
2019,25,Chicago Bulls,82,19905,42.2,89.1,0.47300000000000003,12.1,33,0.365,30.1,56.1,0.537,16.8,22,0.763,10,36.4,46.4,25.5,7.3,5.8,13.3,18.7,113.2,FALSE
2019,26,New York Knicks,82,19780,41.8,89.6,0.467,11.8,32.6,0.363,30,57,0.527,18.2,23.7,0.766,10.7,36.7,47.5,25.6,7.4,5.6,13.2,20.8,113.7,FALSE
2019,27,Atlanta Hawks,82,19855,40.8,86.3,0.47300000000000003,11.8,32.8,0.359,29,53.5,0.543,20.5,27,0.758,10.1,33.8,43.9,25.6,9.4,5.2,14.4,21.1,113.9,FALSE
2019,28,Washington Wizards,82,19930,42.3,88.2,0.48000000000000004,11.8,31.9,0.37,30.5,56.3,0.542,17.5,22.5,0.778,11.1,34.9,46,25.6,7.5,4.5,15.3,20.7,113.9,FALSE
2019,29,Phoenix Suns,82,19880,41.8,86.8,0.48200000000000004,11,29.5,0.372,30.9,57.4,0.538,20.5,27.2,0.753,11.7,34.8,46.5,25.5,8.9,4.9,15.4,20.3,115.1,FALSE
2019,30,Cleveland Cavaliers,82,19755,44.5,89.9,0.495,12.4,32.6,0.38,32.1,57.3,0.561,16.3,21.1,0.77,9.8,35.6,45.5,26.5,7.1,5.8,12.8,20,117.6,FALSE
2020,1,Milwaukee Bucks,73,17595,36.9,89,0.41400000000000003,13.2,37.3,0.355,23.7,51.8,0.457,15.8,20.1,0.7869999999999999,9,34.4,43.4,22.9,7,4.2,13.4,20.6,102.9,TRUE
2020,2,Toronto Raptors,72,17380,37.2,87,0.42800000000000005,12.9,38.3,0.33699999999999997,24.3,48.7,0.499,17.6,22.9,0.769,10.8,34.6,45.4,25.2,7.1,5.4,16.6,20.1,105,TRUE
2020,3,Los Angeles Lakers,71,17090,38.6,86.1,0.448,11.5,33,0.349,27.1,53.1,0.51,17.7,22.6,0.7809999999999999,9.3,32.5,41.7,23.1,8.1,3.7,15.7,21.5,106.3,TRUE
2020,4,Boston Celtics,72,17430,38.3,86.8,0.441,11.8,34.7,0.33999999999999997,26.5,52.1,0.508,18.7,24.4,0.767,10.3,33.9,44.2,22.3,7.1,5.5,15.2,20.6,107,TRUE
2020,5,Los Angeles Clippers,72,17380,38.7,88.3,0.43800000000000006,12,34.9,0.345,26.7,53.4,0.499,18.2,24,0.756,10.5,33.9,44.4,23.2,7.3,4.6,13.8,22.4,107.6,TRUE
2020,6,Indiana Pacers,73,17620,39.7,88.9,0.446,11.5,33.8,0.34099999999999997,28.2,55.1,0.511,17.1,21.7,0.7879999999999999,10.4,35,45.5,23.2,6.9,4.6,14.7,18.9,108,TRUE
2020,7,Oklahoma City Thunder,72,17430,40.9,90,0.455,11.3,33.4,0.33999999999999997,29.6,56.6,0.523,15.6,19.6,0.7949999999999999,10.5,34.5,45,23.1,7,4,14.3,22.9,108.8,TRUE
2020,8,Philadelphia 76ers,73,17595,40,86.4,0.463,10.5,29.6,0.353,29.6,56.8,0.52,18.5,24.6,0.751,8.7,33.4,42.1,22.9,7,4,13.9,20.6,109,TRUE
2020,9,Miami Heat,73,17745,38.9,87,0.448,13.1,37.9,0.347,25.8,49.1,0.525,18.5,23.7,0.7829999999999999,9.3,33.4,42.7,24.7,7.5,4.2,14.1,21.8,109.5,TRUE
2020,10,Orlando Magic,73,17570,40.9,87.9,0.465,12.4,34,0.364,28.5,53.9,0.529,15.4,20,0.771,9.1,36.2,45.4,25,7.1,4.7,14.8,19.7,109.5,TRUE
2020,11,Brooklyn Nets,72,17480,40.3,90.5,0.446,11.9,33.9,0.35,28.5,56.6,0.503,16.9,22,0.769,10.4,34.4,44.8,22.1,7.5,5.1,12.4,20.6,109.5,TRUE
2020,12,Chicago Bulls,65,15675,39.5,82.4,0.47900000000000004,11.2,31.6,0.353,28.3,50.8,0.557,19.7,26,0.759,10.1,35.3,45.5,25.4,8.1,5.9,18.2,19.1,109.8,FALSE
2020,13,Utah Jazz,72,17355,41.1,90,0.457,11.1,31.3,0.353,30,58.6,0.512,16.6,21.7,0.767,9.6,33.5,43.1,21.7,7.9,4.6,12.5,21,109.9,TRUE
2020,14,Houston Rockets,72,17380,40.5,87.7,0.462,11.7,33.6,0.349,28.8,54.1,0.532,17.3,22.7,0.761,10.7,35.2,45.9,24.2,7.7,4.7,15.5,20.2,110.1,TRUE
2020,15,Memphis Grizzlies,73,17570,39.4,87.6,0.45,12.5,34.3,0.365,26.9,53.3,0.504,19,24.3,0.7819999999999999,10,33.5,43.5,24.1,7.8,5.1,14.3,19.6,110.3,FALSE
2020,16,Denver Nuggets,73,17745,40.7,87.9,0.463,12.3,34.4,0.358,28.3,53.4,0.53,17.4,22.9,0.759,10.2,33.1,43.4,25.8,7.3,4.5,14.5,20.8,111,TRUE
2020,17,Phoenix Suns,73,17595,40.5,85.9,0.47200000000000003,11.4,31.4,0.363,29.1,54.4,0.535,19,24.1,0.7879999999999999,8.9,33.6,42.6,23.2,7.8,5.4,15.3,22.3,111.4,FALSE
2020,18,Dallas Mavericks,75,18175,41.8,91.3,0.458,12.2,34.8,0.351,29.6,56.5,0.523,16,21,0.76,10.4,34.9,45.3,23.9,7,4.1,11.9,21.3,111.7,TRUE
2020,19,New Orleans Pelicans,72,17430,40.8,87.8,0.465,11.7,32.4,0.361,29.2,55.4,0.526,18.6,23.6,0.7889999999999999,9.6,33.2,42.8,23.4,8.2,4.6,13.9,20.2,111.9,FALSE
2020,20,Minnesota Timberwolves,64,15560,41.2,86.3,0.47700000000000004,11,30.4,0.363,30.1,55.9,0.539,18.8,24.1,0.7829999999999999,9.7,35.5,45.2,23.3,7.4,5.3,14.8,20.6,112.2,FALSE
2020,21,Sacramento Kings,72,17455,40.3,85.6,0.47100000000000003,12.4,34.8,0.357,27.9,50.8,0.549,19.2,24.3,0.7899999999999999,9.1,34.5,43.6,24.9,7.7,4.2,15.2,19.5,112.2,FALSE
2020,22,Detroit Pistons,66,15965,42.6,88.8,0.48000000000000004,10.9,30.1,0.361,31.8,58.7,0.541,16.5,21.2,0.777,10.3,34,44.2,25,8.4,5.7,14.2,20.1,112.7,FALSE
2020,23,New York Knicks,66,15965,40.1,86.6,0.463,13.4,35.1,0.381,26.7,51.5,0.52,19.4,25.9,0.749,9.6,34.8,44.5,24.5,7.2,5.1,13.8,19.9,113,FALSE
2020,24,Charlotte Hornets,65,15750,43.1,90.5,0.47600000000000003,12.8,36.2,0.352,30.3,54.2,0.558,14.4,19,0.758,11.3,36.2,47.5,27.5,8.3,5.2,14.9,21.3,113.3,FALSE
2020,25,San Antonio Spurs,71,17215,41.7,88.9,0.46900000000000003,12.9,34.6,0.373,28.8,54.3,0.53,17.2,22.1,0.777,9.2,35.4,44.6,25.3,6.7,4.3,13,19.8,113.5,FALSE
2020,26,Golden State Warriors,65,15725,41.7,87.6,0.47600000000000003,13.4,34.4,0.389,28.4,53.2,0.533,16.9,21.6,0.7829999999999999,10.1,35.9,46,25.8,8.2,4.9,15.5,19.9,113.8,FALSE
2020,27,Portland Trail Blazers,74,17835,41.3,90.6,0.456,13.4,35,0.383,27.9,55.6,0.501,18.8,24.4,0.771,11.4,35,46.3,24.6,6.7,4.9,12.7,19.9,114.8,TRUE
2020,28,Atlanta Hawks,67,16280,41.5,87,0.47800000000000004,11.4,31.4,0.363,30.1,55.6,0.542,20.3,26.3,0.772,10.7,34.4,45.1,24,8.6,6.1,14.4,20.1,114.8,FALSE
2020,29,Cleveland Cavaliers,65,15725,44.1,89.9,0.491,12.4,33.2,0.375,31.7,56.7,0.558,14.8,19.3,0.767,9.8,33.3,43.1,26.3,9.5,6.4,13.1,19.8,115.4,FALSE
2020,30,Washington Wizards,72,17355,41.8,85.7,0.48800000000000004,12.1,32.1,0.376,29.7,53.6,0.555,19.8,25.5,0.778,10.1,34.6,44.8,24.4,7.3,4.9,15.7,21.6,115.5,FALSE
2021,1,Los Angeles Lakers,72,17455,39.9,86.7,0.46,11.4,32.3,0.352,28.5,54.3,0.524,15.9,20.6,0.776,8.8,33.3,42.2,24.7,8.3,4.6,15.3,21.3,107.1,TRUE
2021,2,Philadelphia 76ers,72,17430,39.2,86.6,0.453,11.9,32.9,0.36,27.4,53.7,0.51,17.3,22.7,0.764,9.7,33,42.7,23.4,7.2,4.6,15.5,20.9,107.6,TRUE
2021,3,New York Knicks,72,17430,39.2,89.1,0.44,12.4,36.8,0.33699999999999997,26.8,52.3,0.512,17.5,22.9,0.761,10,35.6,45.5,24.3,6.8,5.6,13.2,18.5,108.2,TRUE
2021,4,Utah Jazz,72,17355,41.3,92.4,0.447,11,32.2,0.34099999999999997,30.3,60.2,0.504,14.7,19.1,0.768,9.9,33.1,43.1,22.5,7.8,4,11.6,19.2,108.3,TRUE
2021,5,Golden State Warriors,72,17305,39.3,87,0.452,12.1,33.7,0.359,27.2,53.3,0.511,19.4,24.9,0.778,10.4,35.8,46.2,23.2,7.7,4.2,14.7,19.1,110.1,FALSE
2021,6,Memphis Grizzlies,72,17405,40.6,87.7,0.462,12.7,34.7,0.367,27.8,53,0.525,17.2,21.8,0.7879999999999999,9.7,34.5,44.2,25.1,7.6,5.2,14.7,18.1,111,TRUE
2021,7,Miami Heat,72,17380,40.2,87.7,0.459,14.7,40.2,0.365,25.6,47.5,0.538,16,20.5,0.7819999999999999,9.8,34.4,44.1,26.5,7.7,4.1,15.5,20.2,111.2,TRUE
2021,8,Los Angeles Clippers,72,17280,41.4,89.2,0.464,11.9,33.5,0.356,29.4,55.6,0.529,16.6,21.3,0.777,9.4,33.1,42.5,23.6,7.3,4.4,13.3,18.7,111.2,TRUE
2021,9,Phoenix Suns,72,17480,41.2,88.2,0.467,11.8,33.3,0.354,29.4,54.9,0.535,17.1,22,0.778,9.5,33.9,43.4,23.3,7,3.6,13.9,18.3,111.3,TRUE
2021,10,Milwaukee Bucks,72,17330,41.4,90.6,0.456,14.5,37.6,0.384,26.9,53,0.507,14.3,18.3,0.7799999999999999,9.4,33,42.4,24.4,6.9,4.7,12.8,17.9,111.4,TRUE
2021,11,Chicago Bulls,72,17380,41.6,88,0.47300000000000003,11.6,32.5,0.356,30,55.6,0.541,17.3,22.3,0.774,8.7,33.6,42.3,24.2,8.6,5.1,12.8,17.8,112,FALSE
2021,12,Denver Nuggets,72,17480,40.8,86.9,0.46900000000000003,13.2,36.3,0.363,27.6,50.6,0.545,17.4,22.5,0.773,9.2,32.7,41.9,26.4,7.6,4.6,14.3,19.5,112.1,TRUE
2021,13,Indiana Pacers,72,17455,41.6,89,0.468,11.2,30.7,0.366,30.4,58.4,0.521,17.9,22.9,0.7819999999999999,11,34.6,45.6,25.4,7.2,5.1,14.4,17.7,112.4,FALSE
2021,14,Boston Celtics,72,17380,40.4,87,0.464,13,34.8,0.374,27.4,52.3,0.524,18.7,23.8,0.7849999999999999,9.5,33.5,43,24.3,7.5,4.7,14.3,19.5,112.5,TRUE
2021,15,Toronto Raptors,72,17305,39.3,85.3,0.461,14,36.9,0.379,25.3,48.4,0.523,19.9,25,0.7989999999999999,10.1,36.1,46.2,26.2,6.7,5.6,16.2,19.6,112.5,FALSE
2021,16,Detroit Pistons,72,17430,41.9,88.1,0.47600000000000003,11.5,31.8,0.362,30.4,56.3,0.541,17.2,22.6,0.76,10.1,34.8,44.9,25.1,8.1,5.9,14.1,20.7,112.5,FALSE
2021,17,Charlotte Hornets,72,17355,41.8,89.3,0.468,14.7,40.1,0.366,27.2,49.2,0.552,14.5,19.5,0.745,10.8,35,45.8,27.4,8.2,4.9,14.9,18.9,112.8,FALSE
2021,18,San Antonio Spurs,72,17480,42.4,89.8,0.47200000000000003,12.3,32.6,0.377,30.1,57.2,0.527,15.7,20.7,0.758,10.2,37.2,47.4,24.8,6.3,5.1,13.2,18.6,112.8,FALSE
2021,19,Dallas Mavericks,72,17305,41.1,89.3,0.46,13.2,36.2,0.365,27.9,53.2,0.525,17.6,23.1,0.764,10,35.1,45.1,23.2,7.5,3.8,12.9,20.6,113,TRUE
2021,20,Washington Wizards,72,17405,41.1,87.3,0.47100000000000003,11.9,32.1,0.369,29.2,55.2,0.529,18.9,24.2,0.7809999999999999,9.8,34.2,43.9,23.3,7.8,4.6,14,21,113,TRUE
2021,21,Atlanta Hawks,72,17405,42,90.7,0.463,12.1,34.8,0.349,29.9,55.9,0.534,17.2,21.5,0.803,10.2,33.2,43.4,24.8,7.9,5.1,12.5,20.1,113.3,TRUE
2021,22,New Orleans Pelicans,72,17430,41.5,88.5,0.46900000000000003,14.3,37.8,0.38,27.1,50.7,0.535,16.5,20.9,0.7899999999999999,8.9,32.6,41.4,25.7,7.6,5.9,13.2,21.1,113.8,FALSE
2021,23,Brooklyn Nets,72,17405,41.8,91.1,0.459,13.2,36.1,0.365,28.6,55,0.521,17,21.9,0.775,10.4,32.5,43,24,7.6,4.6,12.6,18.9,113.8,TRUE
2021,24,Oklahoma City Thunder,72,17355,42.8,90.4,0.47300000000000003,13.4,36.8,0.364,29.4,53.6,0.548,15.1,19.5,0.773,10,36.5,46.5,25.4,8.9,5.2,12.9,18.3,114,FALSE
2021,25,Cleveland Cavaliers,72,17430,42.8,88.4,0.48400000000000004,12.6,33,0.383,30.1,55.3,0.545,16.2,20.8,0.779,10.1,34.5,44.6,25.9,8.7,6,14.6,20.5,114.4,FALSE
2021,26,Orlando Magic,72,17330,42.7,90.6,0.47100000000000003,13.9,37.2,0.373,28.8,53.4,0.539,15.3,19.5,0.7859999999999999,9.9,38,47.9,26.3,7.7,5.4,12.9,18.8,114.5,FALSE
2021,27,Houston Rockets,72,17305,42,87.7,0.48000000000000004,13.2,34.6,0.382,28.8,53,0.544,17.6,22.5,0.7829999999999999,9.7,37.1,46.8,25.4,8.4,5.2,14.4,19,114.9,FALSE
2021,28,Minnesota Timberwolves,72,17405,42,87.2,0.48200000000000004,12.8,32.7,0.392,29.2,54.5,0.536,18.1,23,0.7859999999999999,9.7,35,44.7,26.2,7.5,5.4,15,19.4,115,FALSE
2021,29,Portland Trail Blazers,72,17305,42.4,89.6,0.47300000000000003,13.1,35.1,0.372,29.3,54.4,0.538,18.2,23.1,0.7869999999999999,10,36.1,46.1,25.3,6.2,4.7,12.6,19.4,116,TRUE
2021,30,Sacramento Kings,72,17305,43.5,89.3,0.48800000000000004,12.4,32.6,0.38,31.1,56.7,0.549,17.8,22.6,0.7869999999999999,10.6,34.5,45.2,25.3,7.6,4.7,13.7,18.7,117.2,FALSE
2022,1,Boston Celtics,82,19905,39.2,90.1,0.43400000000000005,12.1,35.7,0.33899999999999997,27.1,54.4,0.497,16.5,21.1,0.7829999999999999,10.7,34,44.7,22.1,7.7,4.7,14.1,19.9,106.9,TRUE
2022,2,Golden State Warriors,82,19730,38.4,87.7,0.43800000000000006,12.4,36.4,0.33899999999999997,26.1,51.3,0.509,17.6,23.2,0.759,9.8,33.4,43.2,23.2,8,3.9,14.7,18.2,106.9,TRUE
2022,3,Phoenix Suns,82,19730,39.2,88.3,0.444,11.6,34.2,0.33999999999999997,27.6,54.1,0.51,17.3,22.7,0.761,10.5,33.9,44.5,22.9,7.5,4,14.7,18.9,107.3,TRUE
2022,4,Memphis Grizzlies,82,19780,40,87.9,0.455,11.9,34.2,0.349,28,53.7,0.522,17.1,22.2,0.771,9.9,32.7,42.7,24.8,7.1,6,14.9,19.7,109,TRUE
2022,5,Miami Heat,82,19855,38.8,86.8,0.447,13.4,39.5,0.33899999999999997,25.4,47.2,0.537,18.1,23.2,0.779,9.9,33.2,43,24,7.7,4.2,15.5,21.2,109.1,TRUE
2022,6,Dallas Mavericks,82,19755,40.7,89.2,0.457,11.4,33.6,0.33999999999999997,29.3,55.6,0.527,16.5,21.5,0.767,9.9,35.7,45.6,24.5,7.3,3.8,13.7,21,109.4,TRUE
2022,7,Cleveland Cavaliers,82,19730,41,90.5,0.452,12.1,34.4,0.353,28.8,56.1,0.514,15.6,20.1,0.774,10.9,33.6,44.5,25,8.7,4.8,13.9,20.7,109.7,FALSE
2022,8,Los Angeles Clippers,82,19780,41.4,92,0.45,11.9,34.4,0.345,29.5,57.6,0.513,15.4,19.9,0.775,12.2,35.7,47.9,24.5,7.8,4.2,13.8,18.8,110.1,FALSE
2022,9,Utah Jazz,82,19730,41.5,91.7,0.453,12.4,35.5,0.35,29.1,56.1,0.518,15,19.8,0.758,10.1,32.6,42.7,24,8,4.4,12.3,20.8,110.5,TRUE
2022,10,Toronto Raptors,82,19855,40.2,87.1,0.462,12.8,36,0.354,27.5,51.1,0.538,17.3,21.9,0.7889999999999999,10.7,34.8,45.5,26.1,6.9,5.2,16.3,19.7,110.5,TRUE
2022,11,New York Knicks,82,19780,39.9,89.2,0.447,13.1,38.3,0.34199999999999997,26.8,50.8,0.527,17.6,23.1,0.764,9.7,35.6,45.3,25.1,7.2,4.8,13.1,21.1,110.5,FALSE
2022,12,Philadelphia 76ers,82,19805,41,89.4,0.458,11.7,33.9,0.346,29.2,55.5,0.527,17.2,22.3,0.769,10.6,35.1,45.6,24.3,6.8,4.8,13.7,20.1,110.8,TRUE
2022,13,Minnesota Timberwolves,82,19780,39.7,86.1,0.46,12.9,36.8,0.35,26.8,49.3,0.543,19.5,25,0.7799999999999999,10.9,34.4,45.2,25.8,7.1,4.8,16.1,20.6,111.7,TRUE
2022,14,Milwaukee Bucks,82,19755,41.2,90.3,0.456,14.4,40.5,0.356,26.8,49.9,0.537,14.9,19.9,0.751,9.9,34.1,44,25.8,7.4,4.3,13,19.6,111.8,TRUE
2022,15,Denver Nuggets,82,19805,41.7,88.8,0.47000000000000003,12,34.8,0.346,29.7,54,0.549,16.7,22.1,0.757,9.8,33.2,43,25.8,8,4.9,13,20.2,112.1,TRUE
2022,16,San Antonio Spurs,82,19805,42.2,90.5,0.466,12,33.4,0.36,30.2,57.2,0.528,15.9,20.7,0.767,11.3,35.2,46.5,23.9,7.3,4.9,13.7,18.8,112.3,FALSE
2022,17,Orlando Magic,82,19780,40.9,89.3,0.458,13.2,36.4,0.363,27.7,52.8,0.524,17.5,22.6,0.772,10.4,36.9,47.3,24.9,8,5.2,13.2,18.4,112.5,FALSE
2022,18,Brooklyn Nets,82,19755,41,90.7,0.452,12.6,36.5,0.345,28.4,54.2,0.523,18.3,23.2,0.7879999999999999,11.4,33,44.4,24,8,4.9,13.3,19.8,112.8,TRUE
2022,19,Oklahoma City Thunder,82,19805,41.8,91.3,0.458,13.7,39,0.353,28,52.3,0.536,15.4,20,0.771,11.1,37.6,48.8,26.3,8.5,6,13.4,18,112.8,FALSE
2022,20,New Orleans Pelicans,82,19755,41.2,87.6,0.47100000000000003,13.3,36.4,0.365,27.9,51.2,0.546,17.2,21.9,0.7859999999999999,9.5,33.3,42.8,25.5,7.6,4.9,14.5,21,113,TRUE
2022,21,Los Angeles Lakers,82,19980,41.9,89.1,0.47000000000000003,12.4,35.2,0.352,29.5,53.8,0.548,17.1,22.9,0.747,10.8,35,45.8,25.8,8.2,4.1,13.8,19.8,113.3,FALSE
2022,22,Chicago Bulls,82,19730,42,88.7,0.47400000000000003,11.9,32.4,0.366,30.2,56.3,0.536,17.7,22.3,0.7949999999999999,9.5,34.4,43.8,25.4,7.2,5.1,13.3,18.4,113.6,TRUE
2022,23,Charlotte Hornets,82,19880,41.6,89.2,0.466,13.9,38.3,0.362,27.7,50.9,0.544,16.7,21.9,0.763,11.2,35.2,46.5,26.2,7.4,4.6,14.8,19.4,113.7,FALSE
2022,24,Detroit Pistons,82,19780,41.1,87,0.47300000000000003,11.9,32.9,0.362,29.2,54.1,0.54,19.7,25.4,0.777,10.4,36.3,46.8,25.4,7.5,5.3,14.8,20,113.8,FALSE
2022,25,Washington Wizards,82,19830,42.2,90.9,0.464,11.7,32.5,0.361,30.5,58.4,0.522,18.4,22.8,0.807,10.5,34.7,45.2,24.2,7.5,4.3,12.1,20.4,114.5,FALSE
2022,26,Atlanta Hawks,82,19705,42.8,91,0.47100000000000003,13.1,36,0.364,29.7,54.9,0.541,16.1,20.4,0.7919999999999999,10.4,34.4,44.8,26,7.2,4.6,13,20.8,114.9,TRUE
2022,27,Sacramento Kings,82,19805,43.3,90.2,0.47900000000000004,12.9,34.8,0.372,30.3,55.5,0.547,15.9,20.4,0.776,10.5,35.1,45.6,25.2,8.1,4.8,13.4,20.2,115.3,FALSE
2022,28,Indiana Pacers,82,19880,42.9,88.8,0.48300000000000004,12.1,32.6,0.372,30.8,56.3,0.547,18.1,22.7,0.7969999999999999,10.3,33.3,43.5,25.4,8.2,4.9,13.4,19.4,116.1,FALSE
2022,29,Houston Rockets,82,19755,42.9,88.8,0.48300000000000004,12.6,35.7,0.353,30.3,53.1,0.5700000000000001,18.3,23.4,0.7819999999999999,11,34.1,45.1,25.3,9.3,5.7,13.9,21.8,116.7,FALSE
2022,30,Portland Trail Blazers,82,19730,41.8,87.2,0.47900000000000004,14,37.7,0.371,27.8,49.5,0.561,19.4,24.9,0.777,9.9,35.5,45.4,27,8.3,5.1,14.2,19.7,116.9,FALSE
2023,1,Cleveland Cavaliers,82,19880,40.4,86.4,0.468,11.7,31.6,0.368,28.7,54.7,0.525,18.1,23.2,0.7819999999999999,10.1,32.5,42.7,23.8,7.3,4.5,16.2,21.1,110.6,TRUE
2023,2,Memphis Grizzlies,82,19780,40.1,88.4,0.453,12.8,36,0.355,27.3,52.4,0.521,18.2,23.2,0.7869999999999999,10.8,32.9,43.7,26,6.7,5.1,14.9,19.7,111.2,TRUE
2023,3,Boston Celtics,82,19980,41.8,90.2,0.463,11.6,33.7,0.345,30.1,56.5,0.534,16.2,21.1,0.769,9.7,34.3,44,23.1,6.6,3.9,12.7,19.1,111.5,TRUE
2023,4,Milwaukee Bucks,82,19830,41.9,92,0.456,11.9,33.7,0.354,30,58.3,0.514,16.1,20.7,0.776,10.6,33,43.6,23.6,7,3.9,11.7,18.7,111.9,TRUE
2023,5,Chicago Bulls,82,19905,40.9,87.4,0.468,13.3,37.2,0.357,27.6,50.2,0.55,17.2,22.1,0.779,9.7,33.8,43.5,26.1,6.7,4.8,15.1,18.8,112.2,FALSE
2023,6,New Orleans Pelicans,82,19855,41,86.7,0.47200000000000003,12.2,36,0.33899999999999997,28.7,50.7,0.5670000000000001,18.4,23.6,0.779,9.7,32.1,41.8,24.9,7.3,4.7,15,20.4,112.5,FALSE
2023,7,Phoenix Suns,82,19780,40.5,87,0.466,11.6,32.5,0.357,28.9,54.6,0.53,20.4,26,0.7859999999999999,10.4,33.1,43.4,23.7,7.3,4,14.6,20.1,113,TRUE
2023,8,Miami Heat,82,19805,41.4,85.9,0.48200000000000004,13.6,36.9,0.367,27.8,49,0.5690000000000001,17,21.8,0.7809999999999999,9.2,34,43.2,26.4,7.2,3.9,16.2,20.7,113.3,TRUE
2023,9,Philadelphia 76ers,82,19880,41.3,87.3,0.47300000000000003,11.9,34.1,0.348,29.4,53.2,0.553,18.9,24.2,0.7809999999999999,9.7,32.3,42.1,24.7,6.7,4.7,14.6,20,113.3,TRUE
2023,10,Minnesota Timberwolves,82,19830,41.1,87.2,0.47100000000000003,12.1,32.7,0.369,29,54.5,0.532,19.6,25.6,0.766,11.1,32.8,43.9,24.6,8.1,4,15.1,19.8,113.8,TRUE
2023,11,Los Angeles Lakers,82,19880,43,91.7,0.46900000000000003,12.3,35.6,0.344,30.7,56.1,0.548,15.7,20.3,0.773,10.8,33,43.8,25.1,7.4,5,12.3,21,113.9,TRUE
2023,12,Toronto Raptors,82,19805,41.3,84.3,0.491,12.5,33.4,0.374,28.8,50.9,0.5670000000000001,18.8,23.6,0.7969999999999999,9.4,33.8,43.3,26.8,6.1,4.7,17.1,20,114,FALSE
2023,13,Brooklyn Nets,82,19730,41.6,89.8,0.463,12,32.7,0.367,29.6,57.1,0.518,19,24.8,0.767,11.7,34.1,45.8,23.7,7.1,3.9,13.9,18.8,114.1,TRUE
2023,14,Denver Nuggets,82,19755,42.4,88.7,0.47800000000000004,11.6,33.6,0.344,30.8,55.2,0.559,17.9,23,0.775,10.3,31.1,41.5,26.1,8,4.3,13.7,19.8,114.2,TRUE
2023,15,Orlando Magic,82,19780,41.4,87.1,0.47600000000000003,13,37,0.351,28.4,50.1,0.5670000000000001,18.4,23.1,0.7959999999999999,9.5,32.6,42.1,25.9,7.7,5.1,14.7,20.5,114.2,FALSE
2023,16,Oklahoma City Thunder,82,19855,41.1,86.7,0.47400000000000003,12.7,35.3,0.358,28.4,51.4,0.553,19.3,25,0.771,11.7,34,45.7,25.4,6.8,5.4,16.4,20,114.2,FALSE
2023,17,Golden State Warriors,82,19830,41.4,88.4,0.46900000000000003,12.6,34.7,0.364,28.8,53.7,0.536,18.9,24.6,0.769,10.5,31.8,42.3,25.1,7.7,3.9,14,18,114.4,TRUE
2023,18,Los Angeles Clippers,82,19830,42.4,89.5,0.47400000000000003,12.4,33.8,0.365,30,55.6,0.539,17.5,22.6,0.771,10.4,33.3,43.7,25.3,7.9,4.2,13.2,19.8,114.5,TRUE
2023,19,New York Knicks,82,19955,41.4,89.5,0.462,13.2,37.1,0.357,28.2,52.5,0.537,18.8,24.1,0.7819999999999999,10.3,32.4,42.7,25.5,6.1,4.6,12.9,21,114.8,TRUE
2023,20,Charlotte Hornets,82,19830,42.3,88.7,0.47700000000000004,12,33.7,0.357,30.2,55,0.55,18.7,23.6,0.7949999999999999,10.7,34.7,45.5,25.5,6.9,5.7,14.1,20,115.3,FALSE
2023,21,Washington Wizards,82,19755,42.9,90.8,0.47300000000000003,12.1,33.1,0.366,30.8,57.6,0.534,17.7,22.1,0.7979999999999999,10.9,32.6,43.5,25.1,7.2,5,12.4,19.6,115.6,FALSE
2023,22,Atlanta Hawks,82,19855,43.1,88.8,0.48600000000000004,11.8,33,0.356,31.4,55.8,0.562,18.3,22.8,0.803,10.4,33,43.4,25.6,7.4,5,13.9,19.4,116.3,TRUE
2023,23,Dallas Mavericks,82,19930,42.7,88.1,0.48500000000000004,11.4,32.4,0.352,31.3,55.7,0.562,19.9,25.5,0.7809999999999999,10.4,35.4,45.7,25.5,6.5,3.9,13.4,22.3,116.7,FALSE
2023,24,Utah Jazz,82,19805,42.9,90.6,0.47300000000000003,12.3,34.1,0.361,30.5,56.5,0.54,18.6,24,0.776,11.1,31.9,43,24.7,7.7,4.9,12.4,20.2,116.7,FALSE
2023,25,Sacramento Kings,82,19830,43.3,87.9,0.492,12.3,33.1,0.373,31,54.9,0.5640000000000001,17.9,22.7,0.7869999999999999,9.6,32.2,41.7,26.4,7.2,4.1,14.1,20.6,116.8,TRUE
2023,26,Indiana Pacers,82,19755,42.6,88,0.48500000000000004,12.2,32.8,0.373,30.4,55.2,0.551,20.2,25.2,0.8,11.9,32.7,44.6,26,7.8,5.3,14.8,19.9,117.7,FALSE
2023,27,Portland Trail Blazers,82,19730,43.5,88.6,0.491,12.7,33.5,0.379,30.8,55,0.559,19.2,24.4,0.7869999999999999,10.6,33.2,43.7,27.3,7.9,4.3,13.7,20.7,118.8,FALSE
2023,28,Detroit Pistons,82,19805,43.2,88.4,0.48900000000000005,12,33.4,0.36,31.2,54.9,0.5680000000000001,20.4,26.3,0.777,11,33.9,44.9,25.8,7.7,5.5,13.6,21,118.9,FALSE
2023,29,Houston Rockets,82,19755,42.7,88.7,0.48200000000000004,14.6,39.1,0.374,28.1,49.6,0.5670000000000001,19.3,24.4,0.7939999999999999,10.6,31.2,41.8,26.3,8.8,6.2,13.2,20.8,119.3,FALSE
2023,30,San Antonio Spurs,82,19855,45,88.7,0.507,12.3,31.5,0.391,32.6,57.2,0.5710000000000001,17.8,23.1,0.77,10.4,33.4,43.9,26.1,7.9,5.1,13.5,18,120,FALSE
2024,1,Minnesota Timberwolves,82,19805,39.9,88.8,0.45,11.7,33,0.354,28.2,55.8,0.506,17.5,22.4,0.7809999999999999,10.5,31.9,42.4,25.1,7.7,4.6,14.5,20.3,109,TRUE
2024,2,Orlando Magic,82,19780,40.9,86.2,0.47400000000000003,11.8,33,0.358,29,53.2,0.546,17.8,22.8,0.7799999999999999,9.1,31.8,40.9,24.5,8.3,4.7,15.4,21.4,111.3,TRUE
2024,3,Boston Celtics,82,19830,42.4,93.6,0.453,13.2,37.5,0.352,29.2,56.1,0.52,13.6,17.7,0.768,11.3,33,44.3,25.4,6.4,3.8,12.3,17.6,111.6,TRUE
2024,4,Oklahoma City Thunder,82,19805,40.4,88.9,0.455,13.4,37,0.361,27,51.8,0.522,18,22.8,0.7889999999999999,11.7,32.7,44.5,26.8,7.1,5.1,15.6,18.8,112.1,TRUE
2024,5,Miami Heat,82,19755,41.6,89.1,0.467,13.4,38.1,0.353,28.2,51,0.553,15.5,19.9,0.7799999999999999,9.6,34.7,44.3,27.4,6.9,4.9,14.2,19.6,112.2,TRUE
2024,6,Cleveland Cavaliers,82,19805,41.4,89.5,0.463,12.8,34.6,0.371,28.6,54.9,0.521,17,21.5,0.7909999999999999,10.3,33.4,43.6,25.8,7.9,5.1,13.9,19.2,112.7,TRUE
2024,7,New Orleans Pelicans,82,19705,41.3,89,0.464,13.8,39.5,0.349,27.5,49.5,0.555,16.6,21.1,0.7829999999999999,10.3,32.9,43.2,27.3,6.7,5.3,14.5,18.7,112.9,TRUE
2024,8,Denver Nuggets,82,19705,41.9,90.7,0.462,11.6,32.5,0.355,30.3,58.1,0.522,17.7,22.9,0.772,11.2,32.4,43.6,26.5,7.3,5,12.8,18.5,113,TRUE
2024,9,Houston Rockets,82,19855,40.8,88.3,0.463,12.4,35.5,0.348,28.5,52.8,0.54,19.3,25.2,0.767,10.7,34.2,45,24.4,7.3,5.9,13.8,19.7,113.4,FALSE
2024,10,New York Knicks,82,19730,42.2,89.8,0.47000000000000003,13.1,35.9,0.365,29.1,53.8,0.54,15.8,20.7,0.764,10.7,31.8,42.6,26.8,7.1,5.5,13.8,20,113.4,TRUE
2024,11,Philadelphia 76ers,82,19780,41.3,88.3,0.468,12.2,34.4,0.354,29.1,53.9,0.541,19,24,0.7909999999999999,11.2,34.1,45.3,26.7,6.3,6.3,14.9,18.9,113.8,TRUE
2024,12,Memphis Grizzlies,82,19780,41.8,88.1,0.47400000000000003,13.6,35.9,0.378,28.2,52.2,0.541,17.2,22.1,0.779,10.8,35.4,46.2,26.9,8.3,6.6,15.3,19,114.3,FALSE
2024,13,Phoenix Suns,82,19780,42.5,91.7,0.464,13.3,36.4,0.364,29.3,55.3,0.529,16.3,21,0.774,11.1,30.7,41.8,26.6,8.5,4.6,12.9,19.9,114.6,TRUE
2024,14,Sacramento Kings,82,19855,41.8,87,0.48000000000000004,13.1,33.9,0.387,28.6,53.1,0.539,18.5,23.1,0.8,9.1,33.5,42.7,27,7.4,4.5,13.9,18.4,115.2,FALSE
2024,15,Golden State Warriors,82,19830,42.1,90.5,0.466,13.3,37,0.359,28.9,53.5,0.539,17.7,22.4,0.7879999999999999,10.9,32.1,42.9,26.7,7.7,5,13,17.9,115.2,FALSE
2024,16,Los Angeles Lakers,82,19855,43.6,92.1,0.47400000000000003,14,37.2,0.376,29.6,54.8,0.54,14.1,17.7,0.7949999999999999,10.7,32.6,43.3,27.7,8.1,4.7,13.2,19.4,115.3,TRUE
2024,17,Dallas Mavericks,82,19705,42.9,90.2,0.47500000000000003,13.1,35.6,0.368,29.8,54.7,0.545,16.6,21.6,0.77,10.9,34.1,45,27.5,7.3,4,13.7,20.3,115.4,TRUE
2024,18,Los Angeles Clippers,82,19705,42.8,91.3,0.468,13.2,36.4,0.363,29.6,54.9,0.538,16.7,21.5,0.775,11.4,32,43.3,27.1,7.5,4.8,13.4,19.3,115.4,TRUE
2024,19,Milwaukee Bucks,82,19805,43,91.4,0.47000000000000003,12.5,35.1,0.356,30.5,56.3,0.541,17.3,21.4,0.807,10.2,33.5,43.8,26.3,7,4.2,12,19.1,115.8,TRUE
2024,20,Brooklyn Nets,82,19805,42.6,90.7,0.47000000000000003,13.3,35.8,0.372,29.3,54.9,0.534,17.5,21.7,0.807,10.5,34.9,45.4,26.1,7,5.1,12.9,18.7,116.1,FALSE
2024,21,Chicago Bulls,82,19980,42,89,0.47300000000000003,14.9,40.4,0.37,27.1,48.6,0.558,17.3,22.3,0.776,10.3,34,44.4,28.5,6.9,5,14.3,19.2,116.3,FALSE
2024,22,San Antonio Spurs,82,19830,44.1,90.6,0.48700000000000004,12.4,33.4,0.373,31.6,57.2,0.553,15.8,20.1,0.7839999999999999,10.3,34.2,44.5,27.5,8.8,4.5,13.1,17.6,116.4,FALSE
2024,23,Portland Trail Blazers,82,19880,43.3,88.2,0.491,11.9,33.9,0.351,31.4,54.3,0.5780000000000001,19.1,24.1,0.7919999999999999,10.8,33.9,44.6,27.6,9.1,6.6,14.6,18.2,117.5,FALSE
2024,24,Indiana Pacers,82,19705,43.7,88.1,0.496,10.5,28.8,0.365,33.2,59.3,0.56,20.1,25.5,0.7869999999999999,10.8,31.8,42.6,24.2,6.5,5.3,13.7,18,118,TRUE
2024,25,Detroit Pistons,82,19755,43.6,88.9,0.49,12.1,32.7,0.37,31.5,56.2,0.56,19.6,24.5,0.8,9.6,33.4,43.1,27,8.9,6,12.4,17.7,118.8,FALSE
2024,26,Toronto Raptors,82,19805,44.7,91.1,0.491,13.7,36.3,0.376,31.1,54.8,0.5670000000000001,15.6,19.8,0.7889999999999999,11.2,34,45.2,28.6,7.3,5.8,13.9,18.1,118.8,FALSE
2024,27,Atlanta Hawks,82,19855,44.2,89.3,0.495,13.9,36.1,0.384,30.3,53.2,0.5700000000000001,17.1,21.6,0.7919999999999999,10.5,33.3,43.8,27.9,7.7,5.6,14,19.3,119.4,FALSE
2024,28,Washington Wizards,82,19730,44.8,90.3,0.496,11.9,33,0.362,32.8,57.3,0.5730000000000001,18.1,23.3,0.777,11.8,35.8,47.6,28.2,7.8,5.9,13.7,17.5,119.6,FALSE
2024,29,Charlotte Hornets,82,19730,44.5,89.9,0.494,14,37.1,0.377,30.5,52.9,0.5770000000000001,16.9,21.2,0.7959999999999999,10.8,35.7,46.5,29.5,7.3,5,14,17.9,119.8,FALSE
2024,30,Utah Jazz,82,19805,44.5,91.5,0.48700000000000004,14.8,37.4,0.395,29.7,54.1,0.55,16.6,21.5,0.771,11,31.2,42.2,29.7,8.6,6.4,12.3,19.2,120.4,FALSE
2025,1,Oklahoma City Thunder,82,19705,37.9,86.8,0.43600000000000005,13.4,39.3,0.34199999999999997,24.4,47.6,0.513,18.3,23.7,0.774,11.6,33.2,44.8,24.6,6.7,4.8,17,18.1,107.5,TRUE
2025,2,Orlando Magic,82,19730,39.6,84.6,0.468,11.9,32.5,0.365,27.7,52,0.532,18.6,24.3,0.766,9.5,34.2,43.7,23.7,8,4.6,16.8,21.1,109.6,TRUE
2025,3,Los Angeles Clippers,82,19805,40.3,87.4,0.461,13.2,37.8,0.35,27,49.6,0.545,16.5,21.4,0.772,9.9,32.4,42.3,26.2,9,4.4,15.3,18.1,110.3,TRUE
2025,4,Houston Rockets,82,19780,40.9,89.1,0.459,12.4,34.9,0.357,28.4,54.3,0.524,16.6,21.9,0.759,10.7,31.9,42.5,23.7,8,5.7,14.5,19.4,110.8,TRUE
2025,5,Boston Celtics,82,19830,41.8,92.7,0.45,13.3,38.5,0.347,28.4,54.2,0.524,14.3,18.3,0.777,11.1,34.2,45.3,24.9,7.2,3.7,13.3,18.2,111.1,TRUE
2025,6,Minnesota Timberwolves,82,19830,41.3,89.7,0.46,12.9,36.7,0.353,28.3,53,0.534,16,20.8,0.767,11.3,32.5,43.7,25.3,8.5,4.6,15,19.5,111.5,TRUE
2025,7,Golden State Warriors,82,19730,40.9,87.8,0.465,13.3,36.7,0.363,27.6,51.2,0.539,16.6,21.6,0.769,10.7,33.8,44.5,26.1,7.7,5.4,15.9,18.8,111.7,TRUE
2025,8,Cleveland Cavaliers,82,19755,41.2,90.7,0.454,13.4,37.4,0.359,27.7,53.3,0.52,16.4,21.1,0.779,11.5,31.9,43.5,25.6,7.8,4.4,14.5,18.9,112.2,TRUE
2025,9,Miami Heat,82,19930,42.3,90.9,0.466,14,38.9,0.36,28.3,52,0.545,14.3,18.4,0.776,11,34.8,45.8,27.2,7.7,4.8,14.2,17.4,112.9,TRUE
2025,10,Memphis Grizzlies,82,19705,40.5,88.8,0.456,13.7,38.1,0.36,26.8,50.7,0.529,18.3,23.7,0.77,11.1,31,42.1,26.2,8.4,5.3,14.6,19.5,113,TRUE
2025,11,Detroit Pistons,82,19805,40.4,87.5,0.461,13.6,37.1,0.366,26.8,50.5,0.531,18.7,24.1,0.776,10.5,31.8,42.3,24.7,8.8,5,15,18.8,113.1,TRUE
2025,12,Milwaukee Bucks,82,19755,41.8,91.4,0.457,14,39.6,0.353,27.8,51.9,0.536,15.9,20.3,0.7829999999999999,11,34.4,45.4,26.5,7.4,3.9,12.9,19,113.4,TRUE
2025,13,Indiana Pacers,82,19855,42.3,89.2,0.47400000000000003,12.8,36,0.355,29.5,53.2,0.554,16.9,21.9,0.773,11.1,33.6,44.7,25.8,7.1,4.4,14.9,18.7,114.3,TRUE
2025,14,New York Knicks,82,19880,42.6,89.8,0.47400000000000003,13.4,36.5,0.367,29.2,53.3,0.548,15.8,20,0.7889999999999999,11.1,31.7,42.8,25.8,7.2,5.1,14.8,19.4,114.3,TRUE
2025,15,Los Angeles Lakers,82,19730,42.3,91.2,0.463,13.9,38.9,0.356,28.4,52.3,0.544,16.2,20.9,0.775,11.5,32.5,44,27.9,8.4,4.3,14,19.6,114.7,TRUE
2025,16,Portland Trail Blazers,82,19780,41.9,88.9,0.47100000000000003,12.8,35.4,0.361,29.1,53.5,0.544,18.1,22.7,0.7989999999999999,12,32.6,44.6,26.4,9.6,5.6,15.6,19.4,114.7,FALSE
2025,17,Toronto Raptors,82,19805,41,88,0.466,13.1,37.6,0.349,27.9,50.4,0.554,19.6,25.2,0.778,11.4,33.4,44.8,25.8,9.1,5.9,15,18,114.8,FALSE
2025,18,Chicago Bulls,82,19755,43,92,0.467,13.2,38.4,0.344,29.8,53.6,0.556,16.4,20.8,0.7859999999999999,10.6,34,44.6,28,7.8,4.9,12.2,16.2,115.6,FALSE
2025,19,Atlanta Hawks,82,19780,42.1,87.5,0.48100000000000004,13.8,36.6,0.377,28.3,50.8,0.557,17.6,22,0.802,10,32.3,42.3,27.4,8.9,4.8,15.5,18.5,115.7,FALSE
2025,20,Brooklyn Nets,82,19780,41.7,86.9,0.48000000000000004,13.3,36.8,0.362,28.4,50.1,0.5670000000000001,19,24.4,0.779,10.4,34.7,45.1,27.9,8.3,5.8,15.5,19.5,115.8,FALSE
2025,21,Denver Nuggets,82,19855,43,92.4,0.466,14,38.4,0.365,29,54,0.538,16,20.6,0.777,11.7,30.5,42.2,28.8,8.7,5.1,12.9,18.9,116,TRUE
2025,22,Dallas Mavericks,82,19730,43.3,92.2,0.46900000000000003,12.9,35.6,0.363,30.4,56.6,0.536,16.5,21.2,0.779,12.2,33.3,45.5,27.2,8.1,4.6,13.3,18.8,116,FALSE
2025,23,Sacramento Kings,82,19880,41.9,88.5,0.47400000000000003,14.7,38.5,0.381,27.3,50,0.545,17.7,22.6,0.7829999999999999,10.1,32.6,42.7,27.2,8,4.3,14,18.6,116.2,FALSE
2025,24,Charlotte Hornets,82,19755,42.4,90.8,0.467,14.5,40.8,0.355,28,50,0.559,17.2,21.8,0.7899999999999999,11.5,34.6,46.2,27.3,8.9,5.4,13.6,18.5,116.6,FALSE
2025,25,San Antonio Spurs,82,19730,44,92.9,0.47400000000000003,14.4,39.5,0.365,29.6,53.4,0.554,14.7,18.6,0.7899999999999999,12.1,34.2,46.4,28.1,8.1,4.4,13.7,17.5,117.2,FALSE
2025,26,Philadelphia 76ers,82,19805,43.3,88.6,0.48800000000000004,14.5,38.4,0.378,28.7,50.2,0.5720000000000001,17.2,21.7,0.7939999999999999,11.8,34.7,46.5,28.8,7.6,5.2,16.3,19,118.2,FALSE
2025,27,Washington Wizards,82,19730,43.2,91.8,0.47100000000000003,14.1,38.7,0.364,29.1,53,0.549,18.6,23.4,0.7929999999999999,12.8,35.6,48.3,28.1,9,5.2,13.2,18,119.1,FALSE
2025,28,Phoenix Suns,82,19830,43.6,92.1,0.47300000000000003,14.5,39.2,0.37,29.1,52.9,0.549,17.6,22.3,0.7899999999999999,11.8,33.4,45.2,27.9,8.7,4.1,12.5,18.8,119.3,FALSE
2025,29,New Orleans Pelicans,82,19755,43.9,91,0.48300000000000004,14.7,40.3,0.365,29.3,50.6,0.5780000000000001,17.3,22,0.7859999999999999,11.9,34.1,46,28.8,9.1,5.2,14.1,18,119.9,FALSE
2025,30,Utah Jazz,82,19805,44.3,92.3,0.48000000000000004,14.8,41.2,0.358,29.5,51.1,0.5770000000000001,17.1,22.4,0.763,11.6,32.3,43.9,29.4,9.7,6.4,11.7,19.1,120.4,FALSE
2026,1,Oklahoma City Thunder,82,19855,38.6,88.3,0.43700000000000006,14.3,38.8,0.369,24.3,49.4,0.491,16.2,21.9,0.74,11.8,33.3,45.1,24.9,7.6,4.4,16.7,20.3,107.7,TRUE
2026,2,Detroit Pistons,82,19805,37.8,85.3,0.443,12.7,36.8,0.345,25.1,48.5,0.517,21.4,27.2,0.7879999999999999,11.3,29.3,40.6,23.5,8.9,5.8,16.9,21.3,109.7,TRUE
2026,3,San Antonio Spurs,82,19730,41,90.9,0.451,13,36.9,0.352,28,54,0.518,16.4,20.8,0.7899999999999999,10.4,32.1,42.5,26.1,7.6,4.6,12.9,20.2,111.3,TRUE
2026,4,Boston Celtics,82,19730,40.3,91.3,0.442,14.7,41.1,0.358,25.6,50.1,0.511,17.3,22.3,0.775,11.4,31.9,43.3,26,6.5,4.3,13.1,19.3,112.7,TRUE
2026,5,Toronto Raptors,82,19780,40.5,86.9,0.467,12.7,36.3,0.349,27.9,50.6,0.551,19.2,24.3,0.7929999999999999,11.1,32.3,43.4,24.7,7.9,5.1,16.2,20,113,TRUE
2026,6,Houston Rockets,82,19905,41.7,90.6,0.46,12.7,36.3,0.351,28.9,54.3,0.533,17.2,22.7,0.756,11.6,29,40.6,25.2,9.3,4.8,13.8,20.6,113.2,TRUE
2026,7,New York Knicks,82,19755,40.4,88,0.46,14.3,39.5,0.362,26.2,48.6,0.539,18.1,23.3,0.778,10.3,31.4,41.7,25.7,7.5,4.5,14.8,20,113.3,TRUE
2026,8,Minnesota Timberwolves,82,19780,41,88.7,0.462,11.9,33.6,0.355,29,55.1,0.527,19.6,25.1,0.7809999999999999,11.6,31.7,43.3,25.8,8.2,4.1,14.9,20.2,113.5,TRUE
2026,9,Atlanta Hawks,82,19755,41.5,87.7,0.47400000000000003,12.6,35.5,0.355,28.9,52.1,0.554,18.1,22.8,0.7939999999999999,10.9,33.4,44.3,26.1,8.3,4.8,15.7,18.1,113.7,TRUE
2026,10,Phoenix Suns,82,19755,41.2,87.7,0.47000000000000003,12.5,36,0.347,28.7,51.7,0.556,19,24.2,0.7849999999999999,12.1,32.7,44.8,25.7,8.1,4.6,16.7,19.3,113.9,TRUE
2026,11,Orlando Magic,82,19830,41.4,87.1,0.47600000000000003,12,34.1,0.353,29.4,53,0.555,19.4,24.9,0.7809999999999999,10.4,32.6,43,25.1,8.2,5.3,14.8,21.7,114.3,TRUE
2026,12,Charlotte Hornets,82,19755,42.2,90.4,0.467,13.2,36.7,0.359,29,53.8,0.54,16.8,21,0.801,10.5,29.9,40.4,26.7,8.4,4.6,13.1,20.4,114.4,FALSE
2026,13,Miami Heat,82,19705,41.8,89.8,0.465,13.5,37.6,0.359,28.3,52.2,0.542,17.4,21.6,0.804,11.2,33.6,44.8,26.5,7.6,4.7,14.5,19.6,114.5,FALSE
2026,14,Portland Trail Blazers,82,19755,41.6,88.5,0.47100000000000003,12.4,34.7,0.358,29.2,53.8,0.543,19,24.1,0.7899999999999999,11.9,30.7,42.6,26.1,10.7,5.7,15.5,21.8,114.7,TRUE
2026,15,Cleveland Cavaliers,82,19755,41.2,88.8,0.464,14.1,38,0.372,27.1,50.8,0.533,18.6,23.4,0.7939999999999999,11.2,31.8,43,26.9,8.6,4.3,15,20.5,115.1,TRUE
2026,16,Philadelphia 76ers,82,19880,41.6,89.2,0.467,13.3,37.7,0.353,28.3,51.5,0.55,18.9,24.1,0.7849999999999999,12,33.1,45.1,27.4,7.2,5.1,15.4,19.8,115.5,TRUE
2026,17,Golden State Warriors,82,19805,42.5,88.6,0.48000000000000004,13,36,0.36,29.5,52.6,0.562,17.6,21.9,0.802,11.6,32.8,44.4,27.2,8.8,4.2,16,18.7,115.6,FALSE
2026,18,Los Angeles Clippers,82,19780,42.3,90.2,0.46900000000000003,13.7,37.6,0.364,28.6,52.7,0.543,17.8,22.4,0.7959999999999999,11.9,31.8,43.7,27,8.7,4.7,14.8,20.7,116.1,FALSE
2026,19,Los Angeles Lakers,82,19705,43.2,89.5,0.48300000000000004,13,36.9,0.352,30.2,52.5,0.5740000000000001,17,21.5,0.7919999999999999,11.1,30.6,41.6,27.9,9.1,3.5,14.8,21.3,116.4,TRUE
2026,20,Dallas Mavericks,82,19855,43.7,91.4,0.47800000000000004,12.5,35.6,0.35,31.2,55.8,0.559,16.7,21.7,0.77,11.6,33.9,45.6,27.6,8.6,5.1,13,20.5,116.5,FALSE
2026,21,Denver Nuggets,82,19930,42.9,91.6,0.468,13.7,39.3,0.349,29.2,52.3,0.558,17.9,23.2,0.771,11.3,31.7,43,27.6,7.9,4.7,11.8,21.5,117.4,TRUE
2026,22,Chicago Bulls,82,19755,43.6,91.1,0.47800000000000004,13.7,37.1,0.368,29.9,54,0.554,17.3,22.3,0.774,11,33.5,44.4,27.9,8.9,5.4,12.6,18.3,118.1,FALSE
2026,23,Memphis Grizzlies,82,19730,43.4,89.5,0.48500000000000004,13.8,38,0.364,29.6,51.6,0.5740000000000001,18.2,23.5,0.775,12.5,33.5,46.1,27.8,8.7,5.2,15.3,19.2,118.8,FALSE
2026,24,Indiana Pacers,82,19755,43.7,89.3,0.48900000000000005,11.9,33.6,0.355,31.7,55.7,0.5700000000000001,19.5,25.2,0.773,11.1,34.9,46,26.1,8,4.7,13.3,19.6,118.8,FALSE
2026,25,New Orleans Pelicans,82,19805,43.3,90.8,0.47700000000000004,14.1,40.1,0.35,29.3,50.7,0.5780000000000001,18.1,23.4,0.774,12.6,32.8,45.4,27.9,7.9,5.7,14.3,20,118.9,FALSE
2026,26,Brooklyn Nets,82,19755,43.3,87,0.497,12.9,33.7,0.381,30.4,53.2,0.5710000000000001,19.6,25.3,0.775,10.4,34.3,44.7,28.2,9.4,5.5,14.9,20,119,FALSE
2026,27,Milwaukee Bucks,82,19755,42.4,89.6,0.47300000000000003,15.1,40.3,0.375,27.3,49.3,0.554,19.3,24.6,0.7849999999999999,11.3,34.1,45.4,28.4,8.9,4.2,13.3,18,119.3,FALSE
2026,28,Sacramento Kings,82,19755,44.1,89.3,0.494,13.9,36.6,0.379,30.3,52.7,0.5740000000000001,19.3,24.5,0.7889999999999999,11.2,33,44.1,28.1,8.8,4.7,14,18.4,121.5,FALSE
2026,29,Utah Jazz,82,19830,43.7,88.5,0.494,14.8,39.9,0.372,28.8,48.6,0.594,20,25.8,0.777,11.5,32.9,44.4,29.8,9,5.6,14.2,19.7,122.3,FALSE
2026,30,Washington Wizards,82,19755,44.1,90.4,0.48800000000000004,13.5,36.5,0.368,30.7,53.9,0.5690000000000001,21,26.4,0.7969999999999999,12.9,34.1,47,28.9,9.6,5.3,13.6,17.6,122.7,FALSE
