season,ranker,team,g,mp,fg,fga,fg_pct,fg3,fg3a,fg3_pct,fg2,fg2a,fg2_pct,ft,fta,ft_pct,orb,drb,trb,ast,stl,blk,tov,pf,pts,made_playoffs
2000,1,Indiana Pacers,82,19730,39.8,86.8,0.459,7.6,19.4,0.392,32.2,67.3,0.47800000000000004,21.3,26.2,0.811,11,34.1,45.1,24.3,7.3,5.5,15.1,23.3,108.5,TRUE
2000,2,Milwaukee Bucks,82,19855,41.4,89,0.465,5.1,13.9,0.369,36.2,75,0.48300000000000004,20.3,25.8,0.7859999999999999,13.2,30.9,44.2,24.1,8.7,5,16,26.3,108.2,TRUE
2000,3,Portland Trail Blazers,82,19780,40.8,86.8,0.47000000000000003,5.5,15.2,0.361,35.3,71.6,0.493,20.8,27.4,0.76,13,34.6,47.6,26,8.5,5.3,16.8,25.2,107.9,TRUE
2000,4,Utah Jazz,82,19755,40.1,86.5,0.464,4.5,11.6,0.385,35.7,74.9,0.47600000000000003,22.5,29.1,0.773,12.7,32.9,45.6,27.7,8.5,6,16.5,27.3,107.3,TRUE
2000,5,Detroit Pistons,82,19830,38.5,83.9,0.459,5.6,15.5,0.359,33,68.5,0.48100000000000004,24.7,31.7,0.7809999999999999,11.6,31.1,42.7,21.6,8.4,3.5,16.3,25.4,107.3,TRUE
2000,6,Los Angeles Lakers,82,19805,40.7,88.7,0.459,4.5,13.6,0.329,36.3,75.2,0.48200000000000004,21.4,30.7,0.696,14.5,35.5,50,24.9,8,6.9,14.8,23.9,107.3,TRUE
2000,7,Dallas Mavericks,82,19730,40.9,90.3,0.453,6.7,17,0.391,34.3,73.3,0.468,18,22.4,0.804,11.9,31.3,43.3,23.2,7.6,5.3,14.4,22.7,106.6,FALSE
2000,8,Minnesota Timberwolves,82,19905,42.4,90.8,0.467,3.3,9.4,0.346,39.1,81.4,0.48100000000000004,18.1,23.2,0.7799999999999999,13.3,32.5,45.8,29,8.2,5.8,15,25.1,106.1,TRUE
2000,9,Seattle SuperSonics,82,19780,40.4,90.3,0.447,7.1,20.9,0.33899999999999997,33.3,69.3,0.48000000000000004,17.7,25.5,0.695,13.5,32.3,45.8,24.4,8.5,4.5,15,23.1,105.6,TRUE
2000,10,New Jersey Nets,82,19830,39,90,0.43300000000000005,6.2,18,0.347,32.7,72.1,0.454,20.9,26.7,0.7839999999999999,13.6,30.3,43.9,22.1,9.4,5.1,14.6,25,105.1,FALSE
2000,11,San Antonio Spurs,82,19855,39.3,85.2,0.462,4.4,11.7,0.374,34.9,73.4,0.47600000000000003,22,29.5,0.746,12.3,35.5,47.9,24.2,8.2,7.3,16.4,22.9,105,TRUE
2000,12,Sacramento Kings,82,19805,40,89,0.45,6.5,20.2,0.322,33.5,68.7,0.48700000000000004,18.6,24.6,0.754,12.9,32.2,45,23.8,9.6,4.7,16.2,21.1,105,TRUE
2000,13,Boston Celtics,82,19730,39.3,88.5,0.444,5.4,16.2,0.33099999999999996,33.9,72.3,0.46900000000000003,20.8,28,0.745,14.2,31.1,45.4,22.4,10.2,3.7,16.2,28.6,104.8,FALSE
2000,14,Houston Rockets,82,19830,38.6,85.6,0.45,7.5,20.9,0.358,31.1,64.7,0.48000000000000004,20.2,27.6,0.733,13,33.2,46.2,22.8,7.9,5.6,18.3,21.4,104.8,FALSE
2000,15,Toronto Raptors,82,19755,39.2,90.4,0.43300000000000005,5.6,15.4,0.363,33.6,75,0.447,20.8,27.2,0.765,14.4,32.2,46.6,25.6,8.8,7.1,14.9,26.1,104.7,TRUE
2000,16,Phoenix Suns,82,19805,39.9,87.3,0.457,5.9,16.1,0.368,34,71.2,0.47700000000000004,18.9,24.9,0.759,13.2,33,46.1,27,9.6,5.6,17.6,25.4,104.6,TRUE
2000,17,Miami Heat,82,19830,40.1,87.2,0.46,6,16.2,0.371,34.1,71,0.48100000000000004,18.2,24.7,0.736,12.4,35.3,47.8,26.1,7.9,7.1,16.6,26.3,104.5,TRUE
2000,18,Charlotte Hornets,82,19780,37.9,84.4,0.449,4.4,12.9,0.33899999999999997,33.5,71.5,0.46900000000000003,24.1,31.8,0.758,11.4,34,45.5,26.1,9.5,6.2,15.6,21.6,104.3,TRUE
2000,19,Denver Nuggets,82,19855,39,88.2,0.442,6,17.8,0.33599999999999997,33,70.4,0.46900000000000003,19.5,27,0.724,13.7,33,46.7,24.4,7.1,7.9,16.3,25,103.5,FALSE
2000,20,Washington Wizards,82,19805,39.3,87.3,0.451,4.4,11.6,0.376,35,75.7,0.462,20.5,27.5,0.743,13.9,31.9,45.8,23.1,7.7,5,17.2,28.1,103.5,FALSE
2000,21,New York Knicks,82,19830,39.3,86.5,0.455,4.8,12.7,0.375,34.6,73.8,0.468,19.1,24.5,0.7809999999999999,10.9,34.2,45.1,21.6,7,4.7,16.3,26.9,102.5,TRUE
2000,22,Orlando Magic,82,19755,39.6,87.6,0.452,3.7,10.9,0.33799999999999997,35.9,76.7,0.468,19.6,26.7,0.735,14.3,31.7,46,21.3,9.3,5.8,18,24.6,102.4,FALSE
2000,23,Vancouver Grizzlies,82,19855,38.4,85.6,0.449,4.3,11.9,0.361,34.1,73.7,0.463,21.2,27.4,0.774,13.4,30.9,44.2,22.6,8.1,4.6,18.4,25,102.3,FALSE
2000,24,Atlanta Hawks,82,19830,39.6,89.8,0.441,3.4,10.7,0.317,36.2,79.1,0.458,19.5,26.2,0.743,15.1,33.9,49,20.4,6.6,6.1,16.7,22.7,102,FALSE
2000,25,Philadelphia 76ers,82,19830,39.1,88.5,0.442,2.7,8.4,0.323,36.4,80.1,0.454,20.6,29.1,0.708,15,32.2,47.2,23.7,10.3,5,16.8,25.3,101.5,TRUE
2000,26,Cleveland Cavaliers,82,19855,37.6,85.1,0.442,4.3,11.6,0.373,33.3,73.4,0.453,20.9,27.9,0.75,12.8,31.6,44.3,24.5,9,4.6,18,28,100.4,FALSE
2000,27,Golden State Warriors,82,19755,38.1,90.9,0.42000000000000004,4.4,13.6,0.323,33.8,77.3,0.43700000000000006,19.1,27.3,0.697,16.6,31,47.6,23.6,9.3,4.5,16.6,26,99.8,FALSE
2000,28,Los Angeles Clippers,82,19705,37.3,87.6,0.42600000000000005,5.6,16.4,0.33899999999999997,31.7,71.2,0.446,17.7,23.7,0.746,12.4,30.8,43.2,19.2,7.5,6.4,17.2,23.6,97.8,FALSE
2000,29,Chicago Bulls,82,19805,34.8,83.7,0.41500000000000004,4.6,14,0.329,30.1,69.7,0.43200000000000005,20.1,28.3,0.709,14,31.5,45.5,22.3,8.8,5.2,21.1,25.8,94.2,FALSE
2001,1,Milwaukee Bucks,82,19780,41,89.5,0.458,7.4,19.5,0.379,33.6,70,0.48000000000000004,19.4,24.7,0.7869999999999999,12.8,32.9,45.8,24.3,8.8,5.1,14.8,25.4,108.8,TRUE
2001,2,Los Angeles Lakers,82,19905,40.9,87.9,0.465,5.8,16.8,0.344,35.1,71.1,0.494,20.9,30.7,0.6829999999999999,14.3,33.9,48.2,24.8,7.4,6.4,15.6,24.6,108.4,TRUE
2001,3,Utah Jazz,82,19780,40,85,0.47100000000000003,4.4,11.5,0.381,35.6,73.5,0.48500000000000004,23.2,30.8,0.752,12.7,32.2,45,28.5,8.9,6.3,17.5,28.5,107.6,TRUE
2001,4,Dallas Mavericks,82,19805,40.1,87.3,0.459,6.7,17.6,0.381,33.4,69.7,0.47900000000000004,20.2,25.4,0.7939999999999999,10.8,33.4,44.2,22.6,8,6.4,14.8,24.8,107.1,TRUE
2001,5,Houston Rockets,82,19830,39.4,86.9,0.453,6.7,18.9,0.357,32.7,68,0.48000000000000004,21.2,27.9,0.758,12.3,33.8,46.1,21.6,7.9,4.8,16.1,22.2,106.7,FALSE
2001,6,San Antonio Spurs,82,19830,39,84.6,0.461,6,14.8,0.40700000000000003,33,69.8,0.47200000000000003,22.6,31.6,0.715,12.2,36.6,48.8,24,7.7,7.8,15.5,21,106.6,TRUE
2001,7,Portland Trail Blazers,82,19780,40.9,87.3,0.468,5,14.4,0.349,35.9,73,0.492,19.7,25.8,0.762,13.1,33.8,46.8,26.7,9.1,5.7,17.1,23.8,106.5,TRUE
2001,8,Toronto Raptors,82,19955,40.3,92.2,0.43700000000000006,5.7,15.4,0.369,34.6,76.8,0.451,19.6,26.2,0.747,14.8,33.4,48.2,26.5,7.9,6.9,14.3,23.1,105.9,TRUE
2001,9,Sacramento Kings,82,20080,39.7,88.2,0.449,6.1,17.1,0.354,33.6,71.1,0.47200000000000003,20.3,26.3,0.771,12.5,34.2,46.7,23.4,10,5.5,15.5,20.2,105.6,TRUE
2001,10,Seattle SuperSonics,82,19805,40.1,88,0.456,6.2,15.5,0.399,33.9,72.5,0.468,19.2,26.3,0.732,13.2,32.1,45.3,23.7,8.7,5.4,16.6,22.9,105.6,FALSE
2001,11,Minnesota Timberwolves,82,19830,41.5,90.5,0.458,4.2,11.9,0.357,37.2,78.7,0.47300000000000003,18,22.9,0.7849999999999999,13.2,32.6,45.8,27.5,9,6,15,25,105.2,TRUE
2001,12,Denver Nuggets,82,19780,39,90.1,0.43300000000000005,6.7,18.9,0.355,32.3,71.2,0.454,19,25.7,0.737,13.7,33.8,47.5,25.8,7.2,7,14.9,23.8,103.7,FALSE
2001,13,Philadelphia 76ers,82,19855,38.7,86.6,0.447,3.5,10.7,0.326,35.2,75.8,0.464,22.6,30.4,0.745,14.3,34.7,49,22.6,9.2,5.4,17.2,22.3,103.6,TRUE
2001,14,Orlando Magic,82,19955,38.9,88.7,0.43800000000000006,6.3,17.4,0.364,32.6,71.4,0.456,19.1,26.7,0.714,13.8,31.6,45.4,23.3,8.7,6.2,16.1,26.7,103.2,TRUE
2001,15,Indiana Pacers,82,19980,38,86.4,0.44,5.3,15.6,0.34199999999999997,32.7,70.8,0.461,20.7,27,0.766,12.4,34.9,47.2,23.7,7.6,6.5,16.7,25.9,102,TRUE
2001,16,Charlotte Hornets,82,19880,37.8,87.8,0.43100000000000005,4.6,13.3,0.346,33.2,74.5,0.446,21.6,29,0.745,13.9,35.2,49.2,25.7,9,6.1,16,23.7,101.8,TRUE
2001,17,Boston Celtics,82,19830,36.3,84.8,0.42800000000000005,7.7,21.3,0.363,28.5,63.4,0.45,21.2,28.6,0.74,11.7,30.9,42.7,22.3,10.1,4.4,16.8,25.5,101.4,FALSE
2001,18,Los Angeles Clippers,82,20030,38.7,86.4,0.448,4.8,14.2,0.33899999999999997,33.9,72.2,0.46900000000000003,19.1,27.5,0.693,12.9,34.2,47.1,21.2,6.5,6.9,17.3,23.7,101.3,FALSE
2001,19,New York Knicks,82,19905,38.3,86.2,0.444,5.4,15.5,0.351,32.9,70.7,0.465,19.1,24,0.7959999999999999,10.8,35.1,45.9,21.1,7.6,4.8,16.5,25.9,101.2,TRUE
2001,20,Miami Heat,82,19880,37.4,86.8,0.43000000000000005,6.6,19.2,0.345,30.7,67.6,0.455,19.7,26,0.759,11.3,33.8,45,22.6,8.8,4.2,15.6,23.9,101.1,TRUE
2001,21,Washington Wizards,82,19680,37.3,84.9,0.43900000000000006,3.6,11.2,0.324,33.7,73.8,0.456,22.4,29.5,0.759,13.4,31.2,44.6,21.7,8.3,5,18.3,25.2,100.6,FALSE
2001,22,Phoenix Suns,82,19805,38.3,87.9,0.43600000000000005,4.3,13.7,0.315,34,74.2,0.458,19.4,25.7,0.755,12.6,32.9,45.5,24.8,10.1,5.6,16.3,24.3,100.3,TRUE
2001,23,Cleveland Cavaliers,82,19830,38.3,86.7,0.442,2.9,8.7,0.33399999999999996,35.4,77.9,0.455,20.7,27.1,0.765,13.5,32.4,45.8,22.7,8.5,5.8,17.9,25.3,100.3,FALSE
2001,24,New Jersey Nets,82,19730,36.8,86.8,0.42500000000000004,4.8,14.4,0.33299999999999996,32.1,72.4,0.443,21.6,28.4,0.759,12,31,43,21.2,8.6,5.4,16,26.3,100,FALSE
2001,25,Detroit Pistons,82,19855,37.2,87.8,0.42400000000000004,5,14.2,0.35,32.3,73.6,0.43900000000000006,20.5,28.5,0.721,14.1,33.5,47.6,20.8,7.8,5.7,16.6,24.9,100,FALSE
2001,26,Vancouver Grizzlies,82,19780,38,86.5,0.43900000000000006,4.3,12.5,0.34299999999999997,33.7,74,0.455,19.3,25,0.77,11.8,32.2,44,25.1,7.8,4.8,17.1,22.9,99.6,FALSE
2001,27,Atlanta Hawks,82,19730,38,88.2,0.43100000000000005,4.4,12.3,0.357,33.6,75.9,0.443,18.2,24,0.759,13.6,32.9,46.5,20.6,8.4,5.1,18.1,24.6,98.7,FALSE
2001,28,Golden State Warriors,82,19780,37.9,92.5,0.40900000000000003,3.6,12.4,0.29300000000000004,34.2,80.1,0.42700000000000005,18.4,26.1,0.706,17.3,30.8,48.1,23.1,9.6,5.3,16.8,22.3,97.8,FALSE
2001,29,Chicago Bulls,82,19855,36.8,86.8,0.42400000000000004,4.5,12.9,0.346,32.4,73.9,0.43800000000000006,19.1,25.8,0.739,12.5,30.6,43.1,24.5,9.1,5.1,17.5,25.7,97.2,FALSE
2002,1,Dallas Mavericks,82,19880,41.6,90.1,0.462,8.1,21.4,0.378,33.5,68.7,0.48800000000000004,20.9,25.9,0.806,11.9,33.4,45.3,23.6,7.6,5.1,12.9,24,112.2,TRUE
2002,2,Los Angeles Lakers,82,19780,41.5,90.1,0.461,6.7,19,0.354,34.8,71.2,0.48900000000000005,19.7,28.2,0.699,13.5,34.3,47.8,24.8,8.2,6.3,13.7,24,109.4,TRUE
2002,3,Minnesota Timberwolves,82,19805,42.5,92.2,0.461,5.3,14,0.378,37.2,78.2,0.47600000000000003,18.7,23.5,0.7979999999999999,14.2,34.3,48.5,26.7,7,5.7,14.7,23.3,109,TRUE
2002,4,Sacramento Kings,82,19755,41.5,89,0.467,5.4,14.7,0.367,36.1,74.3,0.48600000000000004,20.6,27.4,0.751,12.9,34.3,47.2,24.9,9.4,4.8,14.3,19.8,109,TRUE
2002,5,Seattle SuperSonics,82,19830,42.6,90.8,0.46900000000000003,6.6,17.6,0.378,35.9,73.3,0.49,17.2,22.7,0.755,13.2,31.7,44.9,26.2,9.5,4.9,15.3,23.5,108.9,TRUE
2002,6,Portland Trail Blazers,82,19830,40.7,90.4,0.45,6.3,17.9,0.354,34.4,72.5,0.47400000000000003,19.7,25.8,0.763,14.7,33.1,47.8,26.1,9.5,5,15.9,21.8,107.4,TRUE
2002,7,Orlando Magic,82,19830,40.1,89.5,0.448,8.1,21.6,0.373,32,68,0.47100000000000003,18.8,24.9,0.754,12.2,31.7,43.9,23.4,8.6,5,14.5,22.1,107,TRUE
2002,8,Milwaukee Bucks,82,19905,40.6,87.9,0.462,7.9,21.2,0.375,32.7,66.7,0.49,17.7,23.6,0.748,11.2,34.2,45.4,24.7,8,5.2,15.5,23.9,106.9,FALSE
2002,9,San Antonio Spurs,82,19855,39.1,85.4,0.458,5.9,16.3,0.362,33.2,69.2,0.48000000000000004,22.4,30.2,0.742,12.2,34.5,46.6,22.1,8.4,7.2,15.8,21.1,106.5,TRUE
2002,10,Utah Jazz,82,19830,38.5,85.5,0.45,3.8,11.3,0.33299999999999996,34.7,74.2,0.468,24.8,32.6,0.763,14.9,31.5,46.4,26.8,10,7,18.1,26.4,105.6,TRUE
2002,11,Los Angeles Clippers,82,19805,40,89.7,0.445,5.5,15.4,0.356,34.5,74.3,0.464,20.1,27.3,0.739,14.6,33.3,47.8,23.1,6.9,7.3,16.3,21.8,105.5,FALSE
2002,12,Washington Wizards,82,19730,40.5,91.8,0.441,4.2,10.8,0.388,36.3,80.9,0.448,19.7,25.7,0.765,14.5,33,47.5,23.6,7.8,4.9,14.7,24.3,104.8,FALSE
2002,13,Detroit Pistons,82,19680,38.5,85.3,0.452,7.7,20.4,0.376,30.9,64.9,0.47500000000000003,20,26.5,0.756,11,32.1,43,23.9,8.8,7.7,16.2,23,104.8,TRUE
2002,14,Cleveland Cavaliers,82,19855,39.5,88.1,0.448,5.2,13.7,0.377,34.3,74.4,0.461,20.5,26.5,0.772,13,33.2,46.2,25.3,7.7,6.3,16,23.5,104.6,FALSE
2002,15,Charlotte Hornets,82,19755,39.2,89.2,0.44,4.7,13.5,0.348,34.5,75.7,0.456,21.2,28.5,0.745,14.3,33.9,48.3,23.8,8.8,6.2,15.6,23.7,104.3,TRUE
2002,16,Indiana Pacers,82,19905,38.5,86.3,0.446,5.3,15.7,0.33899999999999997,33.2,70.6,0.47000000000000003,21.8,28.3,0.772,12.2,33.7,45.9,24.7,8.6,5.7,16.4,24.6,104.1,TRUE
2002,17,New Jersey Nets,82,19830,40.1,89.9,0.446,5.3,15.7,0.33799999999999997,34.8,74.1,0.46900000000000003,18.5,25.1,0.735,13.7,33.2,46.9,26.2,9.4,6.5,15.7,22.9,104,TRUE
2002,18,Boston Celtics,82,19830,37.3,88.1,0.42400000000000004,9.1,25.5,0.359,28.2,62.6,0.45,19.6,25.6,0.764,11.7,33.6,45.3,22.5,10.4,3.8,14.6,23.2,103.4,TRUE
2002,19,Phoenix Suns,82,19830,41,91.8,0.447,4.7,14.5,0.327,36.3,77.3,0.46900000000000003,16.5,21.6,0.767,14.2,32.2,46.4,24.3,8.8,5.3,16,23.6,103.3,FALSE
2002,20,Houston Rockets,82,19980,38.6,90.3,0.42800000000000005,6.8,20.2,0.33499999999999996,31.9,70.1,0.455,19.1,25.8,0.741,14,32.8,46.8,20.2,7.3,6.1,15.7,20.1,103.1,FALSE
2002,21,Golden State Warriors,82,19780,38.5,89.7,0.42900000000000005,4.1,12.8,0.322,34.4,77,0.447,21.7,30.1,0.722,17.1,32,49.1,21.9,8.3,6.7,17.7,24.2,102.8,FALSE
2002,22,Toronto Raptors,82,19755,40,92.1,0.43400000000000005,5.3,15.2,0.349,34.7,76.9,0.451,17.4,23.5,0.739,15.2,32,47.2,24.3,9.4,6.2,16.1,24.2,102.6,TRUE
2002,23,Philadelphia 76ers,82,19730,38.4,88.1,0.43600000000000005,2.9,9.8,0.29900000000000004,35.4,78.3,0.453,22.4,28.8,0.779,14.9,34.7,49.6,22.4,9.6,5,17.2,22.5,102.1,TRUE
2002,24,Atlanta Hawks,82,19780,38.3,87.3,0.43900000000000006,5.6,15.8,0.354,32.7,71.5,0.458,19.6,25.6,0.765,12.6,32.3,44.9,21.9,8.8,4.6,16.8,22.5,101.8,FALSE
2002,25,New York Knicks,82,19805,38,88.1,0.43200000000000005,6.4,18.2,0.353,31.6,69.9,0.453,19,24.1,0.7869999999999999,11.8,33.2,45,23.2,7.5,3.9,16.1,24.3,101.5,FALSE
2002,26,Denver Nuggets,82,19805,39.1,92.1,0.42400000000000004,5.7,17.2,0.329,33.4,74.9,0.446,17.5,23.6,0.744,15,31,46,24.4,8.2,6.2,16.2,25.1,101.4,FALSE
2002,27,Miami Heat,82,19930,38.6,87.9,0.43900000000000006,4.3,12.4,0.347,34.3,75.5,0.454,17,23.5,0.724,12.4,35,47.5,22.9,7.5,6.2,16.8,25.4,98.5,FALSE
2002,28,Memphis Grizzlies,82,19780,38,87,0.43600000000000005,4.5,14.6,0.307,33.5,72.4,0.462,17.8,25.1,0.708,13.1,32.1,45.2,23.8,8.6,6.5,17.9,20.9,98.2,FALSE
2002,29,Chicago Bulls,82,19805,37.6,86.9,0.43300000000000005,4,11.6,0.346,33.6,75.3,0.447,18.9,26.2,0.722,12.4,31.6,43.9,24.3,8.5,4.8,16.8,24.5,98.2,FALSE
2003,1,Dallas Mavericks,82,19780,41.4,91.5,0.453,8.3,21.9,0.381,33.1,69.7,0.47500000000000003,19.5,23.5,0.8290000000000001,12,33.4,45.3,24.1,8.7,5.9,12.4,22.7,110.7,TRUE
2003,2,Milwaukee Bucks,82,19905,40.6,89,0.457,7.8,20.4,0.383,32.8,68.6,0.47800000000000004,19.8,25.5,0.776,11.7,31.6,43.3,24.3,8.3,4.6,13.9,24.3,108.8,TRUE
2003,3,Golden State Warriors,82,19755,39.5,89.5,0.441,5.5,15.9,0.344,34,73.6,0.462,23.9,30.7,0.778,16.6,32.8,49.4,22.1,7.7,6.5,16.7,23,108.3,FALSE
2003,4,Los Angeles Lakers,82,19930,40.3,89.3,0.451,6.3,17.8,0.356,33.9,71.5,0.47500000000000003,20.3,27.7,0.734,14,33.3,47.3,24.9,8.3,6.1,15.5,24.4,107.2,TRUE
2003,5,Minnesota Timberwolves,82,19805,41.8,89.7,0.466,3.9,10.6,0.368,37.9,79.2,0.47900000000000004,18.5,24.1,0.77,12.6,34.5,47.1,27.3,7.3,5.7,14.8,22.5,106.1,TRUE
2003,6,Sacramento Kings,82,19830,41.1,88.7,0.464,6.2,16.3,0.381,34.9,72.4,0.48200000000000004,17.3,23.2,0.746,11.4,34.9,46.3,25.8,9.3,5.8,15.1,21.1,105.9,TRUE
2003,7,San Antonio Spurs,82,19830,39.1,84.7,0.462,6,17.1,0.354,33.1,67.6,0.48900000000000005,21.4,29.5,0.725,12.6,34.4,47,22,8.5,7.1,17.4,22.5,105.6,TRUE
2003,8,Utah Jazz,82,19780,39.3,84.1,0.468,3,8.7,0.349,36.3,75.4,0.48100000000000004,23.8,31.9,0.745,13.9,32.4,46.2,28.6,9.6,6.3,18.7,25,105.5,TRUE
2003,9,Portland Trail Blazers,82,19855,40.4,87.8,0.46,5.1,15.5,0.32999999999999996,35.3,72.2,0.48800000000000004,19.6,26.3,0.745,13.4,32.2,45.6,25.1,9.8,4.3,16.9,22.1,105.5,TRUE
2003,10,Orlando Magic,82,19805,38.4,88,0.43600000000000005,7.4,20.7,0.357,31,67.3,0.46,21,27.1,0.777,12.5,31.1,43.6,21.8,9.1,3.9,15.3,24.6,105.2,TRUE
2003,11,Philadelphia 76ers,82,19855,39.3,87.8,0.448,3.2,10.4,0.311,36.1,77.4,0.466,23.1,29.8,0.775,13.8,31.9,45.7,23.4,11.2,3.8,16,23.8,105,TRUE
2003,12,New York Knicks,82,19855,39.5,89.6,0.441,8.1,21.1,0.383,31.5,68.5,0.459,17.6,21.6,0.8150000000000001,11.2,31.7,42.9,24,7.7,3.4,15.3,25.2,104.7,FALSE
2003,13,Indiana Pacers,82,19905,38.3,87,0.441,5,14.7,0.33899999999999997,33.3,72.3,0.461,22.9,29.9,0.766,13.2,34.5,47.7,25.2,9.2,5.8,15.9,23.8,104.6,TRUE
2003,14,Houston Rockets,82,19930,38.5,87.6,0.44,6,17.2,0.346,32.6,70.5,0.462,21.3,27.7,0.768,13.9,34.8,48.7,20.4,8.1,6.7,17.3,21.7,104.3,FALSE
2003,15,Detroit Pistons,82,19905,37.5,87.2,0.43000000000000005,7.4,20.7,0.358,30.1,66.5,0.452,21.7,28.1,0.771,12.3,34,46.2,22.5,7.7,6.5,15.3,24.3,104.1,TRUE
2003,16,Memphis Grizzlies,82,19930,39.6,87.6,0.452,6.1,16.6,0.365,33.5,71,0.47300000000000003,18.6,25.2,0.739,12.3,32,44.3,24.6,8.5,6.5,16.4,21.8,103.9,FALSE
2003,17,New Orleans Hornets,82,19905,39.3,90.3,0.43500000000000005,5.5,14.5,0.376,33.9,75.8,0.447,19.8,25.8,0.768,14.8,33.4,48.2,24.4,8.9,5.3,16.4,23.9,103.9,TRUE
2003,18,New Jersey Nets,82,19755,38.6,87.4,0.441,4.6,13.8,0.33199999999999996,34,73.6,0.462,22.1,29.1,0.757,13.1,33.5,46.7,25,9.5,5,16.1,23.5,103.8,TRUE
2003,19,Phoenix Suns,82,19805,39.8,89.7,0.443,5.2,15.2,0.34299999999999997,34.6,74.5,0.464,18.9,25.5,0.742,13.9,32.3,46.2,22.8,8.8,5.3,16,23.8,103.7,TRUE
2003,20,Seattle SuperSonics,82,19855,39.6,90.6,0.43700000000000006,6.3,17.7,0.353,33.4,72.9,0.458,18.2,24.4,0.744,13.2,32.7,46,24.4,9.3,4.1,14.9,23.5,103.7,FALSE
2003,21,Washington Wizards,82,19830,38.7,87.8,0.44,3.5,11.1,0.312,35.2,76.6,0.459,22.2,28.5,0.779,12.6,32.9,45.5,22.1,8.5,5.4,15,22.6,103,FALSE
2003,22,Los Angeles Clippers,82,19755,37.7,86.3,0.43700000000000006,5.2,15.7,0.33099999999999996,32.5,70.7,0.46,21.7,29,0.75,13.4,32.7,46.2,21.3,7.6,6.1,17.2,23.7,102.3,FALSE
2003,23,Atlanta Hawks,82,19905,37.9,85.3,0.444,5.3,15.1,0.352,32.6,70.2,0.464,21.1,26.7,0.7929999999999999,12.4,33.9,46.3,22.3,8.1,6.3,18.1,23.6,102.3,FALSE
2003,24,Boston Celtics,82,19830,36,86.7,0.41500000000000004,9.6,28.7,0.33399999999999996,26.4,58,0.455,19.7,26.6,0.742,11.3,32.9,44.2,21,9.6,4,15.3,23.4,101.2,TRUE
2003,25,Toronto Raptors,82,19805,38.4,89.9,0.42700000000000005,5.5,16.1,0.34299999999999997,32.9,73.8,0.446,18.2,25.3,0.718,13.8,31.8,45.6,21.3,8.2,5.3,15.9,23.7,100.5,FALSE
2003,26,Chicago Bulls,82,19930,38.5,86.4,0.445,4.5,12.8,0.35,34,73.6,0.462,18.7,25.9,0.722,12.7,32.7,45.4,22.9,7.8,5.9,17.9,26.1,100.2,FALSE
2003,27,Miami Heat,82,19830,37,89.8,0.41200000000000003,4.8,15.2,0.316,32.2,74.6,0.43200000000000005,17.8,23.3,0.765,13.1,33.9,47,20.7,8.2,4.5,16.1,25.6,96.7,FALSE
2003,28,Cleveland Cavaliers,82,19830,36.7,86.9,0.42200000000000004,3.8,11.5,0.327,32.9,75.3,0.43700000000000006,19.3,25.9,0.747,14.4,32.7,47.1,22,8.2,6.7,19.3,24,96.5,FALSE
2003,29,Denver Nuggets,82,19730,35.9,87.5,0.41100000000000003,3.1,11,0.278,32.9,76.4,0.43000000000000005,17.3,24.7,0.699,14.9,31.6,46.4,23.2,9.5,5.6,20.2,27.5,92.2,FALSE
2004,1,Dallas Mavericks,82,19805,43.2,94,0.459,6.6,18.9,0.348,36.6,75.1,0.48800000000000004,19.2,24.1,0.7959999999999999,15.3,33,48.3,25.5,8.5,5.7,13,20.9,112.1,TRUE
2004,2,Sacramento Kings,82,19780,40.6,87.8,0.462,7.9,19.6,0.401,32.7,68.2,0.48000000000000004,21.3,26.7,0.7949999999999999,11.6,32.6,44.2,28.1,9.3,4.3,14.9,20.7,110.3,TRUE
2004,3,Seattle SuperSonics,82,19805,39.6,88.8,0.446,9.7,26.1,0.373,29.9,62.7,0.47600000000000003,18.4,24,0.765,12.2,31.2,43.5,24,8.9,5.2,16,24,107.3,FALSE
2004,4,Milwaukee Bucks,82,19780,39.4,88.1,0.447,5.3,15.2,0.35,34,72.9,0.467,22.5,29,0.775,12.7,33.2,45.9,24.8,7.3,5.1,14.7,22.1,106.5,TRUE
2004,5,Minnesota Timberwolves,82,19755,41.4,89.7,0.462,4.5,12.2,0.363,37,77.5,0.47700000000000004,18.6,23.8,0.7809999999999999,11.9,36.1,48.1,25.8,7.7,6.3,14.2,23.6,105.9,TRUE
2004,6,Los Angeles Lakers,82,19855,39.7,87.4,0.454,4.8,14.6,0.327,34.9,72.8,0.47900000000000004,21.4,30.8,0.693,13.1,33.2,46.3,25.5,8.9,5,14.8,22.7,105.5,TRUE
2004,7,Memphis Grizzlies,82,19880,39.2,88,0.445,5.9,17.4,0.33999999999999997,33.2,70.6,0.47100000000000003,20.6,28.3,0.727,13.8,31.5,45.3,25.3,10.5,7.5,16.2,25.1,104.8,TRUE
2004,8,Denver Nuggets,82,19730,39,88.1,0.443,4.3,12.8,0.33599999999999997,34.7,75.3,0.461,21.6,28.1,0.767,14.1,31.1,45.2,23.4,9.7,6.8,16.7,23.5,103.9,TRUE
2004,9,Indiana Pacers,82,19805,38.1,87.5,0.43500000000000005,6.2,17.7,0.351,31.9,69.8,0.457,21.3,27.9,0.764,13.4,34,47.3,24.6,10.1,5.7,16.4,23.7,103.8,TRUE
2004,10,Portland Trail Blazers,82,19980,40.4,90.1,0.448,5.3,15.4,0.346,35.1,74.7,0.46900000000000003,17.6,24.1,0.731,14.5,33.1,47.6,24.6,8.5,6.2,16.9,21.7,103.7,FALSE
2004,11,Los Angeles Clippers,82,19805,37.5,87.7,0.42800000000000005,4.4,13.6,0.321,33.1,74,0.448,24.1,30.7,0.7849999999999999,15.3,32.2,47.5,22,7.9,5,17.9,24.2,103.5,FALSE
2004,12,Golden State Warriors,82,19855,38.7,87.7,0.442,5.8,17.3,0.33399999999999996,32.9,70.4,0.468,19.8,27.3,0.725,13.5,34.1,47.6,22.6,7.8,5.2,16.3,22.8,103,FALSE
2004,13,Orlando Magic,82,19830,38.7,90.2,0.42900000000000005,5.7,16.6,0.344,33,73.5,0.448,19.6,26.6,0.737,13.4,31.3,44.7,21.1,7.3,4.1,15,23.2,102.7,FALSE
2004,14,New Orleans Hornets,82,19830,37.7,89.7,0.42000000000000004,7.2,22.6,0.319,30.4,67.1,0.454,19.7,26.3,0.751,14.8,32.8,47.7,23.3,9.6,4.7,16.7,23.3,102.3,TRUE
2004,15,Miami Heat,82,19755,37.7,88.6,0.42500000000000004,6.7,18.7,0.357,31,69.9,0.443,20.2,26.5,0.762,13,34,47,21.6,8.1,4.3,15.7,25,102.2,TRUE
2004,16,San Antonio Spurs,82,19755,38.7,87.6,0.442,5.6,15.5,0.358,33.2,72.1,0.46,19.2,28.2,0.6809999999999999,14,36.4,50.4,22.8,9,7.3,16.4,22.7,102.2,TRUE
2004,17,Boston Celtics,82,19705,37.2,83.9,0.443,7.2,20.9,0.346,29.9,63,0.47500000000000003,20.6,27.4,0.75,11.1,31.9,43,22,10.1,4.3,17.4,24,102.1,TRUE
2004,18,Detroit Pistons,82,19780,37.9,87.2,0.43500000000000005,4.6,13.4,0.344,33.3,73.8,0.452,21.6,28.6,0.753,14,34.4,48.4,23.5,9.1,7.9,17.1,23,102,TRUE
2004,19,Utah Jazz,82,19780,37.7,86.5,0.43600000000000005,3.5,11,0.321,34.2,75.5,0.453,23,30.8,0.746,15.5,31.8,47.3,23.4,8.2,6.9,19.1,29.4,101.9,FALSE
2004,20,New York Knicks,82,19880,38.9,87.8,0.442,5.5,15,0.364,33.4,72.8,0.459,18.5,23.4,0.7929999999999999,12.8,34.3,47.1,22.9,8.2,5.3,17.4,25.6,101.7,TRUE
2004,21,Phoenix Suns,82,19730,38.8,87.6,0.443,5.4,15.8,0.345,33.4,71.8,0.465,18.3,24.5,0.746,12.1,31.6,43.7,20.8,9.6,5,16.4,24.5,101.4,FALSE
2004,22,Cleveland Cavaliers,82,19855,38.9,89.9,0.43300000000000005,3.3,10.5,0.314,35.6,79.4,0.448,20.3,27,0.753,14.9,34.8,49.7,24.1,7.8,7.1,16.2,23.2,101.4,FALSE
2004,23,Atlanta Hawks,82,19905,37.6,86.7,0.43300000000000005,5.6,16.6,0.33499999999999996,32,70.1,0.456,20.4,26.2,0.776,13.2,33.3,46.5,21.9,8.3,5.4,17.9,24.2,101,FALSE
2004,24,Houston Rockets,82,19930,37.5,84.9,0.442,7.1,19.3,0.366,30.5,65.7,0.464,18.8,24.3,0.773,11.6,36.3,47.9,21.7,7.7,6.1,18.8,24.2,100.9,TRUE
2004,25,New Jersey Nets,82,19705,38.3,86.8,0.441,5.1,15.3,0.33599999999999997,33.2,71.5,0.464,19,25.3,0.753,11.7,33.7,45.4,27.4,9.7,4.4,16.5,23.5,100.8,TRUE
2004,26,Philadelphia 76ers,82,19855,36.8,86,0.42800000000000005,4.7,13.6,0.34199999999999997,32.2,72.3,0.445,20.8,27.6,0.753,12.9,33.1,46,22.5,9,4.9,17.9,23.4,99.1,FALSE
2004,27,Washington Wizards,82,19830,36.2,86,0.42100000000000004,5.7,16.6,0.34099999999999997,30.5,69.4,0.44,20.7,29,0.714,14.6,31.4,46,20.2,9.6,5.3,18.9,22.5,98.8,FALSE
2004,28,Toronto Raptors,82,19980,36.7,87.9,0.41800000000000004,6.4,17.9,0.356,30.4,70,0.43400000000000005,17.1,22.8,0.75,11.5,33.5,45,21.8,8.4,5.6,16.1,24.2,97,FALSE
2004,29,Chicago Bulls,82,19830,36.7,88.7,0.41400000000000003,5.6,16.5,0.34199999999999997,31.1,72.2,0.43100000000000005,17.5,24.1,0.725,13.8,33.1,46.8,23.5,8.7,5.2,17.3,25.1,96.6,FALSE
2005,1,Phoenix Suns,82,19780,42.4,88.8,0.47700000000000004,10.1,25.6,0.393,32.3,63.1,0.512,19.7,26.3,0.748,12.2,33.5,45.8,24.4,7.2,5.7,14.2,19.8,114.5,TRUE
2005,2,Seattle SuperSonics,82,19755,39.8,89.8,0.444,9.2,25.2,0.365,30.6,64.6,0.47400000000000003,23.3,29.5,0.7899999999999999,14.4,31.9,46.3,20.6,7.6,4.7,15.4,26.9,112.2,TRUE
2005,3,Sacramento Kings,82,19855,41.6,90.7,0.459,6.8,18.1,0.374,34.8,72.5,0.48000000000000004,20.5,26,0.7869999999999999,13.3,31.9,45.2,26,8.8,4.1,13.9,21.9,110.5,TRUE
2005,4,Dallas Mavericks,82,19730,40.1,87.8,0.457,6.1,16.7,0.364,34,71.1,0.47900000000000004,24,30.4,0.7889999999999999,13,33.2,46.2,21.1,9.3,6,14.5,24,110.3,TRUE
2005,5,Miami Heat,82,19980,41,84.3,0.48600000000000004,6.3,16.7,0.377,34.7,67.6,0.513,21.9,32.6,0.6719999999999999,11.7,34.9,46.7,23.7,7,6.3,14.9,24,110.2,TRUE
2005,6,Minnesota Timberwolves,82,19755,41.5,90.4,0.459,5.4,15.6,0.345,36.1,74.8,0.48300000000000004,19.8,24.8,0.7959999999999999,12.9,35.2,48.1,26.2,6.3,6.1,14.7,24.2,108.2,FALSE
2005,7,Los Angeles Lakers,82,19780,38.7,88.6,0.43700000000000006,8.6,24.2,0.355,30.1,64.3,0.467,22.2,28.5,0.777,13.7,33.5,47.3,22.3,6.8,4.6,15.7,24,108.1,FALSE
2005,8,Boston Celtics,82,19880,39.4,84.3,0.468,5.7,16.2,0.349,33.8,68.1,0.496,23,30.1,0.764,11.8,31.6,43.3,23.4,8.6,5.5,16.8,25.9,107.5,TRUE
2005,9,San Antonio Spurs,82,19805,39.8,87.9,0.453,6.9,19,0.363,32.9,68.9,0.47800000000000004,20.9,28.9,0.724,13.5,33.9,47.4,24.1,8.4,7.4,15.3,23.4,107.5,TRUE
2005,10,Washington Wizards,82,19780,38.6,88.4,0.43700000000000006,6.7,19.5,0.34299999999999997,31.9,68.9,0.463,23.3,32.2,0.725,14.7,30.9,45.6,20.3,9.3,4.5,15.2,23.5,107.2,TRUE
2005,11,Toronto Raptors,82,19805,38.6,87,0.444,8.5,22,0.385,30.1,65,0.463,21.3,27.5,0.774,11,32,43,21.8,8.1,4.1,14.2,24.5,106.9,FALSE
2005,12,Milwaukee Bucks,82,19780,39.6,87.9,0.45,4.3,12.4,0.351,35.3,75.6,0.467,23,29.8,0.772,13.2,32.1,45.3,23,7.1,3.9,15.1,24,106.6,FALSE
2005,13,Cleveland Cavaliers,82,19855,40.3,90.1,0.447,4,12.2,0.33199999999999996,36.2,77.9,0.465,22,29.3,0.752,15,31.7,46.7,24.9,8.8,6.2,15.4,24.9,106.6,FALSE
2005,14,Houston Rockets,82,19855,38.8,87.4,0.443,7.5,20.7,0.364,31.2,66.7,0.468,21.1,27,0.7809999999999999,11.9,35.4,47.3,23.6,7.7,5.1,15.5,24.6,106.2,TRUE
2005,15,New York Knicks,82,19880,39.7,87.9,0.451,5.9,16.5,0.356,33.8,71.4,0.47300000000000003,21,27.4,0.767,12.8,31.9,44.7,22.2,8.4,3.5,16,25.9,106.2,FALSE
2005,16,Denver Nuggets,82,19755,39.5,85.9,0.459,4.2,12.2,0.33999999999999997,35.3,73.7,0.47900000000000004,22.9,30,0.763,12.6,32.1,44.7,25.4,9.7,6.4,15.9,24.4,106,TRUE
2005,17,Detroit Pistons,82,19955,39.3,88.6,0.444,5,14.5,0.345,34.3,74.1,0.463,21.9,29.7,0.739,14.5,34.6,49.1,24.7,7.9,6.9,15.6,22.6,105.6,TRUE
2005,18,Los Angeles Clippers,82,20030,39.3,85.6,0.459,3.1,9,0.345,36.2,76.6,0.47300000000000003,23.8,30.6,0.778,13.2,33,46.2,25.6,8.1,5.7,17.3,24.5,105.5,FALSE
2005,19,Memphis Grizzlies,82,19705,38.6,86.3,0.447,7.3,20.5,0.357,31.3,65.9,0.47500000000000003,21,27.9,0.754,12.2,31.8,44,23.6,9.6,6.6,16.5,26.3,105.5,TRUE
2005,20,Indiana Pacers,82,19905,36.9,85.3,0.43200000000000005,7.5,21.8,0.344,29.4,63.5,0.463,24.2,30.5,0.7919999999999999,12,33.4,45.4,20.6,8.5,4.9,16.2,26.1,105.5,TRUE
2005,21,Orlando Magic,82,19705,39,85.9,0.454,4.1,11.8,0.349,34.9,74.1,0.47100000000000003,22.8,30,0.759,13.3,32.7,46.1,20.4,8.1,5.7,17,24.9,104.9,FALSE
2005,22,Golden State Warriors,82,19905,39.2,91,0.43000000000000005,8.1,22.9,0.352,31.1,68.1,0.457,18.3,25.3,0.722,13.8,31.5,45.3,23.4,8.3,5.4,14.4,23.7,104.7,FALSE
2005,23,Utah Jazz,82,19780,38.8,86.5,0.449,3.4,10.5,0.328,35.4,76.1,0.465,23.6,31.2,0.757,14.4,30.8,45.2,25.1,7.4,5.1,17.7,30.1,104.7,FALSE
2005,24,Philadelphia 76ers,82,19855,37.5,85.8,0.43700000000000006,6.4,18.5,0.348,31.1,67.3,0.462,22,27.9,0.7889999999999999,11.6,32.3,43.9,21.8,9.6,4.1,16.2,23.9,103.5,TRUE
2005,25,Portland Trail Blazers,82,19730,39.2,87,0.451,5.7,15.7,0.362,33.5,71.3,0.47100000000000003,19.1,26.3,0.725,13.1,32.6,45.7,23.3,7.9,7.4,17.7,23.1,103.2,FALSE
2005,26,New Jersey Nets,82,19905,37.3,86.9,0.42900000000000005,5.9,16.3,0.362,31.4,70.6,0.444,21,27.6,0.763,11.6,32.3,43.9,24,8.8,4.2,15.8,26.9,101.4,TRUE
2005,27,Chicago Bulls,82,19830,37.3,86.3,0.43200000000000005,6.7,18.8,0.357,30.6,67.5,0.453,20.1,26.8,0.75,13.1,33.9,47,22.8,7.5,4.8,17.9,26.6,101.4,TRUE
2005,28,Charlotte Bobcats,82,19880,38.7,89.7,0.43200000000000005,4.2,11.5,0.363,34.6,78.2,0.442,19.5,27.4,0.709,14.2,30.6,44.7,23.5,9.1,5.8,15.6,24.8,101.1,FALSE
2005,29,Atlanta Hawks,82,19855,38.9,88.2,0.441,4,12.9,0.312,34.9,75.4,0.463,18.7,26.4,0.711,14.5,30.9,45.4,21.3,8.3,4.5,17.4,26.6,100.6,FALSE
2005,30,New Orleans Hornets,82,19930,37.4,90.2,0.41500000000000004,5.7,18.1,0.315,31.7,72.1,0.44,19.3,25.2,0.766,14,31.4,45.4,23.7,7.6,4.3,16.7,25.9,99.7,FALSE
2006,1,Dallas Mavericks,82,19880,40.6,87.7,0.462,5.7,15.3,0.374,34.8,72.4,0.48100000000000004,25,31.9,0.7829999999999999,14.2,33.4,47.6,20.3,8.2,6.7,15.3,25.2,111.8,TRUE
2006,2,Phoenix Suns,82,19955,43,90,0.47900000000000004,10.5,26.3,0.399,32.5,63.6,0.511,14.9,18.5,0.806,9.8,33.3,43,27.3,6.9,5.2,13.7,21.1,111.5,TRUE
2006,3,Seattle SuperSonics,82,19830,40.6,88.6,0.459,8,21.5,0.371,32.6,67.1,0.48700000000000004,21.8,27.8,0.7849999999999999,13.4,29.5,42.9,22.4,8.2,4,16,25.5,111.1,FALSE
2006,4,Detroit Pistons,82,19830,41.6,91.5,0.455,7.8,20.2,0.384,33.8,71.2,0.47500000000000003,19.8,27.2,0.727,13.6,32.7,46.3,27.5,8.1,6.8,13,21.1,110.8,TRUE
2006,5,Toronto Raptors,82,19955,39.8,87.7,0.454,8,21.4,0.375,31.8,66.3,0.47900000000000004,21.8,27.6,0.7909999999999999,11.4,30.3,41.7,21,7,3.6,14.1,26,109.5,FALSE
2006,6,Washington Wizards,82,19830,39,87.3,0.447,6.5,18.3,0.357,32.5,69,0.47100000000000003,24.8,32.7,0.757,13.6,30.7,44.3,20,8.6,4.4,15,24.3,109.3,TRUE
2006,7,Miami Heat,82,19755,40.3,84.3,0.47800000000000004,6.6,19.1,0.345,33.7,65.2,0.517,21.4,30.6,0.7,11.4,35.5,46.9,22.4,6.9,5.9,15.7,24.8,108.7,TRUE
2006,8,Los Angeles Lakers,82,19855,39.8,87.9,0.453,7.3,21,0.349,32.4,66.8,0.48600000000000004,21.5,28.9,0.745,12.9,33.1,46,23.1,8.4,4.7,15.2,25.2,108.4,TRUE
2006,9,Cleveland Cavaliers,82,19830,39.2,86.4,0.454,6.7,19.7,0.33899999999999997,32.5,66.7,0.48700000000000004,22.8,31.2,0.729,12.9,33.8,46.8,21,7.6,5.3,15.3,23.4,107.8,TRUE
2006,10,San Antonio Spurs,82,19805,41,86.8,0.47200000000000003,7.2,18.6,0.385,33.8,68.2,0.496,18.2,25.9,0.702,11.7,34.9,46.5,23.5,7.4,6.4,15.4,23.5,107.3,TRUE
2006,11,Sacramento Kings,82,19830,38.9,85.6,0.454,6.5,18.5,0.351,32.4,67,0.48300000000000004,22.4,28.6,0.7839999999999999,11.2,32.6,43.8,24,8,3.9,15.8,22,106.7,TRUE
2006,12,Atlanta Hawks,82,19880,39.3,86.7,0.454,5.7,15.4,0.367,33.7,71.3,0.47200000000000003,22.1,29.5,0.75,14.3,29.8,44.1,21.7,7.8,5.3,17.1,27.4,106.4,FALSE
2006,13,Milwaukee Bucks,82,19855,39.4,87,0.453,6.7,17.7,0.38,32.7,69.3,0.47200000000000003,20.7,28,0.738,12.3,32.4,44.7,23.4,7.9,3.6,15.9,25.2,106.3,TRUE
2006,14,Orlando Magic,82,19905,39.7,84.2,0.47200000000000003,4.1,10.9,0.376,35.7,73.3,0.48600000000000004,22.7,31.1,0.73,12.2,32.8,45,20.4,7.3,4.9,16.9,26.1,106.3,FALSE
2006,15,Philadelphia 76ers,82,19905,39,85.2,0.458,4.9,13.4,0.364,34.2,71.7,0.47600000000000003,23,30.3,0.76,11.4,31.5,42.9,21.5,8.5,5.3,15.1,22.3,106,FALSE
2006,16,Memphis Grizzlies,82,19855,38.5,85.8,0.448,8.3,22.1,0.374,30.2,63.7,0.47400000000000003,20.7,29.1,0.711,11.7,33.3,45,22.2,8.4,6.2,15.9,24.6,105.9,TRUE
2006,17,Denver Nuggets,82,19930,39.5,85.5,0.461,4.5,13.8,0.325,35,71.7,0.48700000000000004,22.1,29.6,0.744,11.6,31.9,43.4,24.6,8.9,5.9,15.6,23.9,105.5,TRUE
2006,18,Los Angeles Clippers,82,19805,39.5,85.1,0.465,3.8,11.1,0.344,35.7,74,0.48300000000000004,22.4,28.3,0.7909999999999999,10.9,35.7,46.7,22.6,7.1,6.6,15.7,24.7,105.3,TRUE
2006,19,Boston Celtics,82,19880,38.6,82.8,0.467,6.1,16.9,0.362,32.5,65.9,0.494,21.8,28.9,0.755,10.6,31.9,42.5,22.5,7.6,5.5,17.8,26.6,105.2,FALSE
2006,20,Golden State Warriors,82,19830,38.1,88,0.43300000000000005,8.1,23.8,0.34099999999999997,30,64.3,0.467,20.4,28.4,0.718,12.7,32.2,45,22,7.8,4.6,15,25.2,104.8,FALSE
2006,21,Indiana Pacers,82,19730,37.8,85.1,0.444,7.3,20.8,0.349,30.5,64.3,0.47500000000000003,21.6,29.3,0.737,12.2,34.7,46.9,22.1,8.1,5.5,17,24.7,104.5,TRUE
2006,22,Utah Jazz,82,19880,37.7,85.3,0.442,4.3,12.7,0.33599999999999997,33.4,72.6,0.461,24.4,33.9,0.719,14.7,32.7,47.4,24.4,7.2,6.8,17.7,27.9,104.1,FALSE
2006,23,New York Knicks,82,19930,37.4,82.3,0.455,4.2,11.7,0.362,33.2,70.6,0.47000000000000003,24.9,34.3,0.726,13.7,31.3,45,19.5,7.4,3.6,19.2,28.6,104,FALSE
2006,24,Chicago Bulls,82,19905,39,87.4,0.446,7.3,19.2,0.379,31.7,68.2,0.465,18.8,25.5,0.738,11.8,33.8,45.5,23.4,6.6,4.5,15.9,26.4,104,TRUE
2006,25,New Jersey Nets,82,19780,37.5,85.3,0.44,6.4,19.5,0.32999999999999996,31.1,65.8,0.47200000000000003,22.4,29.5,0.758,11.1,34.3,45.4,25.4,7.5,3.8,15.1,25.7,103.9,TRUE
2006,26,New Orleans/Oklahoma City Hornets,82,19805,38.6,87.6,0.44,4.1,12.1,0.33899999999999997,34.5,75.5,0.457,22.5,29.6,0.758,12.5,32.4,44.9,20.7,8.3,4.2,14.9,24.3,103.7,FALSE
2006,27,Charlotte Bobcats,82,19905,38.2,88.3,0.43300000000000005,5.5,16.3,0.33899999999999997,32.7,72,0.454,20.6,28.2,0.729,12.8,29.3,42.1,22.2,10.6,4.6,15.1,25.3,102.5,FALSE
2006,28,Minnesota Timberwolves,82,19855,39.3,86.3,0.456,4.2,12.8,0.329,35.1,73.5,0.47800000000000004,19.6,25.8,0.758,11,33,44,23.4,7.6,6.4,16.2,25.7,102.4,FALSE
2006,29,Houston Rockets,82,19830,37.2,86,0.43300000000000005,6.4,19.4,0.33199999999999996,30.8,66.5,0.463,20.6,27.2,0.759,11.7,35.3,46.9,21.7,8.1,4.4,16.4,25.6,101.6,FALSE
2006,30,Portland Trail Blazers,82,19730,38.7,87,0.445,5.1,14.5,0.349,33.7,72.5,0.464,18.6,27,0.689,12.3,30.6,42.9,20.7,7.3,6,16.7,25.4,101.1,FALSE
2007,1,Phoenix Suns,82,19905,42.7,86.4,0.494,9.9,24.8,0.399,32.8,61.6,0.532,18.6,23,0.808,9.3,32.6,41.9,26.8,7,5,15,20.9,113.9,TRUE
2007,2,Dallas Mavericks,82,19755,40.8,87.4,0.467,7.3,19.1,0.381,33.6,68.4,0.491,22.3,27.7,0.805,12.5,34.1,46.6,22.1,7.6,5.5,15.5,24.9,111.3,TRUE
2007,3,Washington Wizards,82,19830,39.5,87.7,0.45,7.2,20.8,0.348,32.3,67,0.48200000000000004,23.9,31.2,0.765,12.8,30.6,43.4,21.4,8.2,4.8,14.6,23.5,110.1,TRUE
2007,4,Utah Jazz,82,19805,40.6,85.6,0.47400000000000003,4.7,14,0.33499999999999996,35.9,71.6,0.501,24.2,32.6,0.743,13.6,32.5,46.1,26.8,7.6,4.5,16.9,27.3,110.1,TRUE
2007,5,San Antonio Spurs,82,19780,40.5,85.5,0.47400000000000003,8,21.1,0.381,32.5,64.4,0.504,20.1,26.8,0.751,10.3,34.8,45.1,24.5,7.9,5.6,15.4,21.5,109.2,TRUE
2007,6,Detroit Pistons,82,19880,40.7,89.7,0.454,6.2,18.1,0.344,34.5,71.6,0.48100000000000004,21.3,27.5,0.774,13.1,32.8,46,24.5,8.1,6.5,13.8,23.1,108.9,TRUE
2007,7,Los Angeles Lakers,82,20030,39.7,85.4,0.466,7.8,22.1,0.353,32,63.3,0.505,21.3,28.5,0.747,11.3,32,43.3,23.7,7.7,5.4,16.3,24.2,108.6,TRUE
2007,8,Denver Nuggets,82,19780,39.4,84.7,0.465,6,17.9,0.33599999999999997,33.4,66.8,0.5,22.7,30.5,0.746,12.5,31.9,44.3,23.9,8.4,5.4,16.8,21.9,107.6,TRUE
2007,9,Seattle SuperSonics,82,19830,40.2,87.4,0.46,6.9,19.1,0.362,33.2,68.2,0.48700000000000004,19.9,25.2,0.7909999999999999,12.2,30.6,42.8,22.3,8.3,4,16.7,23.7,107.2,FALSE
2007,10,Milwaukee Bucks,82,19855,40.9,87.9,0.465,6.9,19.3,0.356,34,68.6,0.495,18.4,25.1,0.733,12.3,29.7,42.1,23.2,7.7,2.9,16.2,23.8,107,FALSE
2007,11,Toronto Raptors,82,19755,39.8,85.9,0.463,7,19.2,0.363,32.8,66.7,0.492,20.5,26,0.7879999999999999,9.9,32.5,42.5,23.9,7.6,4.2,14.5,21.9,107,TRUE
2007,12,Golden State Warriors,82,19755,40,86.4,0.463,8.6,24.1,0.356,31.4,62.3,0.504,18.6,25.9,0.717,11.5,30.1,41.6,23.9,9.2,5.7,16,23.7,107,TRUE
2007,13,Memphis Grizzlies,82,19980,38.5,82.7,0.465,6.4,17.5,0.367,32.1,65.3,0.491,23.5,30.9,0.761,11.1,30.5,41.6,21.6,7.2,5.2,17.2,23.4,106.9,FALSE
2007,14,Sacramento Kings,82,19805,37.6,83.5,0.45,6.8,19.3,0.35,30.8,64.2,0.48000000000000004,24.2,31.6,0.765,10.2,30.6,40.8,21.3,8.6,3.4,15.3,22.9,106.2,FALSE
2007,15,Houston Rockets,82,19855,38.7,87,0.445,9.4,25.2,0.372,29.3,61.8,0.47500000000000003,19.1,25.4,0.753,11.7,35.6,47.3,22.7,7.8,4.5,15.5,22.8,106,TRUE
2007,16,New Jersey Nets,82,19880,38.5,84.3,0.457,8,22.1,0.363,30.4,62.1,0.49,20.7,28.5,0.727,10.9,33.4,44.2,25.9,6.6,3.6,16,24.7,105.7,TRUE
2007,17,New York Knicks,82,20005,38.4,84,0.457,6.3,18.1,0.346,32.1,65.9,0.48700000000000004,22.7,31.7,0.715,13.6,33.3,46.9,20.3,7.2,3.4,18.6,25.5,105.7,FALSE
2007,18,Cleveland Cavaliers,82,19880,39.6,88.5,0.447,6.6,18.7,0.352,33,69.9,0.47300000000000003,19.7,28.4,0.696,13.8,33.6,47.4,22.7,8.3,4.7,15.6,23.7,105.5,TRUE
2007,19,Los Angeles Clippers,82,19730,38.6,84.7,0.456,4.2,12.1,0.348,34.4,72.6,0.47400000000000003,23.7,30.1,0.7879999999999999,11.9,33.3,45.2,23.6,8,6.3,16.6,24.9,105.1,FALSE
2007,20,Portland Trail Blazers,82,19955,39.1,87,0.45,5.8,16.8,0.346,33.3,70.3,0.47400000000000003,21,27.3,0.769,12.6,31.3,43.9,20.6,7.6,5.2,16.8,26.3,105.1,FALSE
2007,21,Orlando Magic,82,19780,38.8,82.2,0.47200000000000003,4.6,13,0.356,34.2,69.2,0.494,22.7,32.3,0.702,12.4,32.7,45.1,20.6,7.6,5.6,18.8,25.7,104.9,TRUE
2007,22,Chicago Bulls,82,19780,39.5,86.3,0.457,6.2,16,0.388,33.2,70.3,0.47300000000000003,19.8,27,0.734,12.7,33.6,46.4,23.7,8.3,5.8,17,24.7,104.9,TRUE
2007,23,New Orleans/Oklahoma City Hornets,82,19880,39.8,89.3,0.445,6.1,16.8,0.362,33.7,72.5,0.464,19.2,26,0.74,13.7,33.6,47.3,20.6,7,4.6,15.9,21.7,104.8,FALSE
2007,24,Miami Heat,82,19855,39.2,84.5,0.464,7.1,20.7,0.34299999999999997,32.1,63.8,0.503,18.7,27.1,0.69,11,33.9,44.9,22.6,7.6,5.9,16.1,23.5,104.3,TRUE
2007,25,Minnesota Timberwolves,82,20005,39.5,85.8,0.461,5.1,14.4,0.353,34.5,71.4,0.48300000000000004,19.8,25,0.7919999999999999,10.8,32.6,43.4,24.4,7,4.3,16.9,23.2,103.9,FALSE
2007,26,Philadelphia 76ers,82,19880,39,85.3,0.458,3.8,11,0.345,35.2,74.3,0.47400000000000003,21.8,28.4,0.767,12,31.3,43.3,22.2,7.9,5.2,16.7,22.2,103.6,FALSE
2007,27,Charlotte Bobcats,82,20005,38.6,86.6,0.446,6,16.7,0.357,32.6,69.9,0.467,20.4,27.8,0.734,12,30.6,42.6,23.9,8.3,4.8,16,25.9,103.6,FALSE
2007,28,Boston Celtics,82,19855,37.5,84.8,0.443,6.2,16.9,0.367,31.4,67.9,0.462,21.9,28.6,0.767,12.1,31.4,43.5,21.4,7.7,5,17.7,25.9,103.2,FALSE
2007,29,Atlanta Hawks,82,19880,38,85.5,0.444,4.6,13.9,0.329,33.4,71.6,0.467,22.5,29.6,0.761,13.1,31,44.1,21.1,8.2,6,17.5,26.4,103,FALSE
2007,30,Indiana Pacers,82,19780,37.7,86.1,0.43800000000000006,6.3,18.2,0.346,31.4,67.9,0.462,21.2,27.9,0.76,13,32,45,22,7.9,5.9,17.5,25.1,102.9,FALSE
2008,1,Utah Jazz,82,19705,42.9,86.1,0.497,5.3,14.3,0.372,37.5,71.8,0.522,22.8,30,0.759,12.3,31.5,43.8,28.3,9.4,4.6,15.7,25.7,113.8,TRUE
2008,2,Phoenix Suns,82,19780,42.6,85.1,0.5,8.7,22.1,0.393,33.9,63,0.538,19.4,24.8,0.7829999999999999,9,33.7,42.7,27.5,6.7,6.5,14.9,20.5,113.3,TRUE
2008,3,Los Angeles Lakers,82,19780,41.2,86.5,0.47600000000000003,8.4,22.2,0.378,32.8,64.3,0.51,22.2,28.8,0.769,11.4,34.6,45.9,25.4,8.3,5.6,14.7,21.5,113,TRUE
2008,4,Golden State Warriors,82,19780,41.8,90.9,0.459,9.3,26.8,0.348,32.4,64.1,0.506,18.9,25.1,0.752,12.8,30.6,43.5,22.5,9.1,4.6,13.3,23,111.8,FALSE
2008,5,New Orleans Hornets,82,19805,42.7,91.6,0.466,8.5,21.9,0.389,34.2,69.8,0.49,17.7,23,0.769,12.6,33.6,46.3,24.1,8.6,4.3,13.1,20.6,111.5,TRUE
2008,6,Detroit Pistons,82,19730,41.8,91.3,0.458,6.8,18.5,0.366,35,72.7,0.48100000000000004,21,27.4,0.767,13.6,33.8,47.3,25.5,8.1,6.6,13.3,23.5,111.4,TRUE
2008,7,Orlando Magic,82,19780,39.7,83.8,0.47400000000000003,10.4,27,0.386,29.3,56.8,0.516,21.4,29.7,0.721,10,34.8,44.8,22.2,6.8,4.3,15.2,21.9,111.3,TRUE
2008,8,Dallas Mavericks,82,19730,40.8,87.9,0.464,6.7,18.9,0.352,34.1,69,0.495,22.8,28,0.8140000000000001,11.9,35.7,47.6,23.2,6.6,5.4,14,24.1,111.1,TRUE
2008,9,Boston Celtics,82,19755,39.9,84,0.47500000000000003,8,20.9,0.381,31.9,63.1,0.506,22.4,29.1,0.771,11.1,34.9,46,24.5,9.3,5.1,16.6,24.9,110.2,TRUE
2008,10,Toronto Raptors,82,19830,42.2,90.2,0.468,7.7,19.6,0.392,34.6,70.6,0.48900000000000005,18.1,22.2,0.812,10.6,33.5,44.1,26.2,7.6,4.5,12.9,21.4,110.2,TRUE
2008,11,Denver Nuggets,82,19855,40.1,85.3,0.47000000000000003,6.9,19.4,0.355,33.2,65.8,0.504,22.9,30.5,0.751,11.1,32.7,43.8,24.5,9.1,6.7,14.6,21,110,TRUE
2008,12,Washington Wizards,82,19905,40.2,90.2,0.446,7.8,21.8,0.356,32.5,68.5,0.47500000000000003,21,26.8,0.7819999999999999,13.6,32.4,46,21.7,8.5,5.3,14.6,21.6,109.2,TRUE
2008,13,Sacramento Kings,82,19830,38.9,83.8,0.464,6.5,17.5,0.373,32.4,66.4,0.48800000000000004,23.2,29,0.7979999999999999,10.6,31.4,42,20,8.3,4.3,16.8,23.5,107.5,FALSE
2008,14,Portland Trail Blazers,82,19905,40.3,89.8,0.448,7.4,19.6,0.377,32.9,70.2,0.468,19.4,25.3,0.767,12.4,33.4,45.8,23.8,6.2,4.9,14.5,22.5,107.3,FALSE
2008,15,San Antonio Spurs,82,19730,40.3,88,0.457,8.1,22.1,0.369,32.1,66,0.48700000000000004,18.5,24.3,0.761,10.6,35.8,46.4,23.5,7.1,4.6,14.2,21.1,107.2,TRUE
2008,16,Atlanta Hawks,82,19855,39.5,87,0.454,5.1,14.3,0.356,34.4,72.7,0.47300000000000003,22.8,29.6,0.772,13.4,32.6,46,23.9,8,5.9,16.2,22.2,106.9,TRUE
2008,17,Houston Rockets,82,19730,40.4,90.2,0.448,7.8,23,0.34199999999999997,32.6,67.2,0.48500000000000004,18.1,24.9,0.726,13.5,35.8,49.3,23.7,8.1,5.7,15.1,21.7,106.8,TRUE
2008,18,Philadelphia 76ers,82,19755,41.1,89.3,0.46,4.1,12.8,0.317,37,76.5,0.48300000000000004,20.3,28.7,0.706,14.3,31.8,46.2,22.5,9.6,5.4,15.7,21.8,106.4,TRUE
2008,19,Indiana Pacers,82,19755,38.6,87,0.444,9.4,25.1,0.374,29.2,61.8,0.47200000000000003,19.5,25.4,0.768,11.2,32.7,44,23.2,7.7,5.1,15.4,23.9,106,FALSE
2008,20,Cleveland Cavaliers,82,19855,39.4,89.8,0.43900000000000006,7.4,20.7,0.358,32,69.1,0.463,19.8,27.6,0.717,14.6,34.4,49,22,7.8,5.7,15.4,23,106,TRUE
2008,21,Milwaukee Bucks,82,19855,40,89.3,0.449,6,17.4,0.344,34.1,71.9,0.47400000000000003,19.2,26.2,0.733,14,31.3,45.2,23.3,7.2,4.8,16,23.1,105.3,FALSE
2008,22,Memphis Grizzlies,82,19805,38.9,85.7,0.454,7.9,22.6,0.349,31,63,0.492,19.3,26.7,0.723,10.8,32.6,43.4,20,6.4,4.9,15.9,20.2,105,FALSE
2008,23,New York Knicks,82,19880,39.1,89,0.43900000000000006,6.5,19.2,0.33699999999999997,32.6,69.9,0.467,20.1,27.6,0.727,13.6,32.4,45.9,20.2,6.9,2.8,15.6,23.2,104.7,FALSE
2008,24,Charlotte Bobcats,82,19880,38.9,86.2,0.452,7,19,0.367,32,67.2,0.47600000000000003,19.9,27.8,0.714,11.7,32.1,43.8,23,8.1,5.3,15.8,23.4,104.6,FALSE
2008,25,New Jersey Nets,82,19830,37.8,85.3,0.443,6.6,18.9,0.348,31.2,66.4,0.47000000000000003,21.8,29.6,0.736,12.1,33.3,45.4,25.5,6.9,5.2,16.3,24.5,104,FALSE
2008,26,Chicago Bulls,82,19805,38.9,89.4,0.43500000000000005,6.2,17,0.363,32.7,72.4,0.452,20,26.4,0.756,13.7,32.3,45.9,23.6,8.3,5.6,15.6,23.2,103.9,FALSE
2008,27,Minnesota Timberwolves,82,19730,40.7,90.3,0.451,5.8,16.7,0.35,34.9,73.6,0.47400000000000003,16.5,22.4,0.736,12.8,32.1,44.9,21.6,8.2,4.1,15.7,25,103.8,FALSE
2008,28,Los Angeles Clippers,82,19805,37.1,84.8,0.43800000000000006,4.6,14.2,0.324,32.5,70.6,0.46,22.4,28.7,0.7809999999999999,10.5,32.8,43.3,22.8,7.3,5.2,15.5,23,101.2,FALSE
2008,29,Miami Heat,82,19830,37.7,85,0.443,6.6,18.4,0.358,31.1,66.6,0.467,18.6,25.5,0.727,10,31.4,41.4,22,7.9,4.8,16.1,22.4,100.5,FALSE
2008,30,Seattle SuperSonics,82,19830,39.3,88.3,0.444,3.9,11.8,0.33299999999999996,35.3,76.5,0.462,18,23.4,0.77,12.2,33.8,46,22,6.7,5,16.5,21.1,100.5,FALSE
2009,1,Portland Trail Blazers,82,19830,42.2,90.7,0.465,8.3,21.7,0.383,33.8,69,0.49,21.2,27.8,0.765,14.8,33,47.8,23.3,7.7,5.6,14.7,23.3,113.9,TRUE
2009,2,Phoenix Suns,82,19755,42.7,84.7,0.504,7,18.3,0.383,35.7,66.5,0.537,21.2,28.5,0.744,11.4,31.9,43.3,24.1,7.5,5.3,16.3,21.4,113.6,FALSE
2009,3,Los Angeles Lakers,82,19780,42.6,89.8,0.47400000000000003,7,19.5,0.361,35.5,70.3,0.505,20.7,26.9,0.77,13.1,33.3,46.3,24.5,9.2,5.4,14.2,21.8,112.8,TRUE
2009,4,Cleveland Cavaliers,82,19780,41.3,88.3,0.468,9,22.8,0.393,32.4,65.4,0.495,20.8,27.5,0.757,12.1,35.2,47.3,22.7,8.1,5.9,14.3,22.7,112.4,TRUE
2009,5,Boston Celtics,82,19880,41.1,84.6,0.48600000000000004,7.2,18.1,0.397,33.9,66.5,0.51,21.2,27.7,0.765,11.6,34.5,46.1,24.9,8.3,5.2,17.1,25.3,110.5,TRUE
2009,6,Dallas Mavericks,82,19805,41.4,89.7,0.462,7.6,21.6,0.35,33.9,68.1,0.498,20.1,24.5,0.8190000000000001,12,34.4,46.4,23.6,7.8,5.7,13.8,21.2,110.5,TRUE
2009,7,Denver Nuggets,82,19730,39.5,84,0.47000000000000003,7.1,19.1,0.371,32.4,64.9,0.499,24.4,32.1,0.76,11.7,32.4,44,23.5,9.2,6.3,16.2,24.2,110.4,TRUE
2009,8,Utah Jazz,82,19880,40.7,85.8,0.47500000000000003,5.1,14.5,0.349,35.7,71.3,0.5,23.5,30.5,0.771,12.2,31.4,43.6,26.2,9.3,4.8,15.7,23.7,110.1,TRUE
2009,9,Golden State Warriors,82,19880,39.7,86.8,0.458,6.8,18.1,0.373,33,68.6,0.48000000000000004,23.3,29.4,0.7909999999999999,11.7,30.6,42.4,21,7.8,6.5,14.8,22.7,109.5,FALSE
2009,10,Atlanta Hawks,82,19705,40.2,87.7,0.458,8.1,22.2,0.366,32.1,65.5,0.49,20.9,28.3,0.737,11.8,32.8,44.6,22.5,8.2,5.1,14.2,21.9,109.3,TRUE
2009,11,Orlando Magic,82,19730,38.6,84.5,0.457,10.8,28.3,0.381,27.8,56.2,0.495,21.2,29.7,0.715,10.8,35.9,46.7,21,7.5,5.8,15,21.9,109.2,TRUE
2009,12,New Orleans Hornets,82,19755,40.3,88.1,0.457,7.7,21.1,0.364,32.6,67,0.48700000000000004,20.5,25.4,0.807,11.1,33.9,45,22.3,8.2,4.7,14.2,23,108.7,TRUE
2009,13,San Antonio Spurs,82,19905,41.5,89.1,0.466,8.5,22.1,0.386,33,67,0.492,17,22.4,0.761,9.9,36,45.9,23.7,6.5,4.5,13.1,21.1,108.5,TRUE
2009,14,Houston Rockets,82,19805,39.8,87.7,0.453,8.3,22.2,0.375,31.4,65.4,0.48000000000000004,20.6,25.6,0.805,11.6,35.8,47.3,22.3,7.4,4.8,15.6,20.9,108.4,TRUE
2009,15,Chicago Bulls,82,19930,40.4,88.6,0.457,6.4,16.7,0.381,34.1,71.9,0.47400000000000003,21.1,26.6,0.7959999999999999,12.6,32.1,44.7,22.4,8,5.9,15.4,22.1,108.4,TRUE
2009,16,New Jersey Nets,82,19830,39.4,88,0.448,8.8,23.4,0.376,30.6,64.6,0.47300000000000003,20.8,26.7,0.779,11.4,32.5,44,22,7.5,5.3,14.5,24.7,108.3,FALSE
2009,17,Indiana Pacers,82,19830,40.4,88.8,0.455,8.2,21.6,0.378,32.2,67.2,0.48000000000000004,19.1,23.7,0.807,11.6,33.4,45,22.3,7.2,5.4,14.9,23.8,108.1,FALSE
2009,18,New York Knicks,82,19805,39.6,88.9,0.445,10.3,28.6,0.36,29.3,60.2,0.48600000000000004,18.7,23.8,0.7839999999999999,11.4,31.9,43.3,21.8,7.6,2.6,14.7,21,108.1,FALSE
2009,19,Philadelphia 76ers,82,19755,40.5,88.2,0.459,4.6,14.5,0.318,35.9,73.7,0.48600000000000004,22.3,29.9,0.745,14,31.5,45.6,22.2,8.9,5.6,15.6,22.3,107.9,TRUE
2009,20,Miami Heat,82,19955,40.6,88.9,0.457,7.8,21.8,0.357,32.8,67.1,0.48900000000000005,18.9,25,0.754,11.1,32.3,43.3,22.4,8.7,6,13.7,22.7,107.8,TRUE
2009,21,Detroit Pistons,82,19905,41.4,91.2,0.454,5.2,15,0.349,36.2,76.2,0.47500000000000003,19.3,25.7,0.751,13.2,34,47.2,23.5,6.9,5.2,13.5,23.8,107.4,TRUE
2009,22,Toronto Raptors,82,19805,40.2,87.9,0.458,6.3,17,0.372,33.9,70.9,0.47800000000000004,20.2,24.5,0.8240000000000001,10.6,33.1,43.7,24.2,6.9,5.1,14.5,21,107,FALSE
2009,23,Milwaukee Bucks,82,19780,39.4,88.5,0.445,6.7,18.5,0.363,32.7,70.1,0.467,21.1,27.1,0.7799999999999999,12.8,31,43.8,23.6,8,4,15.1,26,106.7,FALSE
2009,24,Minnesota Timberwolves,82,19805,39.5,89.5,0.441,7.2,20.4,0.353,32.3,69.2,0.467,19.9,25.9,0.769,12.9,32.3,45.2,22.1,6.8,4.3,15.4,23.6,106.1,FALSE
2009,25,Sacramento Kings,82,19905,38.3,85.5,0.447,7.5,20.4,0.368,30.8,65.1,0.47200000000000003,21.5,27,0.7979999999999999,10.7,30.3,41,20.7,7.3,4.5,16.2,24.4,105.5,FALSE
2009,26,Washington Wizards,82,19705,40.1,89.1,0.45,5.3,16,0.32999999999999996,34.8,73,0.47600000000000003,20,26.1,0.767,12.8,31.2,44,22,8.3,4.9,15.3,22.5,105.4,FALSE
2009,27,Charlotte Bobcats,82,19930,39.1,85.9,0.455,6.7,18.3,0.366,32.4,67.6,0.47900000000000004,19.8,26.8,0.74,12.1,32.3,44.3,23.7,7.9,5.4,17.4,23.9,104.7,FALSE
2009,28,Memphis Grizzlies,82,19805,38.5,84.8,0.454,5.4,14.9,0.36,33.2,70,0.47400000000000003,21.1,27.9,0.756,11.4,31.4,42.8,19.1,8.3,5.2,16.8,23.9,103.5,FALSE
2009,29,Oklahoma City Thunder,82,19805,38.8,86.9,0.447,4.2,12.3,0.346,34.6,74.7,0.463,21,26.8,0.7859999999999999,12.9,32.3,45.3,21.5,7.9,4.8,17.2,21.4,102.9,FALSE
2009,30,Los Angeles Clippers,82,19880,38.7,87.8,0.441,7,19.8,0.354,31.7,68,0.467,17.8,24.1,0.736,11.7,31.2,42.8,22.6,7.5,6.3,16,21.6,102.3,FALSE
2010,1,Phoenix Suns,82,19730,42.6,86.6,0.492,9.3,22.6,0.41200000000000003,33.3,64,0.52,20.8,27,0.77,11.6,33.4,45,24.4,6.1,5.3,15.4,21.9,115.3,TRUE
2010,2,Atlanta Hawks,82,19855,42.7,91.2,0.468,7,19.5,0.36,35.6,71.7,0.497,19.5,25.7,0.759,13,32.9,45.9,24,7.9,5.5,13.1,21.9,111.9,TRUE
2010,3,Denver Nuggets,82,19780,40,85.5,0.468,7,19.4,0.359,33,66.1,0.5,24.8,32.1,0.772,11.4,32.1,43.5,22,8.7,5.3,14.5,23.6,111.8,TRUE
2010,4,Orlando Magic,82,19730,39.7,84.5,0.47000000000000003,11.1,29.6,0.375,28.6,54.9,0.521,20.8,28.8,0.724,10.7,36.2,46.9,21.3,6.8,6,15.3,21.5,111.4,TRUE
2010,5,Toronto Raptors,82,19780,41.7,86.5,0.48200000000000004,6.8,18.2,0.371,35,68.2,0.512,21.1,27.6,0.764,10.5,32.7,43.2,23.5,6.1,5,14.3,23.7,111.3,FALSE
2010,6,Cleveland Cavaliers,82,19780,41.2,84.9,0.48500000000000004,8,21,0.381,33.2,63.9,0.52,20.8,29,0.72,10.5,35.8,46.3,24.4,7.5,5.6,15.1,21.1,111.2,TRUE
2010,7,Portland Trail Blazers,82,19855,41,88.9,0.461,6.8,19.1,0.354,34.2,69.8,0.49,22.1,28,0.7899999999999999,12.6,32.8,45.4,23.1,7.2,4.8,13.9,23.6,110.8,TRUE
2010,8,Utah Jazz,82,19755,41.8,85.1,0.491,5.7,15.6,0.364,36.1,69.5,0.519,21.4,28.9,0.741,11.3,33.5,44.8,28.3,8.7,5.2,16.1,24.1,110.7,TRUE
2010,9,San Antonio Spurs,82,19780,41.7,88.1,0.47300000000000003,7.3,20.5,0.358,34.4,67.7,0.508,19.3,26.1,0.74,11.7,34.7,46.4,24.2,6.8,5,14.8,22.1,110,TRUE
2010,10,Dallas Mavericks,82,19880,41,88.2,0.464,7.3,19.6,0.372,33.7,68.7,0.491,19.9,24.4,0.8160000000000001,10.9,33.8,44.6,25,8.1,5.9,13.8,20.4,109.2,TRUE
2010,11,Los Angeles Lakers,82,19830,41,89.7,0.457,6.9,20.4,0.34099999999999997,34.1,69.3,0.492,19.8,25.9,0.765,12.7,34.7,47.4,22.6,8,5.2,14.3,20.8,108.8,TRUE
2010,12,Oklahoma City Thunder,82,19805,39.9,86.3,0.462,5.4,16,0.33999999999999997,34.4,70.3,0.49,23.1,28.8,0.805,12.5,33.9,46.4,21.3,8.5,6.3,16,22.7,108.3,TRUE
2010,13,Memphis Grizzlies,82,19905,41.5,88.6,0.46900000000000003,4.4,13.1,0.33699999999999997,37.1,75.5,0.492,20.8,28.4,0.733,13.8,32.2,46,19.9,8.3,5.1,16.1,21.3,108.3,FALSE
2010,14,Golden State Warriors,82,19730,40.4,86,0.46900000000000003,7.7,20.4,0.375,32.7,65.5,0.499,19.8,25.3,0.7819999999999999,9.1,29.1,38.2,22.3,9.2,4.1,14.6,22.9,108.1,FALSE
2010,15,Boston Celtics,82,19780,40.2,83.3,0.48300000000000004,6.6,19,0.348,33.6,64.4,0.523,20.6,27.7,0.746,9.5,32.4,41.9,25.6,9.3,5.3,16.1,24,107.7,TRUE
2010,16,Houston Rockets,82,19905,39.7,88.8,0.447,8.3,23.6,0.351,31.4,65.2,0.48100000000000004,20,25.9,0.772,12.4,31.7,44.1,22.9,7.5,4.1,15.2,21.9,107.6,FALSE
2010,17,New York Knicks,82,19880,40.2,88.3,0.455,9.5,27.6,0.346,30.6,60.8,0.504,17.7,22.6,0.7819999999999999,10.7,31.8,42.6,22.8,7.5,3.9,14.7,21,107.6,FALSE
2010,18,New Orleans Hornets,82,19830,41.5,89.4,0.464,7.5,20.5,0.363,34.1,68.9,0.495,16.9,21.7,0.778,11.1,32,43.1,23.9,8.2,3.9,14.4,21,107.4,FALSE
2010,19,Miami Heat,82,19880,40.2,87.8,0.458,6.7,19.2,0.346,33.5,68.6,0.48900000000000005,19.6,26,0.752,11.8,34.4,46.2,20.9,8.2,6.2,14.5,23,106.6,TRUE
2010,20,Philadelphia 76ers,82,19805,40.9,88.7,0.46,6.3,18.3,0.34299999999999997,34.6,70.5,0.491,18.1,23.9,0.756,12.5,32,44.5,22.8,8.8,5.8,15.8,22.2,106.1,FALSE
2010,21,Detroit Pistons,82,19780,40.3,90.5,0.445,5.1,16.3,0.314,35.2,74.2,0.47400000000000003,19.9,27.4,0.728,14.4,30.7,45.2,21.8,8.2,4.3,15.1,25,105.6,FALSE
2010,22,Sacramento Kings,82,19880,40.4,88.6,0.456,6.2,17.8,0.349,34.2,70.8,0.48300000000000004,18.4,25.3,0.726,12.5,32.3,44.9,21.6,7.2,4.7,15.7,23.5,105.3,FALSE
2010,23,Milwaukee Bucks,82,19980,40,91.7,0.43600000000000005,8.5,23.8,0.356,31.5,67.9,0.464,16.6,21.9,0.755,12.6,33.5,46.2,22.8,7.6,5,14.2,23.9,104.9,TRUE
2010,24,Charlotte Bobcats,82,19880,38.2,84.3,0.453,6.1,17.8,0.346,32,66.5,0.48200000000000004,21.9,29.1,0.751,11.5,33.3,44.7,22.2,8.4,6,17.2,21.3,104.4,TRUE
2010,25,Washington Wizards,82,19830,39.7,88.5,0.449,5.7,16.2,0.353,34,72.3,0.47100000000000003,19.1,25,0.762,12.8,32.5,45.2,20.6,6.5,5.6,16.1,23.1,104.2,FALSE
2010,26,Indiana Pacers,82,19705,37.9,85.6,0.443,8.3,23.8,0.348,29.6,61.8,0.47900000000000004,19.6,25.3,0.775,9.9,32.9,42.7,21.7,7.3,5.5,15.5,23.2,103.7,FALSE
2010,27,Chicago Bulls,82,19905,39.9,88.4,0.451,4.6,13.8,0.32999999999999996,35.3,74.6,0.47400000000000003,19.2,25.4,0.754,12.1,35.2,47.3,22.1,6.9,6.2,15.2,21.3,103.5,TRUE
2010,28,Los Angeles Clippers,82,19705,39.5,86.8,0.455,6.4,19.2,0.33199999999999996,33.1,67.7,0.49,17.9,24.6,0.73,12.2,32.9,45.1,23.8,7,6.1,16.9,20.8,103.3,FALSE
2010,29,Minnesota Timberwolves,82,19780,39.2,87.4,0.449,5.1,14.9,0.34099999999999997,34.1,72.5,0.47100000000000003,18.1,24.3,0.746,12.1,32.3,44.4,20.5,7.5,3.9,16.8,21.5,101.7,FALSE
2010,30,New Jersey Nets,82,19780,37.4,87,0.42900000000000005,5,15.7,0.318,32.4,71.3,0.454,20.9,26.8,0.7799999999999999,11.9,31.3,43.2,20.5,7.6,5.2,15.7,21.8,100.6,FALSE
2011,1,Denver Nuggets,82,19705,40.1,84.3,0.47600000000000003,8.4,21.7,0.388,31.6,62.6,0.506,23.7,31,0.765,10.1,33.8,43.9,23.1,7.7,4.5,14.7,21.9,112.3,TRUE
2011,2,San Antonio Spurs,82,19780,41.4,87.1,0.47500000000000003,9,22.7,0.397,32.4,64.4,0.503,20,26.1,0.767,10.9,34.2,45.1,24.1,7.9,4.9,14.5,20.5,111.8,TRUE
2011,3,Miami Heat,82,19780,40.5,84.1,0.48100000000000004,7.3,19.7,0.37,33.2,64.4,0.515,23.5,30.5,0.769,10.5,35.6,46.1,21.9,7.3,5.7,15.2,22.3,111.7,TRUE
2011,4,Houston Rockets,82,19880,40.6,89.4,0.454,8.7,23.6,0.367,31.9,65.8,0.48600000000000004,21.4,26.7,0.801,12.3,32.7,45,25.1,7.4,4.8,14.2,21,111.3,FALSE
2011,5,Oklahoma City Thunder,82,20005,39.7,85.5,0.464,6.3,18.2,0.347,33.4,67.4,0.495,25.6,31.1,0.8230000000000001,11.7,33.7,45.4,21.6,8.5,6.3,15,23.8,111.2,TRUE
2011,6,Los Angeles Lakers,82,19830,41.7,90.1,0.463,7,19.8,0.352,34.7,70.3,0.494,20.6,26.4,0.779,13.2,34.9,48.1,24,8,5.6,14.3,20.7,111,TRUE
2011,7,New York Knicks,82,19780,39.9,87.2,0.457,9.7,26.4,0.368,30.2,60.8,0.496,21.4,26.5,0.809,10.8,31.4,42.1,22.3,7.9,6,14.3,22.1,110.9,TRUE
2011,8,Dallas Mavericks,82,19705,40.9,86.2,0.47500000000000003,8.6,23.6,0.365,32.3,62.6,0.516,19.2,24.7,0.777,10.4,34.9,45.3,26.1,7.4,4.7,15.3,21,109.7,TRUE
2011,9,Phoenix Suns,82,20005,40.9,87,0.47000000000000003,8.9,23.6,0.377,32,63.4,0.505,18.7,24.6,0.759,10.4,31.5,41.9,24.7,6.9,4.5,14.9,21.2,109.5,FALSE
2011,10,Portland Trail Blazers,82,19805,40.7,91,0.447,7.1,20.7,0.345,33.5,70.2,0.47700000000000004,20.3,25.3,0.804,13.7,30.7,44.5,23.9,9.1,4.9,14.7,21.8,108.8,TRUE
2011,11,Chicago Bulls,82,19830,40.7,88.2,0.462,6.8,19,0.361,33.9,69.3,0.48900000000000005,20,26.9,0.743,13,35.5,48.5,24.5,7.9,6.3,15.6,22,108.3,TRUE
2011,12,Golden State Warriors,82,19830,41.5,90,0.461,8.7,22.3,0.392,32.8,67.6,0.48400000000000004,16.5,21.6,0.761,12.2,30.3,42.4,23.6,9.4,5.2,15.3,23.1,108.2,FALSE
2011,13,Utah Jazz,82,19880,40.6,87.4,0.465,5.8,16.7,0.346,34.9,70.7,0.493,21.1,27.3,0.771,11.9,31,42.9,25.5,8.3,6.4,15.6,24.7,108.1,FALSE
2011,14,Orlando Magic,82,19830,39.2,85,0.461,10.2,27.9,0.366,29,57.1,0.507,19.3,27.9,0.692,11.5,35.5,47,21.7,7.3,5.1,16.2,21.8,107.9,TRUE
2011,15,Detroit Pistons,82,19880,41.4,90,0.46,6.4,17,0.376,35,73,0.47900000000000004,18.5,25.1,0.737,12.6,30.3,42.9,23.4,8.1,4.4,14.4,22.1,107.7,FALSE
2011,16,Memphis Grizzlies,82,19880,42,89.3,0.47100000000000003,4.1,12.2,0.33399999999999996,38,77.2,0.492,19.5,26,0.75,12.7,31.4,44.1,22.2,10.1,5.8,15,22.4,107.6,TRUE
2011,17,Philadelphia 76ers,82,19930,41,89,0.461,5.8,16.4,0.355,35.2,72.6,0.48500000000000004,18.7,24.3,0.77,11.2,33.9,45,24.4,8.2,4.7,14,20.9,106.6,TRUE
2011,18,Boston Celtics,82,19780,40.6,83.5,0.48600000000000004,5.5,15,0.365,35.1,68.5,0.513,19.6,25.4,0.77,8.6,34.1,42.7,25.8,9.1,4.6,16,22.5,106.2,TRUE
2011,19,New Orleans Hornets,82,19830,40.2,87.5,0.459,6.1,16.8,0.36,34.1,70.7,0.48200000000000004,19.8,25.9,0.765,11.2,33.7,44.9,23.1,8.5,4.9,14.6,23.5,106.2,TRUE
2011,20,Atlanta Hawks,82,19730,40.5,87.6,0.462,6.8,19.4,0.352,33.6,68.1,0.494,18.3,23.5,0.779,10.4,33.5,43.9,24.5,6.8,4.6,15.2,21.2,106.1,TRUE
2011,21,Toronto Raptors,82,19780,41.1,88.3,0.465,4.5,14.3,0.316,36.6,74,0.494,19.5,25.8,0.755,12.6,30.6,43.2,23.5,7.6,4.6,15.8,23.6,106.1,FALSE
2011,22,Los Angeles Clippers,82,19855,39.3,85.8,0.457,6.7,19.8,0.33799999999999997,32.6,66.1,0.493,20.1,28.5,0.707,12.4,32.6,45,23.6,7.6,5.2,17.5,22.6,105.3,FALSE
2011,23,Indiana Pacers,82,19780,38.5,86.9,0.442,7.5,21.2,0.354,31,65.8,0.47100000000000003,20.4,26.1,0.7819999999999999,11.7,34,45.7,20.6,7.5,5.8,16.2,22.8,104.8,TRUE
2011,24,Minnesota Timberwolves,82,19780,38.9,88.2,0.441,7.4,19.7,0.376,31.5,68.5,0.459,19.1,24.9,0.768,13.6,32.1,45.8,20.8,7.4,5.3,17.6,23,104.2,FALSE
2011,25,Sacramento Kings,82,19855,39.8,88.6,0.449,5.4,16.2,0.33499999999999996,34.4,72.4,0.47500000000000003,18.5,25.2,0.734,13.6,32.1,45.7,21.3,7.7,5,16.8,22.9,103.5,FALSE
2011,26,Charlotte Bobcats,82,19805,38.8,86,0.451,5.3,16.3,0.327,33.5,69.8,0.48000000000000004,20.4,27,0.756,11.5,33,44.5,23.4,7.1,5.9,16.1,22.1,103.4,FALSE
2011,27,New Jersey Nets,82,20005,38.9,88.6,0.44,6.1,17.8,0.34299999999999997,32.8,70.7,0.464,19,25.1,0.759,12.1,32.6,44.7,23,6.1,5.1,15.4,24.1,103.1,FALSE
2011,28,Washington Wizards,82,19930,39.1,88.4,0.443,5,15.2,0.33199999999999996,34.1,73.2,0.465,19.1,25.7,0.745,13,30.5,43.5,20.4,8.5,6.4,16.1,23.7,102.4,FALSE
2011,29,Cleveland Cavaliers,82,19755,37.7,86.8,0.43400000000000005,6.6,19.4,0.34199999999999997,31,67.3,0.461,20.2,27.1,0.745,11.2,32,43.2,22.5,7.1,4.5,15.2,21.5,102.2,FALSE
2011,30,Milwaukee Bucks,82,19830,37.9,88.2,0.43000000000000005,6.5,19.1,0.34199999999999997,31.4,69.2,0.454,19.2,25.4,0.757,11.6,33.4,45.1,20.8,8.3,5.4,14.9,22.7,101.6,FALSE
2012,1,San Antonio Spurs,66,15940,42.3,88.5,0.47800000000000004,8.9,22.8,0.393,33.4,65.8,0.507,17.3,23.1,0.748,11.1,34.9,46,24.8,7.9,4.7,14.5,18.5,110.9,TRUE
2012,2,Oklahoma City Thunder,66,15990,39.7,84.4,0.47100000000000003,7.6,21.3,0.358,32.1,63.1,0.509,22.7,28.1,0.806,11.7,34.8,46.5,19.8,8,8.7,17.4,21.8,109.8,TRUE
2012,3,Denver Nuggets,66,16040,40.9,85.9,0.47600000000000003,6.9,20.8,0.33199999999999996,33.9,65,0.522,20.5,28,0.735,11.7,33.4,45.2,25.1,8.6,5.2,16.1,20.6,109.2,TRUE
2012,4,Los Angeles Clippers,66,15965,41.1,90.5,0.455,8.7,24.3,0.357,32.5,66.2,0.49,17.6,25.9,0.6799999999999999,13.5,32.8,46.2,23.3,9.4,5.3,14.8,23.6,108.5,TRUE
2012,5,Chicago Bulls,66,15940,41.7,92.3,0.452,7.1,18.9,0.375,34.6,73.4,0.47100000000000003,17,23.5,0.722,15.5,36.6,52,25.8,7.7,6.6,15.6,19.2,107.4,TRUE
2012,6,Utah Jazz,66,16165,41,89.8,0.456,4.4,13.7,0.323,36.5,76.1,0.48000000000000004,20.4,27.1,0.754,14,33.4,47.4,23.4,8.8,6.3,15.2,23.4,106.8,TRUE
2012,7,Indiana Pacers,66,15990,38.9,88.9,0.43800000000000006,6.5,17.6,0.368,32.5,71.3,0.455,22.3,28.5,0.7819999999999999,13.7,34.2,47.9,20.3,8.7,5.9,15.3,23.7,106.7,TRUE
2012,8,Miami Heat,66,16040,40.1,85.5,0.46900000000000003,6.1,16.9,0.359,34.1,68.6,0.496,20.3,26.2,0.775,11.3,33.8,45,21.6,9.6,5.8,16.4,21,106.6,TRUE
2012,9,Phoenix Suns,66,15840,40.8,89.1,0.458,7.3,21.2,0.34299999999999997,33.6,67.9,0.494,17.3,22.9,0.757,11.7,33.3,45,24.3,7.1,6,15.2,20.2,106.2,FALSE
2012,10,Los Angeles Lakers,66,16065,40.1,87.8,0.457,6,18.3,0.326,34.1,69.4,0.491,19.8,26.2,0.756,13.2,37.1,50.3,24.5,6.4,5.8,16.5,18.3,106,TRUE
2012,11,Portland Trail Blazers,66,15965,39.6,89.3,0.443,7.9,22.8,0.346,31.7,66.5,0.47700000000000004,18.7,23.5,0.7959999999999999,12.1,32.1,44.2,22.2,8.7,5.3,15.4,20.6,105.7,FALSE
2012,12,Houston Rockets,66,16065,40.6,90.3,0.449,7.8,21.7,0.359,32.8,68.6,0.47700000000000004,16.6,21.2,0.7819999999999999,12.5,32.8,45.3,22.9,8.1,5.2,15.6,21.9,105.5,FALSE
2012,13,Milwaukee Bucks,66,15865,40.4,91.2,0.443,7,20.4,0.345,33.3,70.8,0.47100000000000003,17.7,22.8,0.774,13.2,32,45.2,25,8.8,5.4,15,20.5,105.5,FALSE
2012,14,Golden State Warriors,66,15915,40.6,88.9,0.457,8.6,22.1,0.388,32.1,66.8,0.48000000000000004,15.5,20.2,0.77,10.5,31.8,42.2,24,8.6,5.9,14.9,23,105.4,FALSE
2012,15,Orlando Magic,66,15965,38.4,87.2,0.441,11.3,30.1,0.375,27.1,57,0.47500000000000003,16.8,25.5,0.6599999999999999,12.5,34.8,47.3,22.3,7.6,4.6,16.6,19.7,105,TRUE
2012,16,Atlanta Hawks,66,16165,40,88,0.454,8.1,21.9,0.37,31.9,66.1,0.48200000000000004,16.9,22.8,0.74,10.7,34,44.7,24.4,8.8,5,15.2,19.4,104.9,TRUE
2012,17,New York Knicks,66,15940,38.2,86.2,0.443,8.4,24.9,0.33599999999999997,29.9,61.4,0.48700000000000004,19.6,26.4,0.741,12,32.5,44.5,21.5,10.1,4.5,17.1,22.5,104.4,TRUE
2012,18,Minnesota Timberwolves,66,15940,38,87.7,0.43300000000000005,7.6,23,0.33199999999999996,30.4,64.7,0.46900000000000003,20.7,26.8,0.771,12.9,33.7,46.6,20.8,7,4.7,16.2,19.6,104.3,FALSE
2012,19,Memphis Grizzlies,66,15940,40.2,89.9,0.447,4.6,14.1,0.326,35.6,75.8,0.47000000000000003,18.9,24.9,0.759,13.8,32.2,46,21.4,10.5,5.7,15.8,21.8,104,TRUE
2012,20,Philadelphia 76ers,66,15915,41.6,92.8,0.448,5.9,16.2,0.362,35.7,76.6,0.466,14.9,20.1,0.742,11.8,36.1,47.9,24.4,8.8,5.7,12.4,19.5,103.9,TRUE
2012,21,Sacramento Kings,66,15915,39.7,91,0.43600000000000005,6.5,20.7,0.316,33.1,70.3,0.47100000000000003,18,24.4,0.736,14,31,45.1,20.2,8.9,5.1,15.2,20.5,103.8,FALSE
2012,22,Dallas Mavericks,66,16065,39.2,88.4,0.443,8.1,23.9,0.33899999999999997,31.1,64.5,0.48200000000000004,16.8,21.8,0.771,10.9,35.2,46.1,22.5,9.2,5.5,15.1,20,103.3,TRUE
2012,23,New Jersey Nets,66,15890,37.9,89.1,0.42500000000000004,8.5,24.8,0.34199999999999997,29.4,64.3,0.457,18.6,24,0.777,13.1,31.5,44.6,22,8.3,4.4,16.7,21.2,102.9,FALSE
2012,24,Cleveland Cavaliers,66,15965,37.2,88.2,0.42200000000000004,7.2,21,0.346,30,67.3,0.446,19.4,27.1,0.716,13.8,32.1,45.9,21.5,7.7,4.3,16.7,21.7,101.1,FALSE
2012,25,Washington Wizards,66,15865,39.5,89.5,0.441,5.6,17.6,0.32,33.8,71.9,0.47000000000000003,16.5,22.7,0.727,12.7,32.3,45,20.6,8.6,6.8,16.5,23,101,FALSE
2012,26,Detroit Pistons,66,15965,38.6,88.1,0.43800000000000006,5.3,15.4,0.346,33.3,72.7,0.457,18.5,24.6,0.752,13.1,31.7,44.8,20.8,7.7,4.7,17.4,21.8,101,FALSE
2012,27,Boston Celtics,66,15940,39,84.7,0.46,6,16.5,0.367,33,68.3,0.48300000000000004,16.9,21.8,0.778,8.5,34.2,42.7,25.9,8.3,6,16.3,21.9,101,TRUE
2012,28,New Orleans Hornets,66,15940,39.2,87,0.451,4.4,13.2,0.33299999999999996,34.8,73.8,0.47200000000000003,18,23.8,0.757,12.3,33.9,46.3,23.3,8.3,5.4,17.5,22.6,100.9,FALSE
2012,29,Toronto Raptors,66,15965,38.2,86.8,0.44,6.1,18.1,0.33999999999999997,32,68.7,0.467,18.3,23.7,0.77,11.7,34.9,46.7,23.3,7.2,5.4,16.9,25.8,100.8,FALSE
2012,30,Charlotte Bobcats,66,15890,36.4,87.8,0.41400000000000003,4.4,14.8,0.29500000000000004,32,73,0.43900000000000006,18.1,24.2,0.746,11.2,31.4,42.6,22,6.6,6,15.9,20.7,95.2,FALSE
2013,1,Oklahoma City Thunder,82,19830,40.5,84.3,0.48100000000000004,7.8,20.6,0.377,32.8,63.7,0.514,23.6,28.5,0.8280000000000001,11.1,35.3,46.4,22.7,8.8,8.1,16.2,21.4,112.4,TRUE
2013,2,Miami Heat,82,19880,41.9,84.5,0.496,9.5,24.1,0.396,32.4,60.4,0.536,18.9,25.1,0.754,9,33.2,42.2,25.2,9.5,5.9,15.2,20.4,112.3,TRUE
2013,3,New York Knicks,82,19730,40.6,90.6,0.448,12.1,32.1,0.376,28.5,58.5,0.48700000000000004,17.8,23.4,0.759,12.1,33,45.1,21.4,9.1,4,13.4,22.4,111.1,TRUE
2013,4,Los Angeles Clippers,82,19730,42.2,88.2,0.47800000000000004,8.4,23.4,0.358,33.8,64.8,0.522,17.9,25.2,0.711,12.5,33,45.6,26.1,10.5,6.2,16,22.9,110.6,TRUE
2013,5,Denver Nuggets,82,19905,42.3,88.6,0.47800000000000004,6.6,19.3,0.34299999999999997,35.7,69.3,0.516,19.1,27.2,0.701,13.8,33,46.8,25.4,9.7,6.8,15.9,21.3,110.4,TRUE
2013,6,Houston Rockets,82,19780,39.4,85.6,0.461,10.9,29.9,0.366,28.5,55.7,0.511,19.9,26.3,0.754,11.5,33.5,45,24,8.6,4.5,17,21,109.7,TRUE
2013,7,San Antonio Spurs,82,19880,41.1,85.6,0.48100000000000004,8.5,22.6,0.376,32.6,62.9,0.519,17.5,22.1,0.7909999999999999,8.5,34.9,43.4,26.4,8.9,5.7,15.5,18.3,108.3,TRUE
2013,8,Brooklyn Nets,82,19855,40.1,89.1,0.45,8.6,24,0.357,31.5,65.1,0.48400000000000004,19.5,26.7,0.731,14.3,33.5,47.8,22.7,8.2,5.3,16.4,20.4,108.2,TRUE
2013,9,Los Angeles Lakers,82,19755,39.1,85.4,0.458,9.2,25.9,0.355,29.9,59.5,0.503,20.4,29.4,0.692,12.1,35.1,47.3,23.4,7.4,5.5,15.8,18.9,107.8,TRUE
2013,10,Utah Jazz,82,19880,40.4,89.1,0.454,6.7,18.4,0.366,33.7,70.7,0.47700000000000004,19.1,25,0.764,13.1,32.6,45.8,24.7,9.2,6.8,16.1,23.2,106.7,FALSE
2013,11,Golden State Warriors,82,19805,40.2,87.7,0.458,8.4,20.9,0.403,31.7,66.8,0.47500000000000003,17.7,22.4,0.7899999999999999,11.4,35.9,47.3,23.7,7.3,4.4,15.9,22.5,106.4,TRUE
2013,12,Sacramento Kings,82,19830,39.9,89.2,0.447,7.9,21.7,0.363,32,67.5,0.47400000000000003,18.6,24.2,0.769,12.2,30.8,43,22.1,8.7,4.4,15.5,22.2,106.2,FALSE
2013,13,Dallas Mavericks,82,19980,40.6,88,0.462,7.7,20.8,0.372,32.9,67.2,0.48900000000000005,16.9,21.3,0.7929999999999999,9.8,34.1,43.9,24.3,8.3,5.8,14.6,21.7,105.9,FALSE
2013,14,Toronto Raptors,82,19980,39.6,88.8,0.446,7.6,22.1,0.34299999999999997,32,66.7,0.48000000000000004,19.2,24.3,0.7879999999999999,11.6,32.2,43.8,23.5,7.9,5.2,14.9,24.4,105.9,FALSE
2013,15,Portland Trail Blazers,82,19855,39.8,88.8,0.448,8.9,25.2,0.353,30.9,63.6,0.48600000000000004,17.2,22.2,0.776,11.6,32.7,44.3,23.6,7.1,4.7,15.9,20.1,105.8,FALSE
2013,16,New Orleans Hornets,82,19780,40.5,90.3,0.448,7.3,20.2,0.363,33.2,70.1,0.47300000000000003,17.4,22.4,0.776,13.5,33.2,46.8,23.6,7.1,6,16.4,22.9,105.7,FALSE
2013,17,Memphis Grizzlies,82,19805,40.6,91.5,0.444,5.2,15.2,0.345,35.4,76.4,0.463,18.5,23.9,0.773,14.5,33.5,48,23.5,9.6,6,15.7,22.7,104.9,TRUE
2013,18,Atlanta Hawks,82,19855,40.2,86.7,0.464,9.2,24.8,0.371,31,61.9,0.501,15.1,21.1,0.715,9.9,33.8,43.7,26.2,8.7,4.8,15.9,19.2,104.8,TRUE
2013,19,Indiana Pacers,81,19590,38.7,88.6,0.43600000000000005,7.5,21.7,0.347,31.1,66.9,0.465,19.4,26,0.746,14.2,36.3,50.5,22.3,7.9,7,16.7,22.1,104.3,TRUE
2013,20,Cleveland Cavaliers,82,19730,39.5,91,0.43400000000000005,7.2,20.8,0.346,32.2,70.1,0.46,18.2,24.1,0.756,13.2,31.1,44.3,22.3,8.5,4.4,15.1,22.9,104.3,FALSE
2013,21,Detroit Pistons,82,19805,39.7,88.6,0.449,6.8,19.2,0.356,32.9,69.4,0.47400000000000003,17.4,24.9,0.699,13.2,32.9,46.1,23.2,7.7,5.3,16.6,21.7,103.8,FALSE
2013,22,Milwaukee Bucks,82,19830,40,92,0.43500000000000005,7.7,21.3,0.36,32.3,70.6,0.457,16,21.7,0.736,13.7,32.4,46.1,24,8.8,7,14.8,19.9,103.6,TRUE
2013,23,Chicago Bulls,82,19830,39.6,90.7,0.43700000000000006,6,17.1,0.353,33.6,73.6,0.456,18.2,23.5,0.773,13.9,34.1,48,25.5,8,5.6,15.9,21.9,103.5,TRUE
2013,24,Boston Celtics,81,19840,39.6,85.2,0.465,6.6,18.3,0.358,33,66.8,0.494,17.4,22.4,0.776,8.6,33.4,42,24.3,8.8,4.8,15.6,22.6,103.1,TRUE
2013,25,Minnesota Timberwolves,82,19730,38.6,87.8,0.43900000000000006,5.9,19.3,0.305,32.7,68.5,0.47700000000000004,19.9,26.8,0.742,12.7,32.4,45.2,24.1,9.2,5.1,15.9,19.8,102.9,FALSE
2013,26,Philadelphia 76ers,82,19755,40.8,92,0.444,6.9,19.2,0.36,33.9,72.9,0.466,13.4,18.4,0.729,12,33.3,45.2,24.9,8.1,5.1,14.3,20.1,102,FALSE
2013,27,Orlando Magic,82,19780,40.7,90.9,0.448,6.7,20.2,0.329,34.1,70.6,0.48200000000000004,13.5,17.9,0.755,11.7,34.4,46.1,24.6,7,4.7,15.7,20.9,101.6,FALSE
2013,28,Charlotte Bobcats,82,19805,37.4,88.1,0.42500000000000004,6.2,18.5,0.33499999999999996,31.2,69.6,0.448,20.5,27.3,0.75,12.2,31.7,43.8,21,7.8,6.3,15.3,20.7,101.5,FALSE
2013,29,Phoenix Suns,82,19805,39.7,89.7,0.443,6.2,18.9,0.32999999999999996,33.5,70.8,0.47300000000000003,15.6,21,0.744,12.4,31.8,44.3,24.1,8.5,5.6,16.6,21.9,101.2,FALSE
2013,30,Washington Wizards,82,19855,38.2,87.8,0.43500000000000005,7.1,19.6,0.365,31,68.2,0.455,16.8,22.9,0.733,11.6,34.8,46.4,23.3,7.8,4.9,16.2,22,100.2,FALSE
2014,1,Los Angeles Clippers,82,19755,40.6,85.6,0.47400000000000003,8.8,24.9,0.352,31.8,60.7,0.525,22,30.2,0.73,10.9,33.8,44.6,25.5,8.9,5,14.4,22.4,112.1,TRUE
2014,2,Portland Trail Blazers,82,19855,40.9,90.9,0.45,9.8,26.4,0.372,31.1,64.5,0.48100000000000004,20,24.5,0.8150000000000001,13,35.5,48.5,24.3,5.8,4.9,14.3,20.1,111.5,TRUE
2014,3,Dallas Mavericks,82,19830,42,88.7,0.47400000000000003,9.3,24.3,0.384,32.7,64.4,0.508,17.8,22.4,0.7949999999999999,10.9,32.5,43.4,25,9.1,4.6,14.4,21.2,111.2,TRUE
2014,4,Houston Rockets,82,19830,39.2,83,0.47200000000000003,9.8,27.4,0.358,29.4,55.6,0.529,22.8,32,0.712,11.6,35.1,46.7,22.1,7.8,5.8,16.6,21.1,111,TRUE
2014,5,Miami Heat,82,19880,41.6,83,0.501,8.8,24.2,0.364,32.8,58.8,0.558,18.9,24.9,0.76,8.3,31.7,40,24.4,9.7,4.9,16,21.1,110.9,TRUE
2014,6,San Antonio Spurs,82,19755,42.5,87.5,0.48600000000000004,8.9,22.5,0.397,33.6,65.1,0.517,16.5,21,0.7849999999999999,9.7,35.6,45.4,26.4,7.7,5.4,15.1,19.1,110.5,TRUE
2014,7,Oklahoma City Thunder,82,19805,40.6,86.1,0.47100000000000003,8.4,23.3,0.361,32.1,62.8,0.512,21,26.1,0.806,11.3,35.3,46.6,22.8,8.6,6.4,15.9,23.6,110.5,TRUE
2014,8,Phoenix Suns,82,19755,40.2,86.8,0.463,9.7,26.1,0.372,30.5,60.8,0.503,19.3,25.4,0.758,11.8,33,44.8,19.8,8.7,4.7,16,22.8,109.5,FALSE
2014,9,Minnesota Timberwolves,82,19855,39.6,89.1,0.444,7.5,21.8,0.34099999999999997,32.2,67.3,0.47800000000000004,22.2,28.6,0.778,12.7,32.8,45.6,24.4,8.9,3.7,14.2,18.7,108.9,FALSE
2014,10,Toronto Raptors,82,19955,39.2,88,0.445,9.3,25.1,0.372,29.8,62.9,0.47500000000000003,21.1,26.9,0.7819999999999999,12.2,33.4,45.7,22.7,7.6,4.5,15.2,24.6,108.8,TRUE
2014,11,New York Knicks,82,19855,40.5,90.2,0.449,10.2,27.3,0.372,30.4,63,0.48200000000000004,17,22.4,0.761,11.7,32.6,44.3,22,8.5,4.9,14.2,24.3,108.3,FALSE
2014,12,Golden State Warriors,82,19830,40.7,88.1,0.462,9.7,25.6,0.38,31,62.5,0.496,16.4,21.8,0.753,11.3,35.5,46.7,24,8.1,5.1,15.7,22.4,107.5,TRUE
2014,13,New Orleans Pelicans,82,19855,40.7,88.7,0.459,6.4,17.1,0.373,34.3,71.6,0.47900000000000004,19.5,25.4,0.769,12.2,32.6,44.8,22.9,8.5,6.9,14.8,24.4,107.2,FALSE
2014,14,Brooklyn Nets,82,19880,38.7,84.4,0.459,9.4,25.4,0.369,29.3,59,0.497,19.9,26.4,0.753,9.5,31.8,41.3,22.6,9.3,4.1,15.7,23.5,106.7,TRUE
2014,15,Memphis Grizzlies,82,19805,42.1,90.7,0.464,5.5,15.5,0.353,36.6,75.2,0.48700000000000004,16.7,22.5,0.741,12.8,34.1,46.9,24.2,8.5,5.1,15.2,21.1,106.3,TRUE
2014,16,Washington Wizards,82,20055,40.8,88.8,0.459,8.3,21.9,0.38,32.5,67,0.48500000000000004,16.1,22,0.731,11.4,33,44.4,24.5,8.6,4.8,15.5,21.5,106,TRUE
2014,17,Denver Nuggets,82,19755,39,87.2,0.447,8.7,24.3,0.358,30.3,63,0.48100000000000004,19.4,26.7,0.726,12.5,33.7,46.2,22.8,7.6,5.7,16.2,23.4,106,FALSE
2014,18,Detroit Pistons,82,19780,40.7,91.1,0.447,6.5,20.2,0.321,34.2,70.9,0.48300000000000004,18.1,27,0.6699999999999999,15.3,32.3,47.6,21.9,8.8,5,15.2,21.3,105.9,FALSE
2014,19,Atlanta Hawks,82,19830,39.1,85.5,0.458,9.8,27.1,0.363,29.3,58.5,0.502,17.8,22.8,0.7809999999999999,9.1,32.8,41.9,26.1,8.7,4.2,16,20.2,105.9,TRUE
2014,20,Sacramento Kings,82,19830,38.8,86.8,0.447,6.3,18.9,0.33299999999999996,32.5,67.9,0.47900000000000004,21.8,28.7,0.759,12.7,34.1,46.8,19.8,7.5,4.1,16,23.7,105.7,FALSE
2014,21,Los Angeles Lakers,82,19705,38.7,86.2,0.45,9.6,25.1,0.381,29.2,61.1,0.47800000000000004,17.2,22.6,0.757,9.2,32.3,41.5,24.8,7.5,5.5,15.3,20.1,104.2,FALSE
2014,22,Cleveland Cavaliers,82,19930,39.3,90,0.43700000000000006,7.6,21.2,0.356,31.7,68.7,0.461,18.1,24.1,0.751,12.8,34,46.8,22.5,7.5,3.9,15,21.2,104.2,FALSE
2014,23,Indiana Pacers,82,19780,38.7,86.2,0.449,7.2,20.2,0.357,31.5,66,0.47700000000000004,19.5,25,0.779,10.9,37.1,48.1,21.7,7.2,5.9,16.2,22,104.1,TRUE
2014,24,Charlotte Bobcats,82,19905,38.8,87.8,0.442,6.7,19.2,0.351,32.1,68.6,0.468,19.2,26.1,0.737,10.1,35.5,45.6,23.2,6.5,5.5,13.2,19.5,103.6,TRUE
2014,25,Utah Jazz,82,19780,39.2,88.3,0.444,7.2,20.9,0.344,32,67.4,0.47400000000000003,17.9,23.9,0.747,12,32.9,44.9,22.1,7.6,4.9,15.9,22.6,103.5,FALSE
2014,26,Milwaukee Bucks,82,19880,38.8,88.6,0.43800000000000006,7.2,20.4,0.353,31.6,68.2,0.464,18.1,24.2,0.747,12.8,31.6,44.3,23.2,7.1,5.3,16.3,22.5,103,FALSE
2014,27,Boston Celtics,82,19730,39.1,89.7,0.43500000000000005,7.5,22.5,0.33299999999999996,31.6,67.2,0.47000000000000003,17.3,22.2,0.777,12.8,32.7,45.4,22.5,7.6,4.5,16.4,22.7,102.9,FALSE
2014,28,Chicago Bulls,82,19930,38,87.8,0.43200000000000005,6.8,19.5,0.348,31.2,68.3,0.456,19.8,25.5,0.779,12.5,35.8,48.3,24.8,7.9,5.7,16.3,20.9,102.5,TRUE
2014,29,Orlando Magic,82,19955,38.8,87.1,0.445,7.2,20.5,0.353,31.6,66.6,0.47400000000000003,16.8,22,0.763,10.2,34.1,44.3,22.2,8.1,4.5,15.7,21.6,101.7,FALSE
2014,30,Philadelphia 76ers,82,19855,37.9,87.2,0.43500000000000005,7,22.5,0.312,30.9,64.6,0.47700000000000004,16.6,23.4,0.71,11.6,31.2,42.7,21.8,9.3,4,16.9,22.5,99.4,FALSE
2015,1,Los Angeles Clippers,82,19730,41.5,87.7,0.47300000000000003,10.6,28.3,0.376,30.8,59.4,0.519,18.9,26.5,0.71,10.1,34.8,44.9,26.1,8.2,5.3,13,22.5,112.4,TRUE
2015,2,Golden State Warriors,82,19730,42.2,88.3,0.47800000000000004,10.9,27.4,0.398,31.3,60.9,0.514,16.3,21.2,0.768,10.6,34.8,45.4,27.8,9.4,6.1,14.7,20.2,111.6,TRUE
2015,3,Cleveland Cavaliers,82,19780,40.6,88.6,0.458,10.9,29.6,0.367,29.7,58.9,0.504,19.1,25.4,0.751,12,34.3,46.3,23.8,7.9,4.5,15.4,19.8,111.1,TRUE
2015,4,Toronto Raptors,82,19855,40.5,88.9,0.455,9.5,26.8,0.352,31,62.1,0.499,20.6,26.2,0.7869999999999999,11.5,32.9,44.4,22.1,8,4.6,13.8,22.3,111,TRUE
2015,5,Dallas Mavericks,82,19880,41.3,89.3,0.463,9.3,26.4,0.352,32,62.8,0.509,17.6,23.4,0.752,10.9,33.1,44,23.4,8.4,4.7,13.5,20.9,109.5,TRUE
2015,6,Atlanta Hawks,82,19730,40.4,86.7,0.466,10.6,27.9,0.38,29.8,58.9,0.506,17.5,22.5,0.778,9.3,33.8,43.1,27.3,9.6,4.9,15.1,18.9,108.9,TRUE
2015,7,San Antonio Spurs,82,19955,41.1,87.9,0.468,8.7,23.7,0.367,32.5,64.2,0.505,17.5,22.5,0.7799999999999999,10.3,35.6,45.9,25.7,8.4,5.7,14.7,20.1,108.5,TRUE
2015,8,New Orleans Pelicans,82,19780,41.3,90.2,0.457,7.8,21,0.37,33.5,69.2,0.48400000000000004,17.9,23.8,0.751,12.5,34.8,47.3,24,7.3,6.8,14.4,20.3,108.2,TRUE
2015,9,Portland Trail Blazers,82,19855,40.7,90.4,0.45,10.4,28.6,0.362,30.4,61.8,0.491,16.3,20.4,0.801,11.3,37,48.2,23.1,6.7,4.8,14.3,19.2,108.2,TRUE
2015,10,Oklahoma City Thunder,82,19830,40.3,90,0.447,8,23.6,0.33899999999999997,32.3,66.4,0.48600000000000004,19.3,25.5,0.754,13.3,36,49.3,21.3,7.6,5.7,15.2,23.1,107.8,FALSE
2015,11,Chicago Bulls,82,19880,39,88.4,0.442,8.4,23.7,0.353,30.7,64.7,0.47400000000000003,21.1,26.9,0.7829999999999999,12.5,36.3,48.8,23.2,6.7,6.2,14.9,19.5,107.5,TRUE
2015,12,Houston Rockets,82,19805,38.1,85.8,0.444,11.7,33.6,0.348,26.3,52.1,0.506,19.1,26.8,0.715,12,32.9,45,22.8,9.8,5.1,17.1,22.6,107,TRUE
2015,13,Memphis Grizzlies,82,19905,40.6,88.7,0.458,5.5,16.3,0.33899999999999997,35.1,72.3,0.48500000000000004,18.9,24.5,0.773,11.2,34.5,45.8,23.3,9.2,4.5,14.3,20.5,105.7,TRUE
2015,14,Detroit Pistons,82,19830,39.7,91.8,0.43200000000000005,9.2,26.6,0.344,30.5,65.1,0.468,16.8,24,0.703,13.7,34.3,48,23.1,8.1,5,14.3,20.3,105.3,FALSE
2015,15,Sacramento Kings,82,19855,38.2,83.9,0.455,5.8,17.1,0.34099999999999997,32.3,66.8,0.48400000000000004,23.2,30.4,0.762,11.3,34.6,45.9,21.1,7,4.1,16.9,21.5,105.3,FALSE
2015,16,Phoenix Suns,82,19880,39.8,88.3,0.452,8.8,25.7,0.34099999999999997,31.1,62.6,0.497,16.8,22.2,0.76,11.2,33.1,44.4,20.8,8.8,4.8,15.5,21.9,105.3,FALSE
2015,17,Utah Jazz,82,19705,39.1,87.5,0.447,8.2,24,0.34299999999999997,30.9,63.5,0.48600000000000004,18.7,26,0.721,13.3,35.3,48.6,22,8.4,6.6,16.9,21.3,105.1,FALSE
2015,18,Boston Celtics,82,19880,40.2,90.8,0.443,8.3,25.5,0.327,31.9,65.4,0.48800000000000004,15.9,21.1,0.754,11.5,33.8,45.3,25.3,8.5,3.7,14.3,21.9,104.7,TRUE
2015,19,Denver Nuggets,82,19880,38.9,89.9,0.43300000000000005,8.3,25.5,0.325,30.6,64.4,0.47600000000000003,18.4,25,0.734,12.7,33.3,46,22.5,8.1,4.6,14.6,23.6,104.5,FALSE
2015,20,Brooklyn Nets,82,19930,39.9,88.4,0.451,7,21.2,0.33099999999999996,32.8,67.2,0.48900000000000005,17.6,23.6,0.748,11,34.1,45.1,22.3,7.5,4.4,14.7,20.5,104.4,TRUE
2015,21,Miami Heat,82,19730,38.6,84.7,0.456,7.4,22.2,0.33499999999999996,31.2,62.5,0.499,19.2,26,0.741,10,32.9,42.9,21.8,8.6,5,16.2,21.9,103.9,FALSE
2015,22,Washington Wizards,82,19955,40.3,87.2,0.462,6.4,17.7,0.36,33.9,69.4,0.48800000000000004,16.8,22.6,0.742,11.1,36,47,25.3,7.7,4.9,15.8,21.9,103.7,TRUE
2015,23,Indiana Pacers,82,19855,38.9,88.5,0.43900000000000006,7.9,22.6,0.352,31,66,0.46900000000000003,17.8,23.6,0.756,11.1,36.6,47.7,22.8,6.6,4.9,14.9,22.6,103.5,FALSE
2015,24,Los Angeles Lakers,82,19930,39.1,89.9,0.43500000000000005,6.8,19.8,0.344,32.3,70.1,0.461,18.4,24.8,0.741,12.2,33.9,46.1,22,7.4,4.7,13.9,22.3,103.4,FALSE
2015,25,Minnesota Timberwolves,82,19805,38.3,87.5,0.43800000000000006,5.2,15.7,0.33199999999999996,33.1,71.8,0.461,21,27.1,0.776,12.2,30.9,43.1,22.7,8.6,4.2,15.8,20.2,102.9,FALSE
2015,26,Milwaukee Bucks,82,19930,39.5,86,0.459,7,19.2,0.363,32.5,66.8,0.48600000000000004,16.8,22.2,0.757,11.2,32.9,44.2,24.7,10.1,5.2,17.6,23.2,102.7,TRUE
2015,27,Orlando Magic,82,19755,39.8,87.9,0.453,7.2,20.7,0.347,32.6,67.2,0.48600000000000004,14.8,20.3,0.729,10.6,33.7,44.4,21.9,8.4,4.1,15.8,22.2,101.6,FALSE
2015,28,Charlotte Hornets,82,19905,37.8,89.9,0.42000000000000004,6.5,20.3,0.318,31.3,69.6,0.45,18.1,24.2,0.748,10.6,36.2,46.9,21.5,6.5,5.8,12.7,19.4,100.1,FALSE
2015,29,New York Knicks,82,19855,38.2,89.2,0.42800000000000005,7.4,21.4,0.347,30.8,67.8,0.454,16.1,20.9,0.769,11.5,32.4,43.9,23.1,7.6,5.1,16,23.4,99.9,FALSE
2015,30,Philadelphia 76ers,82,19805,35,85.8,0.40800000000000003,8.8,27.3,0.32,26.2,58.4,0.449,16.7,24.7,0.6759999999999999,12.4,32.1,44.5,21.3,10,6.2,18.4,22.5,95.5,FALSE
2016,1,Golden State Warriors,82,19880,42.4,87,0.48700000000000004,13.1,31.5,0.41600000000000004,29.3,55.5,0.528,16.6,21.8,0.763,9.9,36.1,46,28.8,8.4,6.1,15.1,20.7,114.5,TRUE
2016,2,Oklahoma City Thunder,82,19830,42.2,88.6,0.47600000000000003,8.5,24.3,0.349,33.7,64.3,0.524,20.2,25.9,0.7819999999999999,13.4,36.5,49.9,23.6,7.5,6.1,16.3,21.2,113.1,TRUE
2016,3,Cleveland Cavaliers,82,19855,41.1,89.3,0.46,11.4,31.5,0.362,29.7,57.8,0.514,17.3,23.1,0.748,11.3,36,47.3,24.1,7.1,4.1,14.4,21.6,110.9,TRUE
2016,4,San Antonio Spurs,82,19705,42.7,88.3,0.48400000000000004,7.4,19.7,0.375,35.3,68.6,0.515,17.4,21.7,0.803,10,36.8,46.8,26.1,8.8,6.3,13.9,18.6,110.3,TRUE
2016,5,Toronto Raptors,82,19780,39.3,87.1,0.451,9.2,25,0.37,30,62.1,0.48300000000000004,22.2,28.6,0.777,10.9,35.6,46.5,20.1,8.3,5.9,14,21,110,TRUE
2016,6,Portland Trail Blazers,82,19805,40,88.9,0.45,10.9,29.5,0.37,29.1,59.4,0.49,18,23.8,0.754,12,35.1,47.1,22.1,7.1,4.8,15.1,22.5,108.8,TRUE
2016,7,Houston Rockets,82,19830,38.4,84.9,0.452,10.9,31.4,0.347,27.5,53.5,0.514,20.7,29.8,0.694,11.5,32.2,43.8,22.6,10.2,5.3,16.2,22.2,108.3,TRUE
2016,8,Los Angeles Clippers,82,19830,39.7,85.4,0.465,10.1,27.7,0.364,29.6,57.7,0.513,18.8,27.2,0.692,9.1,34.5,43.6,23.7,9,5.8,13.4,22.1,108.3,TRUE
2016,9,Charlotte Hornets,82,19855,38.4,87.5,0.43900000000000006,11,30.5,0.362,27.3,57,0.47900000000000004,19.4,24.5,0.7899999999999999,9.3,36.3,45.5,22.5,7.5,5.5,13,18.8,107.2,TRUE
2016,10,Boston Celtics,82,19780,39.6,90.2,0.43900000000000006,8.8,26.4,0.33499999999999996,30.8,63.8,0.48300000000000004,18.7,23.8,0.7879999999999999,11.7,33.7,45.4,24.4,9.3,4.3,13.9,22.1,106.8,TRUE
2016,11,Dallas Mavericks,82,20005,39,87.8,0.444,10.3,29.8,0.344,28.7,58,0.495,18.5,23.3,0.7939999999999999,9.6,35.4,44.9,23.1,7.1,3.9,13.3,20.3,106.7,TRUE
2016,12,Minnesota Timberwolves,82,19880,39.2,84.5,0.464,5.8,17.1,0.33799999999999997,33.5,67.5,0.496,22.2,28.1,0.7919999999999999,10.4,32.8,43.2,24.3,8.3,4.8,15.6,21.5,106.5,FALSE
2016,13,Miami Heat,82,19830,40.7,86.6,0.47000000000000003,6.4,19.1,0.33599999999999997,34.3,67.5,0.508,18.2,24.4,0.744,10.4,36.4,46.8,22.1,7.2,6.9,14.9,19.4,106.1,TRUE
2016,14,Detroit Pistons,82,19880,39.5,90,0.43900000000000006,9.4,27.3,0.345,30.1,62.7,0.48000000000000004,17.8,26.6,0.6679999999999999,13,35.3,48.2,20.2,7.3,3.9,14.1,19.8,106.1,TRUE
2016,15,Sacramento Kings,82,19805,39.8,85.9,0.464,8,22.3,0.359,31.8,63.6,0.5,18.4,25.3,0.725,10.5,33.5,44,24.4,8.9,4.5,16.1,20.3,106,FALSE
2016,16,Utah Jazz,82,19955,39.1,87.1,0.449,9.2,25.9,0.355,29.9,61.3,0.48800000000000004,18.5,24.9,0.744,11.6,35.2,46.9,20.5,8.3,5.6,16.2,21.9,105.9,FALSE
2016,17,Denver Nuggets,82,19830,39.1,88.5,0.442,8.3,24.6,0.33799999999999997,30.8,64,0.48200000000000004,19.1,25,0.766,11.9,34.4,46.3,23.5,7.7,5,15.2,21.8,105.6,FALSE
2016,18,New Orleans Pelicans,82,19780,39.5,88.3,0.448,8.8,24.5,0.36,30.7,63.8,0.48200000000000004,17.7,22.9,0.776,9.8,34,43.8,22.8,7.9,4.3,13.8,21.5,105.6,FALSE
2016,19,Memphis Grizzlies,82,19830,39.2,89,0.44,6.5,19.7,0.33099999999999996,32.6,69.3,0.47100000000000003,20.6,26.3,0.7829999999999999,11.9,32.4,44.3,22,9.4,4.5,14.1,23.1,105.4,TRUE
2016,20,Washington Wizards,82,19755,40,86.8,0.46,8.7,24.5,0.358,31.2,62.3,0.501,16.6,22.8,0.73,9.2,33.2,42.3,24.7,8.7,4,14.6,21.1,105.3,FALSE
2016,21,Orlando Magic,82,19905,40.7,89.4,0.455,8,22.8,0.35,32.7,66.6,0.492,15.7,20.7,0.757,10.6,34,44.6,24.3,8.5,5.2,14.5,21.4,105.1,FALSE
2016,22,Atlanta Hawks,82,19830,39.5,86.3,0.458,10.2,29,0.35,29.3,57.3,0.512,16,20.4,0.7829999999999999,8.5,34.5,43,26.2,9.3,6.1,15.3,19.6,105.1,TRUE
2016,23,Chicago Bulls,82,19905,39.9,90.3,0.441,8.2,22.1,0.371,31.7,68.2,0.464,17.1,21.7,0.7869999999999999,11.4,36.4,47.8,23.6,6.2,5.9,14.4,19.5,105,FALSE
2016,24,New York Knicks,82,19805,39.2,89.3,0.43900000000000006,7.9,22.9,0.346,31.3,66.5,0.47100000000000003,18.3,22.7,0.805,11,36.2,47.2,21.8,6.1,6,14.3,21,104.6,FALSE
2016,25,Indiana Pacers,82,19880,39.3,87.3,0.45,8.3,23.6,0.351,31,63.7,0.48600000000000004,17.9,23.4,0.764,10.6,34.7,45.3,21.7,9.3,4.9,15.2,20.5,104.6,TRUE
2016,26,Milwaukee Bucks,82,19830,40.4,86.6,0.467,5.7,16.4,0.345,34.7,70.2,0.495,17.9,23.9,0.747,11,32.9,43.9,24.3,8.6,6.1,16,21.8,104.3,FALSE
2016,27,Brooklyn Nets,82,19755,40,88.3,0.453,6.8,19.2,0.352,33.2,69,0.48100000000000004,16.4,21.7,0.757,11,33.3,44.4,23.3,8,4.2,15.5,18.8,103.2,FALSE
2016,28,Phoenix Suns,82,19705,37.7,86.8,0.43500000000000005,9.1,26.2,0.348,28.6,60.6,0.47200000000000003,17.7,23.5,0.751,11.7,33.8,45.4,21,7.8,3.9,17.4,23,102.2,FALSE
2016,29,Los Angeles Lakers,82,19730,36.7,88.5,0.41400000000000003,8.1,25.7,0.317,28.5,62.9,0.454,20.1,25.8,0.7809999999999999,11.2,33.7,44.8,18.8,7.5,4.3,14.3,21.2,101.6,FALSE
2016,30,Philadelphia 76ers,82,19805,36.7,85.2,0.43100000000000005,9.5,27.9,0.33899999999999997,27.3,57.3,0.47600000000000003,15.9,22.9,0.694,9.6,32.2,41.8,21.8,8.4,6.1,16.6,22,98.8,FALSE
2017,1,Golden State Warriors,82,19780,43,86.8,0.495,11.9,31.2,0.383,31,55.7,0.557,17.7,22.5,0.7879999999999999,9.4,34.9,44.3,30.3,9.5,6.7,14.7,19.3,115.6,TRUE
2017,2,Houston Rockets,82,19780,40.1,86.8,0.462,14.3,40.1,0.357,25.8,46.7,0.552,20.2,26.4,0.766,10.8,33.3,44.1,25.1,8.1,4.3,15,19.8,114.7,TRUE
2017,3,Cleveland Cavaliers,82,19880,41.1,87.4,0.47000000000000003,13.4,34.9,0.384,27.7,52.5,0.528,18,24,0.748,9.6,35.4,45,23.3,6.8,4.1,14.1,18.7,113.6,TRUE
2017,4,Denver Nuggets,82,19755,41.7,88.9,0.46900000000000003,10.8,29.2,0.368,31,59.7,0.519,19,24.5,0.774,11.9,35.1,47,25.7,7,4,15.2,19.4,113.2,FALSE
2017,5,Los Angeles Clippers,82,19755,41,86.3,0.47500000000000003,10.6,28.4,0.375,30.4,57.9,0.525,20.1,26.9,0.745,9.3,35.3,44.6,23.4,7.7,4.4,13.4,20.6,112.7,TRUE
2017,6,Toronto Raptors,82,19780,41.1,88.6,0.464,9.3,25.6,0.363,31.9,63.1,0.505,20.7,26,0.7959999999999999,11.2,34.3,45.4,19.4,8.7,5.1,13.3,21.9,112.3,TRUE
2017,7,Boston Celtics,82,19755,39.8,87.6,0.454,12.4,34.4,0.359,27.4,53.2,0.515,19.3,23.9,0.807,9.3,33.9,43.2,26,7.7,4.3,13.7,21.2,111.2,TRUE
2017,8,Washington Wizards,82,19855,42.1,88.6,0.47500000000000003,9.4,25.2,0.372,32.7,63.4,0.515,17.6,22.5,0.7839999999999999,10.5,33.2,43.6,24.3,8.6,4.2,14.4,21.7,111.2,TRUE
2017,9,San Antonio Spurs,82,19805,41.5,88.3,0.46900000000000003,9.7,24.8,0.391,31.8,63.5,0.5,18.5,23.2,0.7969999999999999,10.6,35.7,46.3,25.1,8.4,6.2,14.2,19.3,111.1,TRUE
2017,10,Minnesota Timberwolves,82,19805,41.4,88.6,0.467,7.7,22.1,0.349,33.7,66.6,0.507,20.3,25.4,0.7989999999999999,12,32.5,44.5,24.8,8.4,4.7,14.7,21.1,110.8,FALSE
2017,11,Portland Trail Blazers,82,19930,40.4,87.9,0.459,10.6,28.3,0.375,29.8,59.6,0.499,18.8,24.2,0.7799999999999999,10.3,34.3,44.6,21.6,7.2,5.1,14,21.6,110.3,TRUE
2017,12,Utah Jazz,82,19755,40.2,86.5,0.466,10.5,28.2,0.372,29.8,58.2,0.511,18.6,24.9,0.747,10.2,36.8,47,21.9,7.3,5.4,14.8,20.5,109.6,TRUE
2017,13,Milwaukee Bucks,82,19780,40.9,86.2,0.47400000000000003,9.2,25,0.37,31.6,61.2,0.516,18.1,23.6,0.768,9.3,33.2,42.5,25.5,8.6,5.6,14.7,21.3,109.1,TRUE
2017,14,Charlotte Hornets,82,19830,39.1,88.5,0.442,10.4,29.7,0.351,28.7,58.9,0.48800000000000004,20.1,24.7,0.8150000000000001,9.1,36.1,45.2,23.9,7.2,4.9,11.9,17.2,108.8,FALSE
2017,15,Indiana Pacers,82,19855,40.6,87.4,0.465,8.9,23.8,0.376,31.7,63.6,0.498,18.5,22.8,0.81,9.4,34.1,43.4,23.2,8.4,5.2,14.2,20.1,108.6,TRUE
2017,16,Oklahoma City Thunder,82,19805,40.1,88.8,0.452,8.6,26.2,0.327,31.5,62.6,0.504,19.5,26.2,0.745,12.4,34.9,47.4,21.3,8,5.1,15.2,21.2,108.3,TRUE
2017,17,Miami Heat,82,19780,40.8,89.7,0.455,10.3,28.2,0.365,30.5,61.5,0.496,15.9,22.5,0.706,11.1,34.5,45.6,22.2,7.5,6,14,21.4,107.8,FALSE
2017,18,Memphis Grizzlies,82,19905,39,89.6,0.43500000000000005,10,28.3,0.354,29,61.2,0.47300000000000003,19.7,25.1,0.7839999999999999,11.6,34.3,45.8,22.8,8.5,4.5,13.8,24,107.7,TRUE
2017,19,New York Knicks,82,19855,40.9,91.4,0.447,8.9,25.5,0.348,32,65.9,0.48500000000000004,17.2,21.8,0.7879999999999999,12.4,34.3,46.7,22.5,7.3,5.7,14.3,21,107.7,FALSE
2017,20,Chicago Bulls,82,19780,40.4,90.9,0.444,7.9,23.3,0.33999999999999997,32.4,67.6,0.47900000000000004,18.8,23.5,0.7979999999999999,12.7,35.6,48.3,23.6,8.2,5,14.2,18.5,107.4,TRUE
2017,21,Sacramento Kings,82,19880,39.5,85.7,0.461,9.4,24.9,0.376,30.1,60.8,0.496,18.9,24.3,0.775,9.1,33.7,42.8,23.5,8,4.1,15.3,21.2,107.3,FALSE
2017,22,Phoenix Suns,82,19830,39.5,87.6,0.45,7.4,22.4,0.33199999999999996,32,65.3,0.491,20.2,26.1,0.776,11.8,32.7,44.5,19.4,8.1,4.8,15.3,24.5,106.6,FALSE
2017,23,Los Angeles Lakers,82,19705,39.9,88.6,0.45,9,26.1,0.346,30.8,62.5,0.493,17.3,22.9,0.754,11.5,32.6,44.1,21.2,8.3,4,15.4,21,106,FALSE
2017,24,Detroit Pistons,82,19805,41.7,92.9,0.449,8,24.4,0.32999999999999996,33.6,68.5,0.492,14.5,20.2,0.719,11.6,36.2,47.8,22.1,7.3,4,12.4,18.7,106,FALSE
2017,25,Dallas Mavericks,82,19780,39,88.8,0.44,11.6,32.5,0.355,27.5,56.3,0.48900000000000005,16,19.9,0.801,8.5,33.1,41.6,22.4,8.1,4,12.8,20.6,105.6,FALSE
2017,26,New Orleans Pelicans,82,19905,39.5,87.7,0.45,9.4,27,0.35,30,60.7,0.495,16.8,22.4,0.75,8.6,35.4,44.1,23,7.8,5.6,13,18.3,105.2,FALSE
2017,27,Atlanta Hawks,82,19880,38.7,85.8,0.451,9,26.5,0.34099999999999997,29.7,59.3,0.501,18.4,25.3,0.728,10.4,34.6,45.1,24,8.3,4.9,16,18.5,104.9,TRUE
2017,28,Brooklyn Nets,82,19755,37.2,83.8,0.444,10.5,31.1,0.33799999999999997,26.7,52.7,0.506,19.1,24.2,0.7879999999999999,8.7,34.5,43.2,21.1,7.1,4.6,16.3,20.7,104.1,FALSE
2017,29,Orlando Magic,82,19805,39.3,89.3,0.44,8.8,26.8,0.328,30.5,62.5,0.48800000000000004,16.4,21.9,0.747,10.1,34.2,44.3,22.8,7.3,5,13.7,19.8,103.7,FALSE
2017,30,Philadelphia 76ers,82,19830,37.9,85.9,0.442,10.2,30,0.33999999999999997,27.7,55.9,0.496,17.1,22.2,0.771,9.9,33.2,43.2,23.9,8.5,5.2,16.8,22,103.2,FALSE
2018,1,Houston Rockets,82,19755,39.5,86,0.46,15.6,43.2,0.362,23.9,42.8,0.558,20,25.7,0.7809999999999999,9.2,35.2,44.4,22,8.7,4.9,14.1,19.9,114.7,TRUE
2018,2,Toronto Raptors,82,19830,42,89.1,0.47200000000000003,12,33.6,0.358,30,55.5,0.541,17.7,22.2,0.7939999999999999,9.9,34.9,44.8,24.8,7.8,6.2,13.6,22.2,113.8,TRUE
2018,3,Golden State Warriors,82,19730,42.9,85.3,0.503,11.3,28.9,0.391,31.6,56.3,0.56,16.6,20.4,0.8150000000000001,8.4,35.1,43.6,29.3,8,7.5,15.5,19.6,113.6,TRUE
2018,4,Minnesota Timberwolves,82,19805,42.5,89.2,0.47600000000000003,8.3,23.3,0.357,34.2,65.9,0.519,20.1,25,0.804,10.7,32.7,43.4,23.5,8.7,4.4,12.9,18.9,113.4,TRUE
2018,5,Cleveland Cavaliers,82,19730,41.1,86.3,0.47600000000000003,12.2,32.7,0.372,28.9,53.6,0.54,18.5,23.7,0.779,8.6,34.3,42.9,23.8,7.2,3.9,14,18.9,112.9,TRUE
2018,6,Denver Nuggets,82,19880,41.6,88.6,0.47000000000000003,11.7,31.6,0.371,29.9,56.9,0.525,17.5,22.8,0.767,11.2,34.3,45.5,25.7,7.8,5,15.3,19.1,112.5,FALSE
2018,7,Oklahoma City Thunder,82,19830,40.9,90.4,0.453,11,31.2,0.354,29.9,59.2,0.505,17.8,24.8,0.716,12.8,33.4,46.2,21.9,9.3,5.2,14.4,20.7,110.7,TRUE
2018,8,Los Angeles Clippers,82,19705,40.7,86.4,0.47100000000000003,9.6,27.1,0.354,31.2,59.3,0.525,19.2,25.8,0.743,10.3,34.1,44.4,22.6,7.7,4.6,14.9,20.2,110.3,FALSE
2018,9,Milwaukee Bucks,82,19830,41,85.6,0.47800000000000004,9,25.4,0.355,31.9,60.1,0.531,18.8,24.1,0.7829999999999999,8.7,32.4,41.1,24,9.1,5.6,14.3,22,109.8,TRUE
2018,10,New Orleans Pelicans,82,19955,41.9,86.6,0.48300000000000004,10,27.7,0.362,31.9,59,0.54,15.8,20.5,0.772,8.5,35,43.5,26.3,7.9,5.8,14.6,18.8,109.6,TRUE
2018,11,Indiana Pacers,82,19755,42.3,89.6,0.47200000000000003,9.4,25.4,0.369,32.9,64.2,0.513,15.5,19.9,0.779,10,33.9,43.9,23,9.1,4.3,13.8,19.5,109.5,TRUE
2018,12,Philadelphia 76ers,82,19780,40.7,86.3,0.47200000000000003,11,29.7,0.369,29.8,56.6,0.526,17.1,22.7,0.752,10.9,36.4,47.3,27,8.3,5.1,16.4,22,109.5,TRUE
2018,13,Charlotte Hornets,82,19780,39.4,87.6,0.45,10.2,27.5,0.369,29.3,60.1,0.48700000000000004,20.4,27.3,0.747,10.2,35.8,46,21.8,6.9,4.6,12.8,17.4,109.4,FALSE
2018,14,Washington Wizards,82,19855,41,87.8,0.467,10.2,27.2,0.375,30.8,60.6,0.508,17.2,22.3,0.772,10.3,33.9,44.2,25.8,8.1,4.4,15,21.8,109.3,TRUE
2018,15,Portland Trail Blazers,82,19755,40.6,89.8,0.452,10.6,29.1,0.366,29.9,60.7,0.493,17.3,21.6,0.8,10.5,36.4,46.9,20.1,7.2,5.3,14,20.1,109.1,TRUE
2018,16,Utah Jazz,82,19755,39.8,86.3,0.462,11.3,30.8,0.366,28.6,55.5,0.515,17.5,22.4,0.779,9.4,35.6,45,23.3,9,5.3,15.3,20.4,108.4,TRUE
2018,17,San Antonio Spurs,82,19730,41,89.6,0.457,8.9,25.3,0.352,32.1,64.3,0.499,17,22,0.772,10.9,35.6,46.4,23.9,8,5.9,13.8,18,107.9,TRUE
2018,18,Boston Celtics,82,19805,39.6,88,0.45,11.8,31.4,0.377,27.8,56.6,0.491,16.5,21.4,0.771,9.7,36.3,46,23.2,7.6,4.7,14.5,20.4,107.6,TRUE
2018,19,Detroit Pistons,82,19805,40.4,89.8,0.45,11.2,29.9,0.373,29.2,59.9,0.48800000000000004,15.2,20.4,0.745,10.5,34.7,45.2,23.5,7.9,4,13.9,19,107.2,FALSE
2018,20,New York Knicks,82,19830,41.7,89.9,0.464,8.4,23.9,0.352,33.3,66,0.504,15.3,19.5,0.7869999999999999,10.7,34.4,45.1,23.9,6.9,5.3,15.1,21,107.1,FALSE
2018,21,Brooklyn Nets,82,19855,38.3,87,0.441,12.7,35.7,0.356,25.6,51.2,0.5,17.5,22.6,0.772,9.7,34.9,44.6,23.7,6.3,4.8,15.2,20.6,106.9,FALSE
2018,22,Miami Heat,82,19930,40.1,88.1,0.455,11.4,31.6,0.36,28.7,56.6,0.508,15.2,20.2,0.755,9.6,35.3,44.9,23.5,7.8,5.5,14.8,20.8,106.8,TRUE
2018,23,Los Angeles Lakers,82,19905,40.1,87.1,0.461,9.9,28.6,0.345,30.2,58.4,0.517,16.4,23,0.714,10.5,35.2,45.7,23.4,7.6,4.7,15.6,20.9,106.5,FALSE
2018,24,Dallas Mavericks,82,19805,39.6,89.2,0.444,12.3,34.1,0.36,27.4,55.2,0.496,14.8,19.4,0.763,8.4,34.4,42.9,23.5,7.3,3.9,12.8,20,106.3,FALSE
2018,25,Orlando Magic,82,19730,39.5,87.4,0.452,10.5,29.8,0.351,29,57.5,0.504,15.8,20.8,0.757,9,33.4,42.4,23.8,7.7,5,14.8,19.6,105.2,FALSE
2018,26,Atlanta Hawks,82,19705,38.8,87,0.446,11.4,31.5,0.36,27.4,55.4,0.495,16.1,20.5,0.7849999999999999,9.2,33.4,42.6,24.1,7.9,4.3,15.8,19.9,105,FALSE
2018,27,Memphis Grizzlies,82,19705,38.7,87.1,0.444,9.7,27.6,0.352,28.9,59.5,0.48600000000000004,17.5,22.2,0.7859999999999999,10,32.6,42.6,22.7,7.9,5.1,15.7,24.4,104.5,FALSE
2018,28,Chicago Bulls,82,19855,39,89.6,0.43500000000000005,11.1,31.3,0.355,27.8,58.2,0.47800000000000004,14.7,19.4,0.759,9.7,35.3,45,23.6,7.7,3.6,14.1,19.3,103.8,FALSE
2018,29,Sacramento Kings,82,19755,40.7,90.4,0.45,9.4,25.2,0.375,31.2,65.2,0.47900000000000004,12.9,17.6,0.735,9.9,33,42.9,22.6,8.2,4.4,14.4,21,103.7,FALSE
2018,30,Phoenix Suns,82,19705,38.3,86.7,0.442,9.3,27.8,0.33399999999999996,29,59,0.492,17.7,23.8,0.741,10.2,33.7,43.9,21.2,6.9,4.5,15.7,22,103.5,FALSE
2019,1,Golden State Warriors,82,19805,43.4,88.4,0.491,13.1,33.9,0.385,30.3,54.5,0.557,16.1,20.1,0.801,9.6,35.9,45.5,29,7.5,6.3,14,21.1,115.9,TRUE
2019,2,Houston Rockets,82,19830,39.8,88.6,0.449,16.4,46,0.356,23.4,42.6,0.551,19.6,24.7,0.7909999999999999,10.3,32.3,42.7,21.5,8.7,5,13.5,22.3,115.5,TRUE
2019,3,Portland Trail Blazers,82,19855,42.3,90.6,0.467,11,30.7,0.359,31.3,59.8,0.523,19,23.3,0.8140000000000001,11.8,36.2,48,23,6.7,5,13.8,20.4,114.7,TRUE
2019,4,Milwaukee Bucks,82,19780,41.8,87.8,0.47600000000000003,13,36.8,0.353,28.8,50.9,0.5650000000000001,17.3,22.4,0.773,9,39,47.9,25.1,7.2,5.7,13.4,18.9,113.8,TRUE
2019,5,Toronto Raptors,82,19880,41.7,88.1,0.47400000000000003,12.2,33.4,0.366,29.5,54.7,0.539,17.5,21.7,0.804,9.5,35.2,44.7,25.1,8.2,5.3,13.9,20.8,113.1,TRUE
2019,6,Denver Nuggets,82,19730,42.8,91.9,0.466,11.2,32,0.351,31.6,59.9,0.527,16.1,21.3,0.755,12.1,35.3,47.3,27.9,7.9,4.5,13.7,20.5,113,TRUE
2019,7,San Antonio Spurs,82,19805,42.8,89.4,0.47800000000000004,10,25.5,0.392,32.7,63.8,0.513,17.4,21.2,0.8190000000000001,9.3,35.9,45.2,24.8,6.2,4.8,12.2,18.3,112.9,TRUE
2019,8,Philadelphia 76ers,82,19805,40.6,86.2,0.47100000000000003,10.6,29.5,0.359,30,56.7,0.529,20.8,26.9,0.771,10.6,36.1,46.7,26.3,7.2,5.2,14.6,20.8,112.6,TRUE
2019,9,Los Angeles Clippers,82,19830,40.3,85.4,0.47100000000000003,9.8,25.2,0.388,30.5,60.2,0.507,22.1,27.8,0.7919999999999999,9.5,34.9,44.4,23.4,6.7,4.6,14.2,22.8,112.4,TRUE
2019,10,Boston Celtics,82,19780,42,90.4,0.465,12.6,34.4,0.365,29.5,55.9,0.527,15.6,19.5,0.802,9.8,34.7,44.5,26.2,8.6,5.3,12.8,20.3,112.2,TRUE
2019,11,Charlotte Hornets,82,19830,40.4,90.3,0.448,12,34.1,0.351,28.4,56.1,0.507,18.5,23.2,0.7969999999999999,10,34.1,44,23.4,7.2,5,12.3,19,111.4,FALSE
2019,12,New Orleans Pelicans,82,19755,42.1,89,0.47300000000000003,9.9,28.8,0.344,32.2,60.2,0.536,17.2,22.6,0.761,10.7,34.9,45.6,26.1,7.2,5.2,14.3,20.4,111.4,FALSE
2019,13,Minnesota Timberwolves,82,19830,41.2,90.4,0.456,10,28.5,0.351,31.2,61.9,0.504,19,24.1,0.7869999999999999,11.2,33.2,44.4,24.4,8.3,5,13,20.1,111.4,FALSE
2019,14,Washington Wizards,82,19930,41.1,87.8,0.468,11,32.4,0.34099999999999997,30,55.3,0.543,17.9,23.3,0.768,9.4,31.8,41.3,25.6,8.1,4.5,13.7,20.2,111.1,FALSE
2019,15,Utah Jazz,82,19755,40.1,85.8,0.468,12,33.8,0.356,28.1,52,0.541,18.7,25.3,0.736,9.9,36.1,46,25.8,8,5.8,15,20.9,110.9,TRUE
2019,16,Sacramento Kings,82,19730,41.8,90.1,0.464,10.9,29,0.378,30.8,61.1,0.504,16,22,0.726,10.7,33.2,43.9,24.6,8,4.3,12.9,20.7,110.4,FALSE
2019,17,Oklahoma City Thunder,82,19855,41.1,90.6,0.454,11,31.5,0.348,30.1,59.1,0.51,17.2,24.1,0.713,12.1,34.2,46.3,22.5,9,5,13.5,21.6,110.3,TRUE
2019,18,Indiana Pacers,82,19705,42.1,88.6,0.47500000000000003,9.7,25.8,0.374,32.4,62.7,0.517,16.1,21.4,0.752,9.5,34.3,43.8,26.4,8.8,5,13.9,19.8,109.9,TRUE
2019,19,Brooklyn Nets,82,19980,39.3,87.6,0.449,12.5,35.3,0.353,26.8,52.3,0.513,18.5,24.9,0.745,10.7,34.8,45.5,23.3,6.4,4,14.7,21,109.6,TRUE
2019,20,Dallas Mavericks,82,19780,39,87.3,0.447,12.5,36.8,0.33999999999999997,26.5,50.5,0.524,18.9,25.5,0.742,10.2,35.4,45.6,23.5,6.5,4.3,14.3,20.2,109.4,FALSE
2019,21,Detroit Pistons,82,19855,39.5,89.9,0.44,12.3,35.4,0.348,27.2,54.4,0.5,17.6,23.5,0.747,11.6,34.2,45.8,22.9,7.1,4.1,14.1,22.5,109,TRUE
2019,22,Orlando Magic,82,19780,41,90.4,0.454,11.6,32.6,0.356,29.4,57.8,0.509,15.2,19.5,0.7819999999999999,10.2,35.9,46.1,25.9,6.7,5.5,13.4,18.9,108.9,TRUE
2019,23,Atlanta Hawks,82,19855,39.5,87.6,0.451,12.4,35.3,0.352,27.1,52.2,0.518,16.8,22.3,0.752,11.1,32.9,44,24.6,7.9,4.9,16.3,22.5,108.1,FALSE
2019,24,Los Angeles Lakers,82,19780,41.1,87.3,0.47000000000000003,10,29.9,0.33299999999999996,31.1,57.4,0.541,15.7,22.5,0.699,9.8,35.1,44.9,24.7,7.3,5.2,15.1,20,107.8,FALSE
2019,25,Cleveland Cavaliers,82,19755,40.1,90.3,0.444,10.6,30,0.355,29.4,60.3,0.48800000000000004,16.9,21.3,0.7919999999999999,11,32.9,44,21.3,6.7,2.5,13.9,20.6,107.7,FALSE
2019,26,Miami Heat,82,19730,40.3,89.4,0.45,11.5,32.9,0.349,28.8,56.5,0.509,15.3,22.1,0.695,11.4,35.6,47.1,24.7,7.8,5.5,15,21.2,107.3,FALSE
2019,27,Memphis Grizzlies,82,19880,38.9,86.5,0.45,10.1,29.6,0.34199999999999997,28.8,56.9,0.505,18.2,23.5,0.772,9,33.8,42.8,24.5,8.5,5.6,14.3,22.5,106.1,FALSE
2019,28,Phoenix Suns,82,19880,39.5,86,0.459,9.5,28.8,0.329,30,57.2,0.525,17.4,22.3,0.779,9,30.8,39.8,23.5,8.8,5,15.4,23.2,105.9,FALSE
2019,29,Chicago Bulls,82,19905,39.8,87.8,0.453,9.1,25.9,0.351,30.7,61.9,0.496,16.2,20.6,0.7829999999999999,8.7,34.1,42.8,21.9,7.3,4.3,14.1,20.3,104.8,FALSE
2019,30,New York Knicks,82,19780,38.2,88.2,0.43300000000000005,10,29.5,0.33999999999999997,28.2,58.7,0.47900000000000004,18.1,23.8,0.759,10.4,34.2,44.7,20.1,6.8,5.1,14,20.9,104.5,FALSE
2020,1,Dallas Mavericks,75,18175,41.5,90,0.461,15.1,41.1,0.367,26.4,48.9,0.541,18.5,23.8,0.779,10.5,36.3,46.8,24.6,6.1,4.8,12.7,19.4,116.7,TRUE
2020,2,Los Angeles Clippers,72,17380,40.7,87.4,0.466,12.2,32.8,0.371,28.5,54.6,0.522,20.4,25.8,0.7909999999999999,10.4,36.2,46.7,23.2,6.9,4.6,14.3,21.7,113.9,TRUE
2020,3,Portland Trail Blazers,74,17835,41.7,90.2,0.463,12.7,33.7,0.377,29,56.4,0.514,17.5,21.8,0.804,10.1,34.7,44.8,20.4,6.2,6,12.6,21.5,113.7,TRUE
2020,4,Boston Celtics,72,17430,41.1,89.3,0.461,12.5,34.4,0.364,28.6,54.8,0.522,18.5,23.1,0.801,10.6,35.3,45.9,22.9,8.2,5.6,13.8,21.5,113.3,TRUE
2020,5,Denver Nuggets,73,17745,42.7,90.4,0.47300000000000003,11.2,31.1,0.359,31.6,59.2,0.533,16.5,21.3,0.777,10.9,33.9,44.9,27.2,8.2,4.7,14,20.7,113.1,TRUE
2020,6,Houston Rockets,72,17380,39.1,86.7,0.451,15,43.4,0.345,24.1,43.3,0.557,19.8,25,0.7909999999999999,9.4,33.1,42.4,20.7,8.3,4.9,14.1,20.8,112.9,TRUE
2020,7,Miami Heat,73,17745,39.6,84.7,0.468,13.5,35.5,0.379,26.1,49.2,0.532,19.8,25.3,0.7829999999999999,8.5,36,44.5,26,7.5,4.6,15,20.6,112.5,TRUE
2020,8,San Antonio Spurs,71,17215,41.6,88.1,0.47200000000000003,10.5,28,0.376,31,60.1,0.516,18.7,23.1,0.81,8.9,35.1,44,24.3,7.2,5.4,12.4,19.1,112.4,FALSE
2020,9,Milwaukee Bucks,73,17595,41,86.1,0.47600000000000003,13.1,36.9,0.355,27.9,49.3,0.5670000000000001,17.3,23.4,0.742,9,40,49,24.5,6.8,5.6,14.3,18.6,112.4,TRUE
2020,10,Utah Jazz,72,17355,40.5,85.9,0.47100000000000003,13.5,35.6,0.38,27,50.4,0.535,17.9,23,0.779,9.2,36.1,45.3,22.6,6.1,4.1,15.3,20.6,112.3,TRUE
2020,11,Los Angeles Lakers,71,17090,41.8,87.2,0.48000000000000004,10.9,31.2,0.349,30.9,56,0.552,17.5,24,0.729,10.5,34.6,45.2,25.1,8.5,6.5,15,20.5,112,TRUE
2020,12,Phoenix Suns,73,17595,40.5,86.5,0.468,11.2,31.2,0.358,29.3,55.3,0.529,19.5,23.4,0.8340000000000001,9.6,33.2,42.8,26.7,7.5,3.9,14.5,21.7,111.7,FALSE
2020,13,Philadelphia 76ers,73,17595,41.3,88.4,0.468,11.7,31.8,0.368,29.6,56.6,0.524,17,22.6,0.755,10.5,35.2,45.7,26,8.1,5.4,14.3,21.1,111.3,TRUE
2020,14,Toronto Raptors,72,17380,39.6,86.6,0.458,13.6,36.4,0.374,26,50.2,0.519,18.2,22.9,0.7959999999999999,9.4,35.3,44.7,24.9,8.7,4.9,14.6,21.3,111.1,TRUE
2020,15,Washington Wizards,72,17355,40.3,88.1,0.457,11.6,31.6,0.368,28.6,56.6,0.506,18.8,23.8,0.7879999999999999,9.9,30.9,40.8,24.3,7.7,4.2,13.7,22,110.9,FALSE
2020,16,Oklahoma City Thunder,72,17430,40.1,85.8,0.468,10.7,30.3,0.355,29.4,55.6,0.529,19.8,24.9,0.7959999999999999,8.3,34.8,43,21.8,7.7,4.9,13.7,19.4,110.8,TRUE
2020,17,New Orleans Pelicans,72,17430,40.7,87.6,0.465,13,35.3,0.37,27.6,52.3,0.528,16.3,22.4,0.729,10.6,33.9,44.4,25.6,7.2,4.8,15.7,20.2,110.7,FALSE
2020,18,Sacramento Kings,72,17455,40.9,88.4,0.462,12.7,34.9,0.364,28.2,53.5,0.527,15.7,20.3,0.77,9.7,33,42.6,23.8,7.7,4.1,14.5,22.2,110.2,FALSE
2020,19,Indiana Pacers,73,17620,42.3,88.9,0.47600000000000003,10.2,28.2,0.363,32.1,60.7,0.529,15.1,19.2,0.7869999999999999,8.8,34.3,43,26,7.5,5.2,13.3,19.9,110,TRUE
2020,20,Memphis Grizzlies,73,17570,41.3,88.1,0.468,10.6,30.5,0.347,30.7,57.6,0.532,16.1,21.1,0.763,10,35.1,45.1,26.1,7.7,5.3,14.8,20.5,109.2,FALSE
2020,21,Detroit Pistons,66,15965,40,87.2,0.459,12.2,33.2,0.367,27.8,53.9,0.515,16.9,22.7,0.743,9.9,32.5,42.4,24.5,7.5,4.6,15.5,20,109,FALSE
2020,22,Brooklyn Nets,72,17480,39.4,88,0.448,12.7,37.2,0.34299999999999997,26.6,50.8,0.524,17.5,23.4,0.745,10.4,36.3,46.7,23.8,6.3,4.4,14.9,20.4,108.9,TRUE
2020,23,Orlando Magic,73,17570,39.8,89.6,0.444,11.2,32.6,0.34299999999999997,28.6,57,0.502,17.8,22.9,0.774,10.4,34.6,45,24.2,8.3,5.5,13,18.5,108.5,TRUE
2020,24,Minnesota Timberwolves,64,15560,38.6,87.5,0.441,12.7,37.9,0.33599999999999997,25.9,49.6,0.521,18.2,24.2,0.753,10.1,32.7,42.8,22.7,8.3,5.4,14.6,20.4,108.1,FALSE
2020,25,Cleveland Cavaliers,65,15725,40.5,88.4,0.458,11.2,32,0.351,29.3,56.4,0.519,15.2,20,0.758,10.9,33.6,44.5,23.2,6.9,3.3,16.6,18.4,107.5,FALSE
2020,26,Atlanta Hawks,67,16280,39,86.8,0.449,11.5,34.6,0.33299999999999996,27.4,52.2,0.525,17.7,22.4,0.7899999999999999,9.5,32,41.5,23,7.5,4.9,15.5,22.2,107.2,FALSE
2020,27,Chicago Bulls,65,15675,39.5,88.5,0.447,12.2,35.1,0.348,27.3,53.5,0.511,15.5,20.5,0.755,10.4,31.4,41.8,23.2,10,4.1,15.4,21.8,106.7,FALSE
2020,28,New York Knicks,66,15965,40.2,89.9,0.447,9.6,28.5,0.33699999999999997,30.6,61.4,0.499,16.4,23.6,0.694,12.1,34.7,46.8,22.2,7.7,4.8,14.4,22.3,106.5,FALSE
2020,29,Charlotte Hornets,65,15750,38.6,88.8,0.43400000000000005,12.5,35.5,0.352,26.1,53.4,0.48900000000000005,16.7,22.4,0.748,11.4,32.9,44.2,24.6,6.8,4.3,15.1,19.5,106.3,FALSE
2020,30,Golden State Warriors,65,15725,38.2,87.2,0.43800000000000006,10.3,30.9,0.33399999999999996,27.9,56.3,0.495,18.5,23,0.803,9.8,32.5,42.4,25.3,8.1,4.5,14.7,19.8,105.2,FALSE
2021,1,Brooklyn Nets,72,17405,43,87.1,0.494,14.1,36,0.392,28.9,51.1,0.5650000000000001,18.1,22.5,0.804,8.9,35.5,44.3,26.7,6.7,5.3,13.5,19,118.3,TRUE
2021,2,Portland Trail Blazers,72,17305,41.9,92.4,0.453,16,41.4,0.385,25.9,51,0.509,18.1,22,0.8230000000000001,10.8,34.4,45.2,21.6,7,5.1,11.3,19.2,117.8,TRUE
2021,3,Utah Jazz,72,17355,41.7,89,0.468,16.9,43.5,0.389,24.8,45.6,0.544,17.3,21.7,0.7989999999999999,10.7,38,48.8,23.9,6.7,5.2,14.4,18.7,117.6,TRUE
2021,4,Los Angeles Clippers,72,17280,43.1,89.4,0.48200000000000004,14.7,35.8,0.41100000000000003,28.4,53.6,0.529,16.7,19.9,0.8390000000000001,9.7,35.8,45.5,25.2,7.3,4.2,13.6,19.8,117.6,TRUE
2021,5,Milwaukee Bucks,72,17330,43.6,89.6,0.48700000000000004,14.1,36.2,0.389,29.6,53.4,0.554,15.8,20.9,0.76,10,36.9,46.9,24.9,7.9,4.5,13.5,16.9,117.2,TRUE
2021,6,Phoenix Suns,72,17480,44,89.8,0.49,13.3,35.2,0.378,30.8,54.6,0.5630000000000001,15.9,19,0.8340000000000001,8.9,34.8,43.7,27.4,7.3,4.4,12.7,19.4,117.2,TRUE
2021,7,Denver Nuggets,72,17480,44,90.8,0.48500000000000004,13.1,34.8,0.377,30.9,56,0.552,16,19.9,0.803,10.7,34.5,45.2,27.3,8.2,4.6,13.7,19.4,117.1,TRUE
2021,8,Atlanta Hawks,72,17405,41.5,88.8,0.468,12.6,33.9,0.373,28.9,54.8,0.526,20,24.7,0.812,10.7,35.7,46.4,24.5,7.1,4.8,13.5,19.7,115.7,TRUE
2021,9,Dallas Mavericks,72,17305,42.2,89.6,0.47000000000000003,14.2,39.1,0.362,28,50.5,0.554,16.9,21.7,0.778,9.4,35.1,44.5,23.5,6.4,4.4,12.4,19.9,115.4,TRUE
2021,10,Boston Celtics,72,17380,42,90,0.466,13.8,36.8,0.374,28.2,53.2,0.53,16.3,21,0.775,10.8,34,44.8,23.7,7.8,5.4,14.2,20.7,114,TRUE
2021,11,Sacramento Kings,72,17305,42.5,88.5,0.48100000000000004,12.1,33.3,0.364,30.4,55.2,0.551,16.4,22,0.745,9.3,32,41.3,25.5,7.5,5,13.4,19.4,113.6,FALSE
2021,12,New Orleans Pelicans,72,17430,42.1,88.2,0.47700000000000004,10.5,30.1,0.348,31.6,58.1,0.544,18.8,25.8,0.729,11.6,35.3,47,25.8,7.5,4.3,14.5,17.8,113.5,FALSE
2021,13,Philadelphia 76ers,72,17430,41.2,86.6,0.47600000000000003,11.2,30,0.374,30,56.6,0.531,19.5,25.4,0.767,10,34.9,44.9,23.6,9.1,6.2,14.4,20.1,113.2,TRUE
2021,14,Indiana Pacers,72,17455,42.2,88.9,0.47400000000000003,12,33.1,0.364,30.1,55.8,0.54,16,20.2,0.7919999999999999,8.8,32.8,41.6,26.7,8.3,6.2,13.2,19.7,112.4,FALSE
2021,15,Toronto Raptors,72,17305,40,89.3,0.448,14.6,39.6,0.368,25.4,49.7,0.512,17.5,21.5,0.8150000000000001,9.5,32.4,41.9,24.3,8.6,5.4,13.3,21.3,112,FALSE
2021,16,Memphis Grizzlies,72,17405,42.4,90.8,0.467,11,31,0.356,31.3,59.8,0.525,16.3,21.1,0.771,11,34.9,46,26.6,9,5,13.1,18.5,112,TRUE
2021,17,Washington Wizards,72,17405,41.2,86.7,0.47500000000000003,9.7,27.7,0.351,31.5,59.1,0.533,19.2,25,0.769,9.2,33.9,43.1,24.3,7,3.9,13.7,20.6,111.2,TRUE
2021,18,Miami Heat,72,17380,40.4,86.2,0.468,13.3,37.2,0.358,27,48.9,0.553,17.2,21.7,0.7899999999999999,8.3,34.4,42.7,27.1,8.1,4.1,14.5,19.5,111.2,TRUE
2021,19,Golden State Warriors,72,17305,40.3,86.1,0.468,14.2,37.9,0.376,26.1,48.3,0.541,16.2,20.6,0.7849999999999999,7.8,34.3,42,27,8,4.6,14.7,20.7,111.1,FALSE
2021,20,Chicago Bulls,72,17380,42.3,89,0.47600000000000003,12.6,34.1,0.37,29.7,54.9,0.542,13.9,17.5,0.7909999999999999,9.7,35.5,45.1,26.9,6.7,4.2,15.2,19,111.1,FALSE
2021,21,San Antonio Spurs,72,17480,41.8,90.5,0.462,9.9,28.4,0.35,31.9,62.1,0.514,17.4,22,0.7919999999999999,9.3,34.6,43.8,24.4,7,5.1,11.4,17.9,111,FALSE
2021,22,Charlotte Hornets,72,17355,40.4,89,0.455,13.9,37.5,0.369,26.6,51.5,0.517,16.1,21.2,0.761,10.7,33.6,44.3,27.2,7.9,4.8,15,18.2,110.9,FALSE
2021,23,New York Knicks,72,17430,40.7,89.3,0.456,12.2,31,0.392,28.6,58.3,0.49,17,21.6,0.7839999999999999,10,36.7,46.6,22.1,7.3,5.2,13.4,21.1,110.6,TRUE
2021,24,Los Angeles Lakers,72,17455,40.8,86.4,0.47200000000000003,11.1,31.3,0.354,29.7,55,0.539,17.3,23.4,0.739,9.7,34.7,44.4,24.7,7.8,5.4,15.3,19.2,109.9,TRUE
2021,25,Minnesota Timberwolves,72,17405,39.8,88.8,0.448,12.8,36.7,0.349,27,52.1,0.518,17.2,22.6,0.761,10.3,32.2,42.5,25,8.6,5.4,13.9,20.4,109.5,FALSE
2021,26,Detroit Pistons,72,17430,39.2,86.7,0.452,11.7,33.3,0.351,27.5,53.4,0.515,18,23.7,0.759,9.8,33.5,43.3,24.5,7.5,5.2,15.1,20.8,108,FALSE
2021,27,Houston Rockets,72,17305,38.6,87.1,0.444,13.6,40,0.33899999999999997,25.1,47.2,0.532,16.3,22,0.74,9.2,32.8,41.9,23.2,7.5,4.9,14.5,19.2,107.1,FALSE
2021,28,Cleveland Cavaliers,72,17430,39.3,87.4,0.45,10.2,30.3,0.33599999999999997,29.1,57.1,0.51,17,22.8,0.743,10.6,32.9,43.5,24.3,7.9,4.6,15.8,18.5,105.8,FALSE
2021,29,Orlando Magic,72,17330,38.7,90.2,0.42900000000000005,11,32.1,0.34299999999999997,27.7,58,0.47600000000000003,16.8,21.7,0.775,10.5,35.4,45.9,22.1,7,4.5,13,17.4,105.1,FALSE
2021,30,Oklahoma City Thunder,72,17355,38.3,86.8,0.441,11.7,34.6,0.33899999999999997,26.5,52.2,0.509,15.2,21,0.725,9.8,35.2,45,21.7,6.9,4.3,15.9,17.9,103.5,FALSE
2022,1,Utah Jazz,82,19730,41.7,88.5,0.47100000000000003,14.9,41.4,0.36,26.7,47.1,0.5680000000000001,18.4,24,0.767,11.1,36.5,47.6,23,7.4,5,14.4,19.4,116.7,TRUE
2022,2,Atlanta Hawks,82,19705,42.4,90.3,0.47000000000000003,13.2,35.2,0.374,29.2,55.1,0.531,18.5,22.8,0.812,10.3,34.7,45,25.2,7.3,4.3,12.1,19.1,116.5,TRUE
2022,3,Milwaukee Bucks,82,19755,41.7,89.1,0.468,14,38.3,0.366,27.7,50.8,0.544,17.7,22.9,0.776,10.2,36.3,46.6,23.8,7.6,4,13.4,18.2,115.1,TRUE
2022,4,Phoenix Suns,82,19730,43.7,90.1,0.48500000000000004,11.6,31.9,0.364,32.1,58.2,0.551,15.9,19.9,0.7969999999999999,9.8,35.5,45.3,27.4,8.6,4.4,12.9,19.9,114.8,TRUE
2022,5,Memphis Grizzlies,82,19780,43.2,93.6,0.461,11.4,32.4,0.353,31.8,61.2,0.519,16.8,23,0.734,14,34.7,48.8,25.8,9.7,6.4,13.1,19.6,114.6,TRUE
2022,6,Denver Nuggets,82,19805,42.3,87.7,0.48300000000000004,12.9,36.5,0.353,29.4,51.2,0.5750000000000001,17,21.4,0.7949999999999999,9.3,35.5,44.8,28.2,7.3,3.8,14.7,20.3,114.5,TRUE
2022,7,Boston Celtics,82,19905,41.7,89.5,0.466,13.5,38,0.356,28.2,51.5,0.547,17.4,21.4,0.8160000000000001,10.8,36.4,47.2,25.4,7.4,6,14,19,114.4,TRUE
2022,8,Minnesota Timberwolves,82,19780,41,89.7,0.457,14.6,40.7,0.358,26.5,49,0.54,17.7,22.8,0.778,11.1,32.5,43.5,25.3,8.7,5.5,14.1,21.5,114.3,TRUE
2022,9,Charlotte Hornets,82,19880,42.3,90.5,0.468,13.8,37.8,0.365,28.5,52.7,0.542,15.7,21.2,0.74,10.7,33.4,44.1,27.8,8.5,4.9,13.1,19.7,114.1,FALSE
2022,10,Miami Heat,82,19855,40.9,87.6,0.467,14,37,0.379,26.9,50.6,0.531,17.8,22.1,0.808,10.2,35,45.2,26.3,7.6,3.3,15,21.2,113.7,TRUE
2022,11,Brooklyn Nets,82,19755,42.2,89,0.47500000000000003,11.5,31.9,0.361,30.7,57,0.538,17.6,21.9,0.805,10.4,34.3,44.7,25.4,7.1,5.5,14.1,20.5,113.6,TRUE
2022,12,Philadelphia 76ers,82,19805,40.7,87.3,0.466,12,32.8,0.364,28.7,54.4,0.527,20.2,24.6,0.8210000000000001,8.8,34.9,43.7,24.5,8,5.5,12.9,20,113.5,TRUE
2022,13,Chicago Bulls,82,19730,42.3,88.2,0.48000000000000004,10.8,29.3,0.369,31.6,58.9,0.535,17.8,21.9,0.8130000000000001,8.8,34.2,42.9,24.2,7.2,4.2,13,19.1,113.2,TRUE
2022,14,Toronto Raptors,82,19855,41.9,94.3,0.445,12.3,35.3,0.349,29.6,58.9,0.503,16.7,22,0.759,13.8,33,46.8,22.8,9.3,4.7,12.9,20.2,112.9,TRUE
2022,15,Dallas Mavericks,82,19755,41,88.9,0.461,13.7,39,0.35,27.4,49.9,0.548,17.1,22.2,0.771,9.7,35.3,44.9,24.4,7,4.1,13.1,20.5,112.8,TRUE
2022,16,Indiana Pacers,82,19880,41.9,90.4,0.463,12.3,35.7,0.344,29.6,54.7,0.541,16.6,21.6,0.768,11.4,32.9,44.3,25.6,7.2,5.6,14.6,20.6,112.6,FALSE
2022,17,Golden State Warriors,82,19730,41.1,87.6,0.46900000000000003,14.5,39.9,0.364,26.5,47.6,0.557,15.8,20.6,0.769,9.9,36.2,46.1,27.5,8.9,4.6,15.1,21.3,112.5,TRUE
2022,18,San Antonio Spurs,82,19805,43,92.1,0.467,11.2,31.8,0.352,31.7,60.3,0.527,15.3,20.3,0.754,10.9,34.1,45,27.7,7.6,4.9,12.6,18,112.4,FALSE
2022,19,New Orleans Pelicans,82,19755,41.2,90.1,0.457,10.9,32.8,0.33199999999999996,30.2,57.3,0.528,18.8,23.8,0.7889999999999999,12.3,34.1,46.3,25.6,8.5,4.1,14.4,20.1,112,TRUE
2022,20,Cleveland Cavaliers,82,19730,41.2,87.8,0.46900000000000003,12.1,34,0.355,29.1,53.8,0.541,17.4,22.9,0.76,10.6,35.3,45.9,26.1,7.3,4.3,14.9,18.1,111.9,FALSE
2022,21,Washington Wizards,82,19830,41.5,88,0.47200000000000003,10.7,31.3,0.34199999999999997,30.8,56.7,0.543,17.4,22.2,0.7829999999999999,9.2,34.9,44.1,25.6,6.5,5.1,13.4,19.3,111.1,FALSE
2022,22,New York Knicks,82,19780,39.1,89.4,0.43700000000000006,13.7,38.3,0.357,25.4,51.1,0.497,18.6,25,0.744,11.9,35.9,47.8,22.7,7.2,5,13.7,21.1,110.4,FALSE
2022,23,Los Angeles Lakers,82,19980,41,87.3,0.46900000000000003,11.8,33.9,0.347,29.2,53.4,0.546,16.6,22.6,0.732,9.4,33.9,43.3,23.6,7.5,5.1,14.3,19.8,110.3,FALSE
2022,24,Los Angeles Clippers,82,19780,40.7,88.8,0.458,13,34.7,0.374,27.7,54.1,0.512,15.8,19.9,0.7929999999999999,9.3,35.4,44.7,24.4,7.5,5,13.9,18.9,110.1,FALSE
2022,25,Sacramento Kings,82,19805,40.3,87.7,0.46,11.4,33.1,0.344,29,54.7,0.53,17.8,23.2,0.768,9.5,33.2,42.8,23.6,7.1,4.5,14,18.9,109.9,FALSE
2022,26,Houston Rockets,82,19755,38.9,85.3,0.456,13.3,38.2,0.349,25.6,47.1,0.543,17.3,24.2,0.713,9.5,32,41.5,23.3,7.2,4.6,16.3,20.4,108.4,FALSE
2022,27,Portland Trail Blazers,82,19730,39.1,88.4,0.442,12.9,37.4,0.346,26.2,51.1,0.513,16.7,21.9,0.76,10.6,32.9,43.5,23.3,8.1,4.5,14.7,21.4,107.8,FALSE
2022,28,Detroit Pistons,82,19780,38.6,89.6,0.43100000000000005,11.4,35,0.326,27.2,54.6,0.498,17.4,22.3,0.7819999999999999,11.1,32.4,43.5,23.7,7.8,4.8,14.3,22.2,106,FALSE
2022,29,Oklahoma City Thunder,82,19805,38.6,89.9,0.43000000000000005,12.2,37.7,0.323,26.4,52.2,0.507,15.2,20.1,0.756,10.5,35.5,46,22.4,7.6,4.7,14.1,18.4,104.6,FALSE
2022,30,Orlando Magic,82,19780,38.4,88.5,0.43400000000000005,12.2,36.9,0.33099999999999996,26.2,51.6,0.507,15.5,19.7,0.7869999999999999,9.1,35.3,44.4,23.8,6.8,4.5,14.5,19.7,104.5,FALSE
2023,1,Sacramento Kings,82,19830,43.1,87.3,0.494,13.6,36.9,0.369,29.5,50.3,0.586,19.6,24.8,0.7899999999999999,9.4,32.6,42,27,6.9,3.3,13.3,19.5,119.4,TRUE
2023,2,Boston Celtics,82,19980,42.2,88.8,0.47500000000000003,16,42.6,0.377,26.2,46.2,0.5670000000000001,17.5,21.6,0.812,9.7,35.6,45.3,26.7,6.4,5.2,13.4,18.8,118,TRUE
2023,3,New York Knicks,82,19955,42.6,90.7,0.47000000000000003,12.8,36.3,0.354,29.8,54.5,0.547,19.7,25.8,0.761,12.8,34.6,47.3,23.3,6.5,4.2,13.2,20.6,117.8,TRUE
2023,4,Philadelphia 76ers,82,19880,41.7,85.6,0.48700000000000004,12.9,33.3,0.387,28.8,52.3,0.551,21.4,25.6,0.8350000000000001,8.9,32.9,41.8,25.7,7.9,4.8,14,20.9,117.7,TRUE
2023,5,Denver Nuggets,82,19755,44.2,87.8,0.504,12,31.7,0.379,32.3,56.1,0.5750000000000001,17.1,22.7,0.751,10.3,33.4,43.7,29.3,7.7,4.6,14.8,18.9,117.6,TRUE
2023,6,Dallas Mavericks,82,19930,40.9,86.2,0.47500000000000003,15.5,41.9,0.371,25.4,44.2,0.5740000000000001,19.4,25.7,0.755,7.8,31.9,39.7,23.4,6.4,3.8,12.5,21.2,116.8,FALSE
2023,7,Atlanta Hawks,82,19855,43.9,90.9,0.48300000000000004,10.6,30.1,0.352,33.3,60.9,0.548,18.2,22.2,0.8180000000000001,11,32.6,43.7,24.6,7,4.8,12.7,18.5,116.6,TRUE
2023,8,Cleveland Cavaliers,82,19880,43,88.1,0.48800000000000004,12,32.7,0.367,31,55.4,0.559,18.2,23.3,0.7799999999999999,10,32.5,42.5,25.8,7.4,4.8,13.8,19.7,116.1,TRUE
2023,9,Golden State Warriors,82,19830,42.1,88,0.47900000000000004,16.2,42.2,0.385,25.9,45.9,0.5640000000000001,15.6,19.7,0.7939999999999999,10.3,33.3,43.6,29.1,7,3.8,15.9,20.9,116.1,TRUE
2023,10,Utah Jazz,82,19805,42,88.8,0.47300000000000003,13.2,37.4,0.353,28.8,51.4,0.56,18.5,23.6,0.7859999999999999,11.7,33.7,45.4,25.7,6,5.2,15.2,20.2,115.8,FALSE
2023,11,Toronto Raptors,82,19805,42.9,93.5,0.459,11,32.8,0.33499999999999996,31.9,60.7,0.525,18.8,24,0.7839999999999999,13,31,44,24.5,9.6,5.3,11.9,20.5,115.5,FALSE
2023,12,Milwaukee Bucks,82,19830,42.2,89.2,0.47300000000000003,14.7,39.8,0.368,27.5,49.4,0.557,16.4,22.1,0.743,11,37,48,25.5,6.3,4.9,14.4,17.8,115.4,TRUE
2023,13,Oklahoma City Thunder,82,19855,42.3,90.8,0.465,11.9,33.5,0.356,30.4,57.3,0.53,18.8,23.3,0.809,11.2,31.6,42.8,23.9,8.1,4.1,12.8,20.6,115.2,FALSE
2023,14,Memphis Grizzlies,82,19780,43,90.6,0.47500000000000003,11.8,33.7,0.351,31.2,56.9,0.548,17.2,23.5,0.733,11.9,34,45.9,25.6,8.2,5.7,13.4,19.7,115.1,TRUE
2023,15,Phoenix Suns,82,19780,42.7,91.3,0.467,12.4,33,0.374,30.3,58.2,0.52,17.4,22,0.7929999999999999,12,32.8,44.8,27.6,7.2,5.3,13.7,21.5,115.1,TRUE
2023,16,Los Angeles Clippers,82,19830,41.6,87.2,0.47700000000000004,12.9,33.8,0.381,28.8,53.4,0.539,18.9,24.2,0.7809999999999999,9.9,33.9,43.8,24.2,7.2,4.5,14.4,19.7,115,TRUE
2023,17,Brooklyn Nets,82,19730,42,86.3,0.48700000000000004,13,34.3,0.378,29.1,52,0.559,17.9,22.4,0.8,8.3,32.8,41.1,25.9,7.2,6.3,13.9,21.4,115,TRUE
2023,18,Portland Trail Blazers,82,19730,40.9,86.4,0.47400000000000003,13,35.7,0.365,27.9,50.7,0.55,19.9,24.9,0.7959999999999999,9.6,31.5,41,24.5,6.8,4.6,14.6,20.3,114.8,FALSE
2023,19,Indiana Pacers,82,19755,41.4,88.3,0.46900000000000003,13.4,36.4,0.367,28,51.8,0.54,18.4,23.4,0.7899999999999999,10,30.9,40.9,26.6,7.6,5.7,14.7,20.9,114.6,FALSE
2023,20,Los Angeles Lakers,82,19880,41.9,87,0.48200000000000004,10.5,30.5,0.346,31.4,56.5,0.555,20.2,26,0.775,9.7,34.9,44.7,24.7,6.3,4.5,13.8,17.5,114.5,TRUE
2023,21,Washington Wizards,82,19755,42.6,87.9,0.48500000000000004,11.4,32.1,0.356,31.2,55.8,0.559,17.8,22.7,0.7849999999999999,9.5,34.6,44.1,25.7,6.9,5.2,14.3,19,114.4,FALSE
2023,22,New Orleans Pelicans,82,19855,42.1,87.6,0.48000000000000004,11,30.1,0.364,31.1,57.5,0.541,19.3,24.4,0.7929999999999999,10.6,33.2,43.7,25.9,8.3,4.1,14.6,20.5,114.4,FALSE
2023,23,Minnesota Timberwolves,82,19830,42.1,85.9,0.49,11.9,32.7,0.365,30.2,53.1,0.5680000000000001,17.6,23.3,0.755,9,32.2,41.1,25.7,7.9,5.3,15.1,21.2,113.7,TRUE
2023,24,Chicago Bulls,82,19905,42.7,87.1,0.49,10.4,29,0.361,32.2,58.1,0.555,17.7,21.9,0.809,8.5,34,42.5,24.5,7.9,4.5,13.4,19,113.5,FALSE
2023,25,Miami Heat,82,19805,40.5,88,0.46,12.3,35.9,0.344,28.1,52.1,0.54,19.7,23.7,0.8310000000000001,10,31.9,41.9,24.6,8.2,3.1,13.9,19.1,113,TRUE
2023,26,Orlando Magic,82,19780,40.6,86.4,0.47000000000000003,10.8,31.2,0.346,29.8,55.3,0.539,19.6,25,0.7839999999999999,10.2,33.1,43.3,23.3,7.4,4.7,15.1,20.2,111.6,FALSE
2023,27,Houston Rockets,82,19755,40.8,89.4,0.457,10.5,32.1,0.327,30.3,57.3,0.53,19.2,25.5,0.754,13.5,33.1,46.6,22.5,7.4,4.6,16.3,20.6,111.4,FALSE
2023,28,Detroit Pistons,82,19805,39.7,87.4,0.454,11.4,32.5,0.351,28.3,54.8,0.516,19.9,25.8,0.771,11.2,31.4,42.6,23.1,7,3.8,15.1,22.2,110.7,FALSE
2023,29,San Antonio Spurs,82,19855,42,90.3,0.465,10.8,31.4,0.345,31.2,58.9,0.529,15.4,20.7,0.743,11.5,31.1,42.6,26.5,6.8,3.8,14.9,19.4,110.2,FALSE
2023,30,Charlotte Hornets,82,19830,40.6,89,0.457,10.6,32,0.32999999999999996,30.1,56.9,0.528,17.4,23.2,0.749,10.8,33,43.8,24.7,7.6,5.1,14,19.9,109.2,FALSE
2024,1,Boston Celtics,82,19830,44.9,92.1,0.48700000000000004,16.8,43.4,0.388,28,48.8,0.5750000000000001,16.6,20.6,0.807,10.9,36.4,47.3,27.5,6.9,6.7,12.2,16.5,123.2,TRUE
2024,2,Indiana Pacers,82,19705,46.1,91,0.507,13,34.6,0.374,33.2,56.4,0.589,15.8,20.2,0.7819999999999999,9.9,30.9,40.8,30.2,7.6,5.8,12.7,21,121,TRUE
2024,3,Oklahoma City Thunder,82,19805,44.3,88.9,0.499,13.2,34,0.389,31.1,54.9,0.5670000000000001,17.6,21.4,0.8250000000000001,8.8,33.1,41.8,27,8.4,6.5,12.6,18.8,119.5,TRUE
2024,4,Los Angeles Clippers,82,19705,43.5,89,0.48900000000000005,13,34.1,0.381,30.5,55,0.555,18.8,22.8,0.8250000000000001,10.3,33.8,44.1,26.3,8,5.2,13.5,19,118.8,TRUE
2024,5,Denver Nuggets,82,19705,45.4,91.5,0.496,12,32.2,0.374,33.4,59.4,0.562,15.6,20.5,0.762,11.1,34.8,45.8,30.4,7.4,5.7,13,18.7,118.5,TRUE
2024,6,Milwaukee Bucks,82,19805,42.9,88.1,0.48700000000000004,14.1,37.9,0.373,28.8,50.2,0.5740000000000001,18.4,23.8,0.774,9.4,34.6,43.9,26.4,6.8,5,12.8,19.1,118.4,TRUE
2024,7,New York Knicks,82,19730,43.3,92.9,0.465,13.8,37.5,0.369,29.4,55.4,0.531,17.8,22.9,0.7799999999999999,13.3,34.1,47.3,25.5,7.8,4.3,13.9,18.5,118.2,TRUE
2024,8,Golden State Warriors,82,19830,43.7,91.7,0.47700000000000004,14.8,38.9,0.38,28.9,52.8,0.548,15.6,20.1,0.7799999999999999,12.2,34.6,46.7,29.3,7,4.6,14.3,19.5,117.8,FALSE
2024,9,Dallas Mavericks,82,19705,43,89.5,0.48100000000000004,14.6,39.5,0.369,28.5,50,0.5690000000000001,17,22.4,0.758,9.7,33.2,42.9,25.6,6.9,4.9,12.5,18.3,117.6,TRUE
2024,10,Phoenix Suns,82,19780,43,87.2,0.493,12.6,33,0.382,30.4,54.2,0.561,19.1,23.6,0.808,10.3,34.3,44.6,27.4,7.5,6.1,15.1,18.2,117.6,TRUE
2024,11,New Orleans Pelicans,82,19705,43.3,89.1,0.48600000000000004,12.7,33.3,0.383,30.6,55.9,0.548,18,23.3,0.771,10.6,34.2,44.8,27.5,8.5,4.7,13.3,18.8,117.4,TRUE
2024,12,Atlanta Hawks,82,19855,42.6,91.6,0.465,13.6,37.3,0.364,29,54.3,0.535,18.4,23,0.7969999999999999,12.4,31.9,44.2,26.3,7.4,4.5,13.4,18.4,117.2,FALSE
2024,13,Sacramento Kings,82,19855,43.5,91.2,0.47700000000000004,14.4,39.4,0.366,29,51.8,0.561,15.6,20.9,0.745,10.9,33.3,44.1,28.4,7.6,4.2,13.2,20,116.9,FALSE
2024,14,Philadelphia 76ers,82,19780,42.3,91.2,0.464,12.3,34,0.363,30,57.2,0.525,19.9,24.1,0.8260000000000001,11.3,32.5,43.8,25.4,8.6,6.1,12.2,20.7,116.9,TRUE
2024,15,Los Angeles Lakers,82,19855,42.9,86,0.499,11.6,30.8,0.377,31.3,55.2,0.5670000000000001,18.6,23.8,0.7819999999999999,8.1,34.2,42.3,28,7.2,5.4,13.7,15.4,115.9,TRUE
2024,16,Minnesota Timberwolves,82,19805,42.2,87,0.48500000000000004,12.9,33.5,0.387,29.3,53.6,0.546,18.2,23.5,0.777,9.6,35,44.6,27.3,8.1,6.2,14.5,19.3,115.6,TRUE
2024,17,Utah Jazz,82,19805,41.9,89.8,0.467,12.9,36.5,0.354,29,53.3,0.544,18.7,22.6,0.8300000000000001,12.2,33.2,45.4,27.2,6.5,5.6,15.7,18.6,115.5,FALSE
2024,18,Cleveland Cavaliers,82,19805,42.7,89.2,0.47900000000000004,13.8,37.6,0.367,28.9,51.5,0.561,15.9,20.8,0.765,10.1,34.2,44.3,28.7,7.5,4.7,13.9,17.9,115.2,TRUE
2024,19,Chicago Bulls,82,19980,43,91.6,0.47000000000000003,11.7,32.8,0.358,31.3,58.7,0.532,17.1,21.6,0.7909999999999999,11.4,33.4,44.8,25.6,8,4.9,12.5,19.2,114.9,FALSE
2024,20,Houston Rockets,82,19855,41.8,91.1,0.459,12.7,36.2,0.352,29.1,54.9,0.53,18.1,23.4,0.773,11.5,34,45.5,24.9,7.8,4.6,12.8,20.8,114.5,FALSE
2024,21,Miami Heat,82,19755,41.2,88.7,0.465,12.9,34.9,0.37,28.3,53.8,0.527,18.7,22.8,0.8180000000000001,9.7,34.1,43.8,26.7,7.8,3.5,13.1,17.9,114,TRUE
2024,22,Orlando Magic,82,19780,41.5,87.2,0.47600000000000003,11.3,32.1,0.352,30.2,55,0.549,19,25.1,0.759,10.8,32.6,43.4,25.3,8.4,5.3,15.1,20.3,113.4,TRUE
2024,23,Brooklyn Nets,82,19805,41.7,91.4,0.456,13.6,37.6,0.362,28.1,53.7,0.522,16.2,21.4,0.756,11.7,33.4,45.2,26.3,7,5.3,13.5,19,113.2,FALSE
2024,24,Toronto Raptors,82,19805,42.3,89.7,0.47100000000000003,11.5,33.1,0.347,30.8,56.6,0.543,16.3,21.6,0.756,10.9,31.8,42.6,28.5,7.7,4.7,14,18.4,112.3,FALSE
2024,25,Washington Wizards,82,19730,41.7,88.8,0.47000000000000003,12,34.5,0.348,29.7,54.2,0.548,15,19.6,0.764,8.9,31,39.9,27.1,7.4,4.9,13.6,19.4,110.5,FALSE
2024,26,San Antonio Spurs,82,19830,41.2,89,0.462,12.4,35.7,0.347,28.8,53.3,0.539,15.3,19.6,0.7819999999999999,10.2,33.3,43.4,29.3,7,6.2,14.9,16.9,110,FALSE
2024,27,Detroit Pistons,82,19755,40.8,88.1,0.463,11,31.7,0.348,29.8,56.4,0.528,17,21.7,0.7849999999999999,10.5,32.8,43.3,25.4,6.5,4.7,15.2,20.6,109.7,FALSE
2024,28,Charlotte Hornets,82,19730,41,89.2,0.46,12.4,34.9,0.355,28.7,54.3,0.528,14.9,18.9,0.7859999999999999,9.6,31.7,41.3,25.4,7,4.6,14.1,18.4,109.3,FALSE
2024,29,Portland Trail Blazers,82,19880,40.1,91.3,0.43900000000000006,11.7,33.8,0.345,28.4,57.5,0.494,16.5,20.9,0.7909999999999999,12.9,30.7,43.5,23.5,7.8,4.4,15.5,20.5,108.3,FALSE
2024,30,Memphis Grizzlies,82,19780,38.9,89.3,0.43500000000000005,13.2,38.3,0.346,25.6,51.1,0.502,16.3,21.3,0.764,11.1,32.1,43.2,25,8.3,6.2,15.3,19.3,107.2,FALSE
2025,1,Cleveland Cavaliers,82,19755,44.5,90.6,0.491,15.9,41.4,0.383,28.6,49.2,0.581,16.9,21.8,0.776,11.2,34.2,45.3,28,8.2,4.3,13.2,18.1,121.7,TRUE
2025,2,Boston Celtics,82,19830,43.2,93.3,0.462,18.4,50,0.368,24.7,43.3,0.5710000000000001,15.8,19.8,0.7989999999999999,11.8,35.2,47,27.1,7.4,5.7,12.3,16.5,120.6,TRUE
2025,3,Oklahoma City Thunder,82,19705,44.6,92.6,0.48200000000000004,14.5,38.8,0.374,30.1,53.8,0.559,16.7,20.4,0.8190000000000001,10.6,34.1,44.7,26.8,10.3,5.7,11.7,19.9,120.3,TRUE
2025,4,Denver Nuggets,82,19855,45.1,89.1,0.506,11.9,31.7,0.376,33.2,57.4,0.5780000000000001,17.8,23.1,0.77,11.1,34.3,45.4,30.8,7.9,4.9,14.2,17.5,119.9,TRUE
2025,5,New York Knicks,82,19880,44.3,91.3,0.48600000000000004,12.9,34.9,0.369,31.5,56.4,0.558,16.9,21.2,0.8,11.1,32.5,43.6,28.1,8.4,4,13.6,17.6,118.5,TRUE
2025,6,Memphis Grizzlies,82,19705,43.3,90.3,0.47900000000000004,13.5,36.6,0.367,29.8,53.6,0.556,17.7,22.5,0.7859999999999999,12.5,33.3,45.7,27.5,8.6,5.4,15.2,20.2,117.7,TRUE
2025,7,Sacramento Kings,82,19880,43.4,90.8,0.47800000000000004,12.7,35.5,0.357,30.7,55.3,0.555,17.2,21.4,0.806,11.1,33.5,44.6,26.7,7.6,4.4,13.4,19,116.7,FALSE
2025,8,Minnesota Timberwolves,82,19830,41.8,89.3,0.468,15.3,40.7,0.377,26.5,48.7,0.545,17.6,22.3,0.7889999999999999,11.3,33.9,45.2,26.6,8.1,5.1,14.8,18.6,116.6,TRUE
2025,9,Indiana Pacers,82,19855,43.3,88.7,0.48800000000000004,13.1,35.5,0.368,30.2,53.2,0.5680000000000001,16.9,21.4,0.7889999999999999,9.1,32.4,41.5,29,8.4,5.4,13.1,18.6,116.5,TRUE
2025,10,Phoenix Suns,82,19830,42.2,88.2,0.47800000000000004,14.7,38.8,0.378,27.5,49.4,0.556,17.2,21.2,0.81,9.8,33.7,43.4,28.4,7.4,4.9,14.4,18.3,116.2,FALSE
2025,11,Milwaukee Bucks,82,19755,42.2,86.7,0.48600000000000004,14.2,36.7,0.387,28,49.9,0.56,17.4,23.2,0.75,8.2,35.3,43.5,25.6,7.4,4.7,13.4,18,115.9,TRUE
2025,12,Los Angeles Lakers,82,19730,41.8,87.3,0.47900000000000004,13.6,37.2,0.366,28.2,50.2,0.562,18.6,23.7,0.7849999999999999,9.9,33.5,43.4,26.6,7.9,4.6,14.3,17.6,115.9,TRUE
2025,13,Houston Rockets,82,19780,42.9,94.2,0.455,12.8,36.2,0.353,30.1,58.1,0.518,16.8,22.8,0.738,14.8,34.1,48.9,23.6,8.5,5.1,14,19.2,115.3,TRUE
2025,14,Los Angeles Clippers,82,19805,42.4,87.9,0.48200000000000004,12.7,34,0.373,29.7,53.9,0.55,17.6,22.1,0.7969999999999999,10.5,34.2,44.6,25.7,9.6,4.6,15.2,18.7,115.1,TRUE
2025,15,Golden State Warriors,82,19730,41.2,91.4,0.451,15.6,42.8,0.364,25.6,48.5,0.528,17,22.3,0.764,12.7,33.2,45.9,29.4,9.5,4.8,14.2,19.4,115,TRUE
2025,16,Detroit Pistons,82,19805,42.5,89.4,0.47600000000000003,12.8,35.2,0.362,29.8,54.2,0.55,17.2,22.2,0.774,11.3,33.3,44.6,26.3,7.9,5.2,14.8,20.6,115,TRUE
2025,17,Dallas Mavericks,82,19730,42.2,88.2,0.47900000000000004,12.5,34.3,0.364,29.7,53.9,0.552,17.9,23.2,0.77,10.2,33.1,43.3,25.4,7.8,5.5,14.1,17.9,114.8,FALSE
2025,18,Atlanta Hawks,82,19780,42,89,0.47200000000000003,13.1,36.5,0.358,29,52.5,0.552,17.4,22.5,0.775,11.5,31.6,43.1,28.7,9.4,5,15.1,18.5,114.6,FALSE
2025,19,San Antonio Spurs,82,19730,42,90.2,0.465,14.2,39.8,0.357,27.8,50.4,0.551,16.3,21.1,0.774,11,32.9,43.9,28.8,8.3,5.6,13.9,16.7,114.4,FALSE
2025,20,Chicago Bulls,82,19755,41.9,89.1,0.47000000000000003,15,40.7,0.367,26.9,48.4,0.556,15.5,19.1,0.809,9.7,34.7,44.4,28.2,7.3,4.6,14.2,17.1,114.1,FALSE
2025,21,Miami Heat,82,19930,41.5,89.3,0.465,14.1,38.3,0.367,27.5,51,0.538,16.4,20.7,0.7909999999999999,10,34.5,44.5,27.1,8.4,3.9,13.9,16,113.5,TRUE
2025,22,Philadelphia 76ers,82,19805,40.5,89.2,0.454,13,38,0.34099999999999997,27.5,51.3,0.537,17.9,23,0.7799999999999999,10.6,30,40.6,23.7,9.4,4.6,13.9,19.4,111.9,FALSE
2025,23,Portland Trail Blazers,82,19780,40.8,90.9,0.45,13,38,0.34199999999999997,27.9,52.8,0.527,17,22.4,0.762,13.5,31.6,45.1,24,8.3,5.3,16.1,19.1,111.7,FALSE
2025,24,Utah Jazz,82,19805,40,88.1,0.454,13.9,39.6,0.35,26.2,48.5,0.54,17.2,22.2,0.774,11.9,33.2,45.1,25.4,6.7,4.4,17.1,18.8,111.2,FALSE
2025,25,Toronto Raptors,82,19805,41.5,90.7,0.458,11.8,33.9,0.348,29.7,56.8,0.523,15.7,21,0.748,12.6,32.4,45,28.4,8.1,4.2,15.3,21.1,110.5,FALSE
2025,26,New Orleans Pelicans,82,19755,40.8,90.3,0.452,12.1,34.8,0.347,28.8,55.5,0.518,16.6,22.1,0.754,12.2,31.7,43.8,26,8.6,5.3,14.7,18.4,110.4,FALSE
2025,27,Orlando Magic,82,19730,39.6,89,0.445,11.7,36.6,0.318,28,52.4,0.533,18.5,23.9,0.775,11.6,31.9,43.4,23.9,9.2,6.2,14.7,20.9,109.4,TRUE
2025,28,Brooklyn Nets,82,19780,38.8,88.8,0.43700000000000006,14,40.7,0.344,24.8,48.2,0.515,16.8,21.3,0.7869999999999999,11.3,31.4,42.6,26,8,4.4,15.7,21.4,108.5,FALSE
2025,29,Charlotte Hornets,82,19755,39.1,91,0.43000000000000005,13.3,39.1,0.33899999999999997,25.9,51.8,0.499,15.8,20.2,0.7829999999999999,12.5,33.6,46.1,24.8,7.6,4.6,15.8,19.1,107.3,FALSE
2025,30,Washington Wizards,82,19730,39,88.9,0.43900000000000006,13,38.7,0.33499999999999996,26,50.2,0.519,15.9,20.4,0.778,10.5,32.7,43.2,24.8,7.5,5.1,15.4,19.5,106.8,FALSE
2026,1,Denver Nuggets,82,19930,43.7,88.1,0.496,14.2,35.9,0.396,29.5,52.2,0.5650000000000001,20.9,25.9,0.808,9.8,34.3,44.1,29.1,6.9,4,12.9,19.2,122.6,TRUE
2026,2,Boston Celtics,82,19730,44.3,94.9,0.467,16.3,44.3,0.367,28.1,50.6,0.555,15.9,19.7,0.807,13.1,35.6,48.8,25.9,7.5,5.3,13,20,120.8,TRUE
2026,3,New York Knicks,82,19755,43.9,92,0.47800000000000004,14.7,39.3,0.373,29.3,52.6,0.556,17.3,21.9,0.7919999999999999,13.1,33.9,46.9,28.2,8.4,4,14,20.6,119.8,TRUE
2026,4,San Antonio Spurs,82,19730,43.4,89.7,0.48300000000000004,13.6,37.8,0.359,29.8,51.9,0.5740000000000001,19.3,24.5,0.7869999999999999,11.4,35.6,46.9,28,7.5,5.4,13.4,18.8,119.6,TRUE
2026,5,Charlotte Hornets,82,19755,42.1,91.5,0.46,16.9,44.5,0.378,25.3,47,0.538,18.3,22.3,0.8180000000000001,13.2,34.3,47.4,27.1,7.2,4.6,15.9,19.6,119.4,FALSE
2026,6,Cleveland Cavaliers,82,19755,43.2,89.8,0.48200000000000004,14.3,39.7,0.36,29,50.1,0.5780000000000001,18.5,23.8,0.776,11.7,32.6,44.3,28.2,8.5,5,14,19.5,119.2,TRUE
2026,7,Oklahoma City Thunder,82,19855,43,89,0.48400000000000004,13.8,37.9,0.365,29.2,51.1,0.5720000000000001,19,23.2,0.8170000000000001,9.5,34.5,44.1,25.7,9.7,5.5,12.6,18.9,118.9,TRUE
2026,8,Houston Rockets,82,19905,44.2,92.4,0.47900000000000004,11.8,32.4,0.364,32.4,60,0.54,18.4,24.1,0.763,15.5,34,49.5,26.1,8.8,5.9,15.8,18.8,118.6,TRUE
2026,9,Los Angeles Lakers,82,19705,42.7,85,0.502,12,33.5,0.359,30.7,51.6,0.595,20.7,27.2,0.763,9.6,32,41.6,26.3,8.7,4.3,14.7,18.8,118.2,TRUE
2026,10,Detroit Pistons,82,19805,43.5,89.6,0.48500000000000004,11,30.9,0.356,32.5,58.7,0.553,20,26.2,0.763,13.1,32.5,45.6,27.9,10.5,6.4,15.2,22,117.9,TRUE
2026,11,Los Angeles Clippers,82,19780,41.8,86.2,0.48400000000000004,12.8,34.9,0.368,29,51.4,0.5640000000000001,20.9,25.5,0.8230000000000001,9.9,32,41.9,24.5,9.3,5,14.8,19.5,117.3,FALSE
2026,12,Minnesota Timberwolves,82,19780,42.2,87.6,0.48100000000000004,13.6,36.8,0.37,28.6,50.8,0.562,18.8,25,0.752,10.9,32.7,43.6,25.8,8.7,5.7,14.7,21,116.8,TRUE
2026,13,Miami Heat,82,19705,42.2,90.1,0.468,13.2,36.6,0.361,29,53.5,0.542,19.1,24.2,0.7919999999999999,11.4,33.3,44.7,28,8.3,4.1,13.2,18.2,116.7,FALSE
2026,14,Atlanta Hawks,82,19755,42.7,90.1,0.47400000000000003,14.4,38.7,0.371,28.4,51.4,0.552,16.3,21.1,0.774,10.8,31.9,42.7,29.5,9.2,4.6,13.9,19.3,116.1,TRUE
2026,15,Toronto Raptors,82,19780,43.1,89.4,0.48200000000000004,11.5,32.5,0.354,31.6,56.9,0.555,18.2,23.7,0.769,11,31.5,42.6,29.8,8.9,4.9,13.8,21.1,115.9,TRUE
2026,16,Philadelphia 76ers,82,19880,41.5,89.9,0.462,12.3,35.2,0.349,29.3,54.7,0.535,20,24.7,0.809,11.7,31.7,43.5,24.5,9.1,5.6,13.6,20.2,115.4,TRUE
2026,17,Phoenix Suns,82,19755,42,92.4,0.455,15.1,41.9,0.361,26.9,50.5,0.533,16.2,20.8,0.7809999999999999,13.3,30.9,44.2,25.3,9.8,4.3,14.9,21.1,115.4,TRUE
2026,18,Golden State Warriors,82,19805,41.1,89.1,0.461,15.7,44.3,0.356,25.3,44.8,0.5650000000000001,17.1,21.2,0.807,11.4,31.1,42.5,29,9.7,4.2,15.7,19.7,115,FALSE
2026,19,Orlando Magic,82,19830,40.7,87.7,0.464,11.6,33.9,0.34299999999999997,29.1,53.8,0.54,21.8,27.3,0.801,10.9,32.2,43.1,26.4,8.4,4.7,14.1,20.8,114.9,TRUE
2026,20,New Orleans Pelicans,82,19805,41.7,89.6,0.466,11,31.8,0.347,30.7,57.8,0.531,19.9,25.4,0.7839999999999999,12.1,31.4,43.5,24.9,8.8,5.1,14,19.7,114.4,FALSE
2026,21,Portland Trail Blazers,82,19755,40.5,89.3,0.453,14.3,41.8,0.34299999999999997,26.2,47.5,0.551,19.1,25,0.765,14,31.6,45.6,24.9,8.2,5.4,17.1,19.7,114.4,TRUE
2026,22,Utah Jazz,82,19830,41.3,88.4,0.467,12.3,35.6,0.345,29,52.8,0.55,19.3,24.5,0.7859999999999999,11.6,30.9,42.5,28.7,8.6,3.7,15,20.5,114.1,FALSE
2026,23,Chicago Bulls,82,19755,41.2,87.9,0.46900000000000003,13.9,38.9,0.356,27.3,48.9,0.559,16.8,21.6,0.776,10.1,33.7,43.8,27.7,7.4,4.9,14.9,18.5,113,FALSE
2026,24,Memphis Grizzlies,82,19730,40.7,89.2,0.456,13.7,38.9,0.353,27,50.3,0.536,17.8,22.4,0.7929999999999999,11,30.5,41.5,27.4,8.7,4.7,14.8,20.2,112.9,FALSE
2026,25,Milwaukee Bucks,82,19755,41.6,87.3,0.47700000000000004,15.4,39.9,0.387,26.2,47.4,0.553,14.2,19.5,0.73,9.1,32.5,41.6,26.3,7.6,4.1,15.5,20.1,112.9,FALSE
2026,26,Sacramento Kings,82,19755,41.7,89.4,0.467,10.3,30.3,0.33999999999999997,31.4,59,0.532,17.7,22.9,0.772,11.5,30.9,42.4,25.6,8.1,4.6,14.4,19.8,111.4,FALSE
2026,27,Dallas Mavericks,82,19855,40.8,87.5,0.466,10.7,31.1,0.344,30.1,56.4,0.533,18.9,25.1,0.755,10.3,33.3,43.6,24.6,7.4,5,14.2,17.9,111.2,FALSE
2026,28,Washington Wizards,82,19755,41.1,88.8,0.463,12.8,35.8,0.359,28.3,53,0.533,16,20.8,0.766,10.8,30.4,41.2,24.6,7.9,5.4,15.4,21,111,FALSE
2026,29,Indiana Pacers,82,19755,40.2,87.9,0.458,13.2,37.1,0.356,27.1,50.8,0.533,17.2,22.2,0.776,9.7,31.7,41.4,27.3,7.3,4.5,14.3,20.6,110.9,FALSE
2026,30,Brooklyn Nets,82,19755,38.4,86.8,0.443,13.4,39.5,0.33999999999999997,25,47.3,0.528,18.4,23.6,0.7799999999999999,10.6,29.8,40.4,25.7,8.2,4.4,16.2,21.6,108.7,FALSE
